Datetime,Temperature,Cloud_Cover,Wind_Speed,Shortwave_Radiation
2025-01-01 00:00:00,1.2,10,14.0,0.0
2025-01-01 01:00:00,0.5,1,12.4,0.0
2025-01-01 02:00:00,0.1,2,10.3,0.0
2025-01-01 03:00:00,-0.4,0,10.3,0.0
2025-01-01 04:00:00,-0.2,0,12.2,0.0
2025-01-01 05:00:00,-0.5,0,13.1,0.0
2025-01-01 06:00:00,-0.4,0,15.2,0.0
2025-01-01 07:00:00,0.9,0,17.4,40.0
2025-01-01 08:00:00,3.0,0,18.6,141.0
2025-01-01 09:00:00,4.7,7,16.3,227.0
2025-01-01 10:00:00,6.1,1,16.6,276.0
2025-01-01 11:00:00,7.1,0,16.3,278.0
2025-01-01 12:00:00,7.4,0,22.2,234.0
2025-01-01 13:00:00,6.9,0,20.9,149.0
2025-01-01 14:00:00,5.3,3,19.8,47.0
2025-01-01 15:00:00,4.3,6,20.2,0.0
2025-01-01 16:00:00,3.8,30,20.1,0.0
2025-01-01 17:00:00,3.4,64,19.9,0.0
2025-01-01 18:00:00,3.1,98,20.0,0.0
2025-01-01 19:00:00,3.0,100,20.3,0.0
2025-01-01 20:00:00,3.0,30,21.3,0.0
2025-01-01 21:00:00,3.2,17,21.7,0.0
2025-01-01 22:00:00,3.2,5,22.0,0.0
2025-01-01 23:00:00,3.0,0,22.3,0.0
2025-01-02 00:00:00,2.8,0,22.2,0.0
2025-01-02 01:00:00,3.8,0,24.3,0.0
2025-01-02 02:00:00,3.8,0,24.6,0.0
2025-01-02 03:00:00,3.7,0,24.3,0.0
2025-01-02 04:00:00,3.5,0,23.6,0.0
2025-01-02 05:00:00,3.3,0,23.9,0.0
2025-01-02 06:00:00,3.3,0,23.6,0.0
2025-01-02 07:00:00,4.2,0,23.3,42.0
2025-01-02 08:00:00,5.8,0,23.1,145.0
2025-01-02 09:00:00,7.1,0,19.4,233.0
2025-01-02 10:00:00,7.9,0,21.9,282.0
2025-01-02 11:00:00,8.5,0,21.8,283.0
2025-01-02 12:00:00,8.5,0,20.2,238.0
2025-01-02 13:00:00,9.0,0,24.4,151.0
2025-01-02 14:00:00,7.6,0,24.1,49.0
2025-01-02 15:00:00,6.8,0,24.0,0.0
2025-01-02 16:00:00,6.4,22,23.1,0.0
2025-01-02 17:00:00,5.7,91,21.0,0.0
2025-01-02 18:00:00,4.9,94,19.8,0.0
2025-01-02 19:00:00,4.2,97,18.4,0.0
2025-01-02 20:00:00,3.3,95,18.1,0.0
2025-01-02 21:00:00,2.8,99,17.5,0.0
2025-01-02 22:00:00,2.4,97,15.2,0.0
2025-01-02 23:00:00,1.5,100,12.9,0.0
2025-01-03 00:00:00,0.6,100,12.2,0.0
2025-01-03 01:00:00,1.5,100,13.7,0.0
2025-01-03 02:00:00,1.5,100,13.0,0.0
2025-01-03 03:00:00,1.4,100,11.1,0.0
2025-01-03 04:00:00,1.0,100,8.6,0.0
2025-01-03 05:00:00,1.0,100,9.7,0.0
2025-01-03 06:00:00,1.2,100,9.4,0.0
2025-01-03 07:00:00,0.9,100,10.2,7.0
2025-01-03 08:00:00,0.9,100,11.1,20.0
2025-01-03 09:00:00,0.9,100,13.1,25.0
2025-01-03 10:00:00,0.9,100,13.4,35.0
2025-01-03 11:00:00,1.1,100,13.3,83.0
2025-01-03 12:00:00,1.1,100,11.8,71.0
2025-01-03 13:00:00,0.8,100,9.6,43.0
2025-01-03 14:00:00,0.3,100,7.3,16.0
2025-01-03 15:00:00,-0.3,100,7.2,0.0
2025-01-03 16:00:00,-0.5,100,8.3,0.0
2025-01-03 17:00:00,-1.3,25,9.4,0.0
2025-01-03 18:00:00,-2.5,69,10.1,0.0
2025-01-03 19:00:00,-2.5,93,8.6,0.0
2025-01-03 20:00:00,-1.2,89,10.3,0.0
2025-01-03 21:00:00,-2.0,31,15.2,0.0
2025-01-03 22:00:00,-2.8,85,13.4,0.0
2025-01-03 23:00:00,-2.6,97,13.5,0.0
2025-01-04 00:00:00,-2.0,100,15.3,0.0
2025-01-04 01:00:00,-2.0,3,15.7,0.0
2025-01-04 02:00:00,-2.2,7,16.4,0.0
2025-01-04 03:00:00,-2.3,14,18.2,0.0
2025-01-04 04:00:00,-2.4,36,19.6,0.0
2025-01-04 05:00:00,-2.4,100,20.4,0.0
2025-01-04 06:00:00,-2.0,99,23.5,0.0
2025-01-04 07:00:00,-1.0,44,24.9,27.0
2025-01-04 08:00:00,-0.5,1,23.8,128.0
2025-01-04 09:00:00,-0.1,12,27.8,234.0
2025-01-04 10:00:00,0.2,24,29.3,282.0
2025-01-04 11:00:00,0.2,95,29.4,276.0
2025-01-04 12:00:00,-0.8,100,29.4,149.0
2025-01-04 13:00:00,-1.3,100,27.0,49.0
2025-01-04 14:00:00,-1.6,74,24.7,15.0
2025-01-04 15:00:00,-2.3,3,26.0,0.0
2025-01-04 16:00:00,-3.0,3,25.9,0.0
2025-01-04 17:00:00,-3.3,0,23.0,0.0
2025-01-04 18:00:00,-3.4,0,22.5,0.0
2025-01-04 19:00:00,-3.7,0,21.0,0.0
2025-01-04 20:00:00,-4.0,0,19.7,0.0
2025-01-04 21:00:00,-4.2,0,18.6,0.0
2025-01-04 22:00:00,-4.6,0,17.2,0.0
2025-01-04 23:00:00,-4.8,0,15.9,0.0
2025-01-05 00:00:00,-5.2,1,15.5,0.0
2025-01-05 01:00:00,-5.8,0,14.2,0.0
2025-01-05 02:00:00,-6.1,0,13.1,0.0
2025-01-05 03:00:00,-6.4,0,11.9,0.0
2025-01-05 04:00:00,-6.6,0,11.4,0.0
2025-01-05 05:00:00,-6.8,0,10.6,0.0
2025-01-05 06:00:00,-6.9,0,10.0,0.0
2025-01-05 07:00:00,-5.9,0,10.5,43.0
2025-01-05 08:00:00,-4.6,0,11.4,149.0
2025-01-05 09:00:00,-3.0,0,10.2,241.0
2025-01-05 10:00:00,-1.8,0,11.6,292.0
2025-01-05 11:00:00,-1.0,2,14.8,292.0
2025-01-05 12:00:00,-0.9,30,15.6,246.0
2025-01-05 13:00:00,-1.2,93,13.4,83.0
2025-01-05 14:00:00,-1.6,16,13.6,33.0
2025-01-05 15:00:00,-3.3,19,12.2,0.0
2025-01-05 16:00:00,-3.8,25,13.5,0.0
2025-01-05 17:00:00,-4.0,100,15.0,0.0
2025-01-05 18:00:00,-3.3,91,16.1,0.0
2025-01-05 19:00:00,-3.2,100,16.0,0.0
2025-01-05 20:00:00,-2.6,95,17.0,0.0
2025-01-05 21:00:00,-2.8,56,16.1,0.0
2025-01-05 22:00:00,-3.3,100,14.6,0.0
2025-01-05 23:00:00,-3.2,100,14.1,0.0
2025-01-06 00:00:00,-3.6,100,13.0,0.0
2025-01-06 01:00:00,-3.8,100,12.9,0.0
2025-01-06 02:00:00,-3.5,100,14.8,0.0
2025-01-06 03:00:00,-3.5,100,15.4,0.0
2025-01-06 04:00:00,-3.4,100,15.8,0.0
2025-01-06 05:00:00,-2.8,100,17.8,0.0
2025-01-06 06:00:00,-2.3,100,17.9,0.0
2025-01-06 07:00:00,-1.5,100,18.7,25.0
2025-01-06 08:00:00,-0.6,100,16.2,56.0
2025-01-06 09:00:00,-0.3,98,16.4,53.0
2025-01-06 10:00:00,1.4,100,22.0,199.0
2025-01-06 11:00:00,1.0,100,17.4,62.0
2025-01-06 12:00:00,1.1,100,17.9,64.0
2025-01-06 13:00:00,0.8,100,15.7,42.0
2025-01-06 14:00:00,0.8,100,15.5,15.0
2025-01-06 15:00:00,1.0,99,15.1,0.0
2025-01-06 16:00:00,1.2,100,15.3,0.0
2025-01-06 17:00:00,0.9,78,16.2,0.0
2025-01-06 18:00:00,0.6,69,16.5,0.0
2025-01-06 19:00:00,0.8,47,17.2,0.0
2025-01-06 20:00:00,0.9,72,17.7,0.0
2025-01-06 21:00:00,1.2,96,17.6,0.0
2025-01-06 22:00:00,0.6,96,16.9,0.0
2025-01-06 23:00:00,0.3,89,16.9,0.0
2025-01-07 00:00:00,0.1,79,16.3,0.0
2025-01-07 01:00:00,0.5,94,15.1,0.0
2025-01-07 02:00:00,0.4,40,14.5,0.0
2025-01-07 03:00:00,0.2,27,14.3,0.0
2025-01-07 04:00:00,0.2,43,14.8,0.0
2025-01-07 05:00:00,0.2,61,14.7,0.0
2025-01-07 06:00:00,0.1,95,14.7,0.0
2025-01-07 07:00:00,0.9,58,16.7,40.0
2025-01-07 08:00:00,2.7,84,17.6,139.0
2025-01-07 09:00:00,4.7,82,14.8,222.0
2025-01-07 10:00:00,7.1,86,13.7,270.0
2025-01-07 11:00:00,8.8,58,13.2,273.0
2025-01-07 12:00:00,9.1,78,18.3,230.0
2025-01-07 13:00:00,6.8,88,15.1,140.0
2025-01-07 14:00:00,4.8,95,14.5,47.0
2025-01-07 15:00:00,3.4,93,14.3,1.0
2025-01-07 16:00:00,2.8,86,14.3,0.0
2025-01-07 17:00:00,2.3,98,15.4,0.0
2025-01-07 18:00:00,1.8,100,16.1,0.0
2025-01-07 19:00:00,1.5,100,17.9,0.0
2025-01-07 20:00:00,1.9,100,16.9,0.0
2025-01-07 21:00:00,2.2,100,17.0,0.0
2025-01-07 22:00:00,2.5,100,18.7,0.0
2025-01-07 23:00:00,2.0,100,18.7,0.0
2025-01-08 00:00:00,1.8,67,18.7,0.0
2025-01-08 01:00:00,3.0,41,17.7,0.0
2025-01-08 02:00:00,2.7,97,17.7,0.0
2025-01-08 03:00:00,2.3,33,16.7,0.0
2025-01-08 04:00:00,1.9,38,15.1,0.0
2025-01-08 05:00:00,1.8,76,14.8,0.0
2025-01-08 06:00:00,1.8,51,12.2,0.0
2025-01-08 07:00:00,2.6,57,13.4,39.0
2025-01-08 08:00:00,4.1,36,12.4,135.0
2025-01-08 09:00:00,5.7,30,10.1,220.0
2025-01-08 10:00:00,6.8,73,8.6,234.0
2025-01-08 11:00:00,7.4,92,8.1,261.0
2025-01-08 12:00:00,7.4,76,8.3,204.0
2025-01-08 13:00:00,5.9,96,3.2,152.0
2025-01-08 14:00:00,3.3,100,6.8,48.0
2025-01-08 15:00:00,2.9,100,11.6,1.0
2025-01-08 16:00:00,3.2,100,12.8,0.0
2025-01-08 17:00:00,3.2,100,17.3,0.0
2025-01-08 18:00:00,3.9,100,21.8,0.0
2025-01-08 19:00:00,5.0,100,24.6,0.0
2025-01-08 20:00:00,6.1,100,26.9,0.0
2025-01-08 21:00:00,6.4,100,24.7,0.0
2025-01-08 22:00:00,7.1,99,23.6,0.0
2025-01-08 23:00:00,6.3,83,26.0,0.0
2025-01-09 00:00:00,4.8,100,19.8,0.0
2025-01-09 01:00:00,5.1,93,14.5,0.0
2025-01-09 02:00:00,3.0,97,14.2,0.0
2025-01-09 03:00:00,2.0,33,12.4,0.0
2025-01-09 04:00:00,0.9,14,10.8,0.0
2025-01-09 05:00:00,0.0,100,5.3,0.0
2025-01-09 06:00:00,1.1,100,0.3,0.0
2025-01-09 07:00:00,1.5,100,8.1,13.0
2025-01-09 08:00:00,2.1,100,6.1,86.0
2025-01-09 09:00:00,3.2,99,11.0,175.0
2025-01-09 10:00:00,4.8,97,13.0,267.0
2025-01-09 11:00:00,5.9,100,13.4,262.0
2025-01-09 12:00:00,6.6,97,15.2,207.0
2025-01-09 13:00:00,6.9,83,14.7,78.0
2025-01-09 14:00:00,6.3,74,14.7,47.0
2025-01-09 15:00:00,5.3,48,15.4,1.0
2025-01-09 16:00:00,4.6,17,14.9,0.0
2025-01-09 17:00:00,4.2,1,15.1,0.0
2025-01-09 18:00:00,4.1,0,15.9,0.0
2025-01-09 19:00:00,4.1,0,17.3,0.0
2025-01-09 20:00:00,4.2,0,17.9,0.0
2025-01-09 21:00:00,4.0,0,18.0,0.0
2025-01-09 22:00:00,3.8,0,17.9,0.0
2025-01-09 23:00:00,3.3,0,16.8,0.0
2025-01-10 00:00:00,3.1,24,16.0,0.0
2025-01-10 01:00:00,3.5,48,17.5,0.0
2025-01-10 02:00:00,3.5,18,18.0,0.0
2025-01-10 03:00:00,3.4,0,17.8,0.0
2025-01-10 04:00:00,3.2,0,18.6,0.0
2025-01-10 05:00:00,3.0,92,20.3,0.0
2025-01-10 06:00:00,3.5,100,20.9,0.0
2025-01-10 07:00:00,4.6,100,21.3,16.0
2025-01-10 08:00:00,5.4,100,21.4,46.0
2025-01-10 09:00:00,6.4,100,20.4,58.0
2025-01-10 10:00:00,7.5,100,23.4,92.0
2025-01-10 11:00:00,7.7,100,29.8,74.0
2025-01-10 12:00:00,8.1,100,22.4,76.0
2025-01-10 13:00:00,8.2,100,20.6,49.0
2025-01-10 14:00:00,8.1,100,19.2,19.0
2025-01-10 15:00:00,7.8,100,18.2,0.0
2025-01-10 16:00:00,7.6,100,16.8,0.0
2025-01-10 17:00:00,7.6,100,14.8,0.0
2025-01-10 18:00:00,7.5,100,14.9,0.0
2025-01-10 19:00:00,7.3,100,14.0,0.0
2025-01-10 20:00:00,7.2,100,14.3,0.0
2025-01-10 21:00:00,2.2,100,24.0,0.0
2025-01-10 22:00:00,1.1,100,21.7,0.0
2025-01-10 23:00:00,0.8,100,20.2,0.0
2025-01-11 00:00:00,0.6,100,17.4,0.0
2025-01-11 01:00:00,0.5,100,17.4,0.0
2025-01-11 02:00:00,0.2,100,15.8,0.0
2025-01-11 03:00:00,0.2,100,16.1,0.0
2025-01-11 04:00:00,0.2,100,17.1,0.0
2025-01-11 05:00:00,0.1,100,17.4,0.0
2025-01-11 06:00:00,-0.2,100,15.9,0.0
2025-01-11 07:00:00,-0.2,100,19.2,20.0
2025-01-11 08:00:00,-0.1,99,20.3,75.0
2025-01-11 09:00:00,0.6,100,20.8,123.0
2025-01-11 10:00:00,1.0,94,19.8,155.0
2025-01-11 11:00:00,1.6,69,17.6,204.0
2025-01-11 12:00:00,2.1,100,17.6,201.0
2025-01-11 13:00:00,0.2,14,8.8,135.0
2025-01-11 14:00:00,-1.4,0,8.3,68.0
2025-01-11 15:00:00,-2.2,0,10.2,2.0
2025-01-11 16:00:00,-2.5,0,11.0,0.0
2025-01-11 17:00:00,-2.9,0,10.9,0.0
2025-01-11 18:00:00,-3.2,3,11.4,0.0
2025-01-11 19:00:00,-3.3,4,11.1,0.0
2025-01-11 20:00:00,-3.5,0,10.6,0.0
2025-01-11 21:00:00,-3.8,0,9.7,0.0
2025-01-11 22:00:00,-4.2,0,8.8,0.0
2025-01-11 23:00:00,-4.8,0,7.9,0.0
2025-01-12 00:00:00,-5.1,0,8.1,0.0
2025-01-12 01:00:00,-4.2,0,10.1,0.0
2025-01-12 02:00:00,-4.3,100,9.9,0.0
2025-01-12 03:00:00,-4.2,100,10.0,0.0
2025-01-12 04:00:00,-4.2,93,10.1,0.0
2025-01-12 05:00:00,-4.7,88,9.8,0.0
2025-01-12 06:00:00,-4.8,50,10.0,0.0
2025-01-12 07:00:00,-4.1,100,10.2,48.0
2025-01-12 08:00:00,-2.8,100,8.7,110.0
2025-01-12 09:00:00,-1.9,100,8.7,179.0
2025-01-12 10:00:00,-1.1,100,10.2,218.0
2025-01-12 11:00:00,-0.8,100,9.7,249.0
2025-01-12 12:00:00,-0.8,63,9.5,194.0
2025-01-12 13:00:00,-1.1,9,8.9,164.0
2025-01-12 14:00:00,-2.5,4,8.3,69.0
2025-01-12 15:00:00,-3.7,9,8.5,2.0
2025-01-12 16:00:00,-4.1,60,8.8,0.0
2025-01-12 17:00:00,-4.2,100,8.7,0.0
2025-01-12 18:00:00,-4.1,100,7.5,0.0
2025-01-12 19:00:00,-2.4,100,6.9,0.0
2025-01-12 20:00:00,-1.9,25,7.1,0.0
2025-01-12 21:00:00,-4.0,74,6.7,0.0
2025-01-12 22:00:00,-3.5,91,6.0,0.0
2025-01-12 23:00:00,-3.5,68,5.2,0.0
2025-01-13 00:00:00,-3.5,94,4.6,0.0
2025-01-13 01:00:00,-4.4,55,3.9,0.0
2025-01-13 02:00:00,-4.3,92,5.2,0.0
2025-01-13 03:00:00,-3.7,87,7.6,0.0
2025-01-13 04:00:00,-4.7,8,8.0,0.0
2025-01-13 05:00:00,-5.2,0,9.4,0.0
2025-01-13 06:00:00,-5.3,34,9.3,0.0
2025-01-13 07:00:00,-4.4,100,11.1,45.0
2025-01-13 08:00:00,-3.0,100,12.6,112.0
2025-01-13 09:00:00,-2.2,96,13.0,166.0
2025-01-13 10:00:00,-1.5,93,14.0,237.0
2025-01-13 11:00:00,-0.9,88,14.2,236.0
2025-01-13 12:00:00,-0.9,99,14.5,174.0
2025-01-13 13:00:00,-1.4,98,11.4,82.0
2025-01-13 14:00:00,-1.5,100,8.8,32.0
2025-01-13 15:00:00,-1.8,100,9.7,2.0
2025-01-13 16:00:00,-1.9,100,12.0,0.0
2025-01-13 17:00:00,-2.0,100,12.4,0.0
2025-01-13 18:00:00,-2.2,100,10.7,0.0
2025-01-13 19:00:00,-2.4,100,8.2,0.0
2025-01-13 20:00:00,-2.4,100,9.4,0.0
2025-01-13 21:00:00,-2.5,100,11.9,0.0
2025-01-13 22:00:00,-2.3,100,14.9,0.0
2025-01-13 23:00:00,-2.8,100,13.8,0.0
2025-01-14 00:00:00,-3.5,82,8.1,0.0
2025-01-14 01:00:00,-3.5,100,5.8,0.0
2025-01-14 02:00:00,-3.0,99,9.7,0.0
2025-01-14 03:00:00,-3.0,63,13.4,0.0
2025-01-14 04:00:00,-4.4,77,14.7,0.0
2025-01-14 05:00:00,-4.5,95,15.7,0.0
2025-01-14 06:00:00,-4.0,75,13.9,0.0
2025-01-14 07:00:00,-4.4,56,12.3,42.0
2025-01-14 08:00:00,-4.0,67,13.9,164.0
2025-01-14 09:00:00,-3.4,37,17.0,252.0
2025-01-14 10:00:00,-3.2,7,15.9,315.0
2025-01-14 11:00:00,-3.0,5,15.3,324.0
2025-01-14 12:00:00,-2.8,99,15.3,282.0
2025-01-14 13:00:00,-2.5,100,16.5,156.0
2025-01-14 14:00:00,-2.9,93,17.9,71.0
2025-01-14 15:00:00,-2.8,100,19.9,2.0
2025-01-14 16:00:00,-2.3,97,21.4,0.0
2025-01-14 17:00:00,-2.6,100,20.7,0.0
2025-01-14 18:00:00,-2.3,100,20.0,0.0
2025-01-14 19:00:00,-2.0,100,19.5,0.0
2025-01-14 20:00:00,-1.6,100,19.2,0.0
2025-01-14 21:00:00,-1.5,100,18.8,0.0
2025-01-14 22:00:00,-1.5,100,18.0,0.0
2025-01-14 23:00:00,-1.9,100,17.3,0.0
2025-01-15 00:00:00,-1.8,100,17.2,0.0
2025-01-15 01:00:00,-1.5,100,18.1,0.0
2025-01-15 02:00:00,-1.9,100,17.5,0.0
2025-01-15 03:00:00,-1.9,100,16.7,0.0
2025-01-15 04:00:00,-1.9,100,15.5,0.0
2025-01-15 05:00:00,-1.8,100,14.3,0.0
2025-01-15 06:00:00,-1.5,100,13.1,0.0
2025-01-15 07:00:00,-1.1,100,12.6,28.0
2025-01-15 08:00:00,-0.4,100,9.9,83.0
2025-01-15 09:00:00,0.2,100,11.4,132.0
2025-01-15 10:00:00,0.7,100,11.9,157.0
2025-01-15 11:00:00,0.8,100,11.5,189.0
2025-01-15 12:00:00,0.8,91,11.0,200.0
2025-01-15 13:00:00,0.9,100,10.8,84.0
2025-01-15 14:00:00,0.6,100,9.4,33.0
2025-01-15 15:00:00,0.1,100,9.0,2.0
2025-01-15 16:00:00,0.0,100,8.6,0.0
2025-01-15 17:00:00,-0.1,100,8.8,0.0
2025-01-15 18:00:00,-0.2,100,9.9,0.0
2025-01-15 19:00:00,-0.2,100,9.3,0.0
2025-01-15 20:00:00,-0.2,100,8.8,0.0
2025-01-15 21:00:00,-0.2,100,8.2,0.0
2025-01-15 22:00:00,-0.2,100,8.8,0.0
2025-01-15 23:00:00,-0.2,100,9.8,0.0
2025-01-16 00:00:00,-0.2,100,10.1,0.0
2025-01-16 01:00:00,-0.4,100,8.5,0.0
2025-01-16 02:00:00,-0.8,100,8.3,0.0
2025-01-16 03:00:00,-0.6,100,7.8,0.0
2025-01-16 04:00:00,-0.4,100,7.6,0.0
2025-01-16 05:00:00,-0.4,100,8.8,0.0
2025-01-16 06:00:00,-0.3,100,9.8,0.0
2025-01-16 07:00:00,-0.2,100,11.6,16.0
2025-01-16 08:00:00,0.2,100,10.2,49.0
2025-01-16 09:00:00,0.6,100,10.9,90.0
2025-01-16 10:00:00,1.0,100,10.9,138.0
2025-01-16 11:00:00,1.5,100,11.7,160.0
2025-01-16 12:00:00,1.6,100,11.0,129.0
2025-01-16 13:00:00,0.9,100,12.4,94.0
2025-01-16 14:00:00,0.6,100,12.0,32.0
2025-01-16 15:00:00,0.5,100,12.9,2.0
2025-01-16 16:00:00,0.3,100,14.8,0.0
2025-01-16 17:00:00,0.3,100,16.1,0.0
2025-01-16 18:00:00,0.6,100,17.8,0.0
2025-01-16 19:00:00,0.9,100,18.6,0.0
2025-01-16 20:00:00,1.0,100,20.0,0.0
2025-01-16 21:00:00,0.9,100,21.0,0.0
2025-01-16 22:00:00,0.8,100,20.6,0.0
2025-01-16 23:00:00,0.7,100,19.7,0.0
2025-01-17 00:00:00,0.8,98,19.9,0.0
2025-01-17 01:00:00,-0.1,100,18.2,0.0
2025-01-17 02:00:00,0.2,99,18.0,0.0
2025-01-17 03:00:00,0.2,100,18.6,0.0
2025-01-17 04:00:00,0.4,100,19.6,0.0
2025-01-17 05:00:00,0.5,100,19.4,0.0
2025-01-17 06:00:00,0.5,100,18.4,0.0
2025-01-17 07:00:00,0.6,100,18.9,11.0
2025-01-17 08:00:00,0.9,100,18.6,40.0
2025-01-17 09:00:00,1.2,100,18.6,58.0
2025-01-17 10:00:00,1.4,100,19.4,88.0
2025-01-17 11:00:00,1.7,100,20.3,73.0
2025-01-17 12:00:00,1.6,100,20.0,59.0
2025-01-17 13:00:00,1.4,100,19.1,40.0
2025-01-17 14:00:00,1.0,100,18.2,18.0
2025-01-17 15:00:00,0.9,100,17.6,1.0
2025-01-17 16:00:00,0.8,100,16.7,0.0
2025-01-17 17:00:00,0.7,100,16.2,0.0
2025-01-17 18:00:00,0.6,100,15.4,0.0
2025-01-17 19:00:00,0.6,100,15.9,0.0
2025-01-17 20:00:00,0.6,100,16.4,0.0
2025-01-17 21:00:00,0.7,100,16.9,0.0
2025-01-17 22:00:00,0.7,100,16.3,0.0
2025-01-17 23:00:00,0.7,100,15.7,0.0
2025-01-18 00:00:00,0.6,100,15.0,0.0
2025-01-18 01:00:00,0.9,100,13.9,0.0
2025-01-18 02:00:00,0.9,100,13.8,0.0
2025-01-18 03:00:00,0.9,100,13.1,0.0
2025-01-18 04:00:00,0.9,100,14.3,0.0
2025-01-18 05:00:00,0.9,100,13.8,0.0
2025-01-18 06:00:00,0.9,100,15.7,0.0
2025-01-18 07:00:00,1.1,100,18.2,13.0
2025-01-18 08:00:00,1.7,100,19.5,71.0
2025-01-18 09:00:00,2.3,100,20.5,115.0
2025-01-18 10:00:00,3.2,100,19.1,171.0
2025-01-18 11:00:00,3.4,64,16.5,153.0
2025-01-18 12:00:00,4.6,1,19.2,253.0
2025-01-18 13:00:00,5.8,47,25.0,194.0
2025-01-18 14:00:00,4.8,100,22.7,63.0
2025-01-18 15:00:00,4.2,100,21.2,3.0
2025-01-18 16:00:00,3.7,100,22.7,0.0
2025-01-18 17:00:00,3.0,100,20.7,0.0
2025-01-18 18:00:00,2.6,100,20.7,0.0
2025-01-18 19:00:00,2.1,100,20.8,0.0
2025-01-18 20:00:00,1.9,100,22.3,0.0
2025-01-18 21:00:00,1.8,99,22.6,0.0
2025-01-18 22:00:00,1.0,78,21.9,0.0
2025-01-18 23:00:00,0.6,55,21.9,0.0
2025-01-19 00:00:00,0.6,99,23.3,0.0
2025-01-19 01:00:00,0.8,100,23.3,0.0
2025-01-19 02:00:00,1.1,100,23.2,0.0
2025-01-19 03:00:00,1.4,100,22.6,0.0
2025-01-19 04:00:00,1.5,100,21.4,0.0
2025-01-19 05:00:00,1.6,100,20.5,0.0
2025-01-19 06:00:00,1.8,100,20.6,0.0
2025-01-19 07:00:00,1.9,100,20.0,18.0
2025-01-19 08:00:00,2.3,100,23.5,66.0
2025-01-19 09:00:00,2.5,100,22.5,100.0
2025-01-19 10:00:00,3.2,90,22.0,176.0
2025-01-19 11:00:00,3.7,49,20.4,206.0
2025-01-19 12:00:00,4.0,16,17.8,233.0
2025-01-19 13:00:00,4.8,1,16.8,190.0
2025-01-19 14:00:00,3.4,0,13.8,89.0
2025-01-19 15:00:00,1.7,0,13.6,7.0
2025-01-19 16:00:00,1.1,0,14.6,0.0
2025-01-19 17:00:00,0.6,0,14.3,0.0
2025-01-19 18:00:00,0.2,0,13.6,0.0
2025-01-19 19:00:00,-0.2,0,13.6,0.0
2025-01-19 20:00:00,-0.3,0,13.0,0.0
2025-01-19 21:00:00,-0.6,0,12.6,0.0
2025-01-19 22:00:00,-0.8,0,11.8,0.0
2025-01-19 23:00:00,-0.9,0,11.3,0.0
2025-01-20 00:00:00,-1.1,0,11.6,0.0
2025-01-20 01:00:00,-0.7,0,14.1,0.0
2025-01-20 02:00:00,-0.7,6,15.2,0.0
2025-01-20 03:00:00,-0.9,75,15.9,0.0
2025-01-20 04:00:00,-0.6,100,15.4,0.0
2025-01-20 05:00:00,-0.5,100,15.3,0.0
2025-01-20 06:00:00,-0.3,100,17.4,0.0
2025-01-20 07:00:00,0.0,100,18.3,14.0
2025-01-20 08:00:00,0.2,100,18.2,48.0
2025-01-20 09:00:00,0.6,100,16.6,66.0
2025-01-20 10:00:00,1.2,100,15.3,105.0
2025-01-20 11:00:00,1.8,100,14.6,124.0
2025-01-20 12:00:00,2.0,100,13.9,117.0
2025-01-20 13:00:00,2.0,100,13.9,69.0
2025-01-20 14:00:00,1.7,100,12.4,39.0
2025-01-20 15:00:00,1.3,100,9.1,4.0
2025-01-20 16:00:00,1.0,100,8.1,0.0
2025-01-20 17:00:00,0.9,100,8.0,0.0
2025-01-20 18:00:00,0.8,100,8.1,0.0
2025-01-20 19:00:00,0.6,100,6.9,0.0
2025-01-20 20:00:00,0.4,100,5.8,0.0
2025-01-20 21:00:00,0.3,100,4.1,0.0
2025-01-20 22:00:00,0.3,100,2.8,0.0
2025-01-20 23:00:00,0.4,100,4.1,0.0
2025-01-21 00:00:00,0.3,100,3.6,0.0
2025-01-21 01:00:00,-0.4,100,6.0,0.0
2025-01-21 02:00:00,-0.4,100,6.2,0.0
2025-01-21 03:00:00,-0.3,100,7.7,0.0
2025-01-21 04:00:00,-0.3,100,7.6,0.0
2025-01-21 05:00:00,-0.2,100,8.1,0.0
2025-01-21 06:00:00,-0.2,100,11.3,0.0
2025-01-21 07:00:00,-0.2,100,15.0,16.0
2025-01-21 08:00:00,-0.1,100,14.4,49.0
2025-01-21 09:00:00,0.2,100,15.0,80.0
2025-01-21 10:00:00,0.7,100,14.5,113.0
2025-01-21 11:00:00,1.1,100,14.2,131.0
2025-01-21 12:00:00,1.1,100,14.0,111.0
2025-01-21 13:00:00,-0.3,100,13.6,75.0
2025-01-21 14:00:00,-0.4,100,13.9,36.0
2025-01-21 15:00:00,-0.8,100,12.1,4.0
2025-01-21 16:00:00,-0.8,100,13.8,0.0
2025-01-21 17:00:00,-0.9,100,12.8,0.0
2025-01-21 18:00:00,-0.9,100,13.8,0.0
2025-01-21 19:00:00,-0.9,100,13.9,0.0
2025-01-21 20:00:00,-1.0,100,14.0,0.0
2025-01-21 21:00:00,-1.0,100,13.4,0.0
2025-01-21 22:00:00,-1.0,100,14.1,0.0
2025-01-21 23:00:00,-1.0,100,11.9,0.0
2025-01-22 00:00:00,-0.9,100,11.0,0.0
2025-01-22 01:00:00,-1.0,100,11.1,0.0
2025-01-22 02:00:00,-0.9,100,11.0,0.0
2025-01-22 03:00:00,-0.8,100,10.5,0.0
2025-01-22 04:00:00,-0.7,100,9.8,0.0
2025-01-22 05:00:00,-0.6,100,9.5,0.0
2025-01-22 06:00:00,-0.4,100,10.7,0.0
2025-01-22 07:00:00,0.0,100,11.9,14.0
2025-01-22 08:00:00,0.4,100,11.1,28.0
2025-01-22 09:00:00,1.0,100,12.1,50.0
2025-01-22 10:00:00,1.4,100,11.7,57.0
2025-01-22 11:00:00,1.4,100,11.1,47.0
2025-01-22 12:00:00,1.8,100,13.6,53.0
2025-01-22 13:00:00,1.8,100,14.5,41.0
2025-01-22 14:00:00,1.5,100,14.0,19.0
2025-01-22 15:00:00,1.4,100,14.9,2.0
2025-01-22 16:00:00,1.4,100,14.8,0.0
2025-01-22 17:00:00,1.1,100,14.6,0.0
2025-01-22 18:00:00,0.9,100,14.7,0.0
2025-01-22 19:00:00,0.7,100,15.7,0.0
2025-01-22 20:00:00,0.6,100,14.8,0.0
2025-01-22 21:00:00,0.4,100,13.9,0.0
2025-01-22 22:00:00,0.3,100,13.2,0.0
2025-01-22 23:00:00,0.3,100,12.6,0.0
2025-01-23 00:00:00,0.3,100,12.5,0.0
2025-01-23 01:00:00,0.4,100,11.6,0.0
2025-01-23 02:00:00,0.3,100,11.1,0.0
2025-01-23 03:00:00,0.2,100,10.7,0.0
2025-01-23 04:00:00,0.2,100,10.7,0.0
2025-01-23 05:00:00,0.2,100,11.2,0.0
2025-01-23 06:00:00,0.2,100,11.5,0.0
2025-01-23 07:00:00,0.3,100,10.9,15.0
2025-01-23 08:00:00,0.5,100,11.7,29.0
2025-01-23 09:00:00,0.8,100,10.4,45.0
2025-01-23 10:00:00,1.2,100,9.8,58.0
2025-01-23 11:00:00,1.6,100,10.2,64.0
2025-01-23 12:00:00,1.9,100,10.8,78.0
2025-01-23 13:00:00,1.4,100,10.8,61.0
2025-01-23 14:00:00,0.9,100,9.3,28.0
2025-01-23 15:00:00,0.3,100,9.7,4.0
2025-01-23 16:00:00,0.2,100,8.8,0.0
2025-01-23 17:00:00,0.1,100,8.0,0.0
2025-01-23 18:00:00,0.0,100,6.9,0.0
2025-01-23 19:00:00,-0.1,100,6.0,0.0
2025-01-23 20:00:00,-0.1,100,6.1,0.0
2025-01-23 21:00:00,-0.1,100,6.4,0.0
2025-01-23 22:00:00,-0.1,100,6.6,0.0
2025-01-23 23:00:00,0.0,100,6.3,0.0
2025-01-24 00:00:00,0.0,100,6.1,0.0
2025-01-24 01:00:00,0.6,100,6.5,0.0
2025-01-24 02:00:00,0.6,100,6.7,0.0
2025-01-24 03:00:00,0.7,100,6.6,0.0
2025-01-24 04:00:00,0.4,100,2.3,0.0
2025-01-24 05:00:00,0.7,100,1.9,0.0
2025-01-24 06:00:00,0.6,100,7.3,1.0
2025-01-24 07:00:00,1.2,100,8.1,21.0
2025-01-24 08:00:00,1.9,100,6.9,49.0
2025-01-24 09:00:00,2.2,100,7.7,62.0
2025-01-24 10:00:00,3.3,99,8.6,115.0
2025-01-24 11:00:00,5.2,56,9.3,204.0
2025-01-24 12:00:00,6.2,63,10.4,262.0
2025-01-24 13:00:00,5.5,100,9.4,146.0
2025-01-24 14:00:00,3.5,100,9.7,46.0
2025-01-24 15:00:00,2.3,100,7.9,4.0
2025-01-24 16:00:00,1.8,100,7.1,0.0
2025-01-24 17:00:00,1.5,100,7.3,0.0
2025-01-24 18:00:00,1.2,100,5.2,0.0
2025-01-24 19:00:00,0.3,100,3.9,0.0
2025-01-24 20:00:00,0.6,100,6.6,0.0
2025-01-24 21:00:00,0.4,100,6.0,0.0
2025-01-24 22:00:00,0.2,100,4.4,0.0
2025-01-24 23:00:00,0.2,100,1.7,0.0
2025-01-25 00:00:00,0.4,100,0.7,0.0
2025-01-25 01:00:00,1.8,100,1.0,0.0
2025-01-25 02:00:00,1.8,100,2.1,0.0
2025-01-25 03:00:00,1.5,100,4.1,0.0
2025-01-25 04:00:00,1.0,100,4.3,0.0
2025-01-25 05:00:00,0.9,100,4.1,0.0
2025-01-25 06:00:00,1.3,100,5.2,1.0
2025-01-25 07:00:00,2.2,100,4.8,34.0
2025-01-25 08:00:00,3.0,100,3.5,71.0
2025-01-25 09:00:00,4.3,100,3.1,127.0
2025-01-25 10:00:00,5.6,100,5.7,198.0
2025-01-25 11:00:00,6.5,85,9.8,293.0
2025-01-25 12:00:00,6.8,87,10.1,219.0
2025-01-25 13:00:00,5.8,100,10.2,123.0
2025-01-25 14:00:00,5.2,100,7.6,70.0
2025-01-25 15:00:00,3.0,57,6.2,11.0
2025-01-25 16:00:00,2.2,89,10.1,0.0
2025-01-25 17:00:00,1.4,96,10.3,0.0
2025-01-25 18:00:00,1.1,93,11.9,0.0
2025-01-25 19:00:00,1.8,100,11.8,0.0
2025-01-25 20:00:00,2.7,100,12.6,0.0
2025-01-25 21:00:00,3.2,100,14.9,0.0
2025-01-25 22:00:00,3.5,100,15.3,0.0
2025-01-25 23:00:00,3.8,100,15.1,0.0
2025-01-26 00:00:00,4.1,100,13.8,0.0
2025-01-26 01:00:00,4.1,100,12.6,0.0
2025-01-26 02:00:00,4.2,100,14.7,0.0
2025-01-26 03:00:00,4.5,100,16.1,0.0
2025-01-26 04:00:00,4.4,100,15.8,0.0
2025-01-26 05:00:00,4.7,100,17.1,0.0
2025-01-26 06:00:00,5.0,100,18.2,1.0
2025-01-26 07:00:00,5.7,100,18.4,23.0
2025-01-26 08:00:00,6.5,100,19.5,59.0
2025-01-26 09:00:00,7.1,100,17.0,73.0
2025-01-26 10:00:00,7.8,100,17.1,81.0
2025-01-26 11:00:00,8.9,100,26.8,168.0
2025-01-26 12:00:00,8.6,100,23.8,101.0
2025-01-26 13:00:00,7.2,100,22.0,102.0
2025-01-26 14:00:00,6.6,100,19.9,28.0
2025-01-26 15:00:00,6.3,100,21.1,4.0
2025-01-26 16:00:00,6.1,100,20.9,0.0
2025-01-26 17:00:00,5.9,100,21.6,0.0
2025-01-26 18:00:00,5.8,100,22.0,0.0
2025-01-26 19:00:00,5.8,100,23.6,0.0
2025-01-26 20:00:00,5.6,100,24.0,0.0
2025-01-26 21:00:00,5.3,100,22.1,0.0
2025-01-26 22:00:00,5.2,100,20.9,0.0
2025-01-26 23:00:00,4.9,100,20.3,0.0
2025-01-27 00:00:00,4.6,100,19.7,0.0
2025-01-27 01:00:00,5.1,100,19.8,0.0
2025-01-27 02:00:00,4.8,100,19.6,0.0
2025-01-27 03:00:00,4.8,100,19.3,0.0
2025-01-27 04:00:00,4.8,100,18.5,0.0
2025-01-27 05:00:00,4.8,100,17.0,0.0
2025-01-27 06:00:00,4.7,100,16.7,1.0
2025-01-27 07:00:00,5.0,100,19.3,28.0
2025-01-27 08:00:00,5.3,100,18.4,66.0
2025-01-27 09:00:00,5.8,100,16.6,101.0
2025-01-27 10:00:00,6.2,100,16.9,103.0
2025-01-27 11:00:00,6.5,100,19.0,116.0
2025-01-27 12:00:00,6.7,100,19.3,104.0
2025-01-27 13:00:00,6.3,100,17.5,96.0
2025-01-27 14:00:00,6.4,100,18.7,58.0
2025-01-27 15:00:00,6.2,100,15.3,7.0
2025-01-27 16:00:00,6.2,100,15.0,0.0
2025-01-27 17:00:00,6.1,100,13.0,0.0
2025-01-27 18:00:00,5.9,100,12.4,0.0
2025-01-27 19:00:00,5.8,100,11.7,0.0
2025-01-27 20:00:00,5.8,100,15.2,0.0
2025-01-27 21:00:00,5.8,100,14.8,0.0
2025-01-27 22:00:00,5.8,100,13.9,0.0
2025-01-27 23:00:00,5.7,100,13.1,0.0
2025-01-28 00:00:00,5.6,100,13.5,0.0
2025-01-28 01:00:00,5.8,100,14.0,0.0
2025-01-28 02:00:00,5.4,100,13.0,0.0
2025-01-28 03:00:00,5.3,100,13.3,0.0
2025-01-28 04:00:00,5.1,100,13.7,0.0
2025-01-28 05:00:00,4.8,100,16.3,0.0
2025-01-28 06:00:00,4.6,100,18.2,1.0
2025-01-28 07:00:00,4.8,100,20.5,23.0
2025-01-28 08:00:00,5.3,100,19.7,64.0
2025-01-28 09:00:00,5.9,100,18.8,96.0
2025-01-28 10:00:00,7.1,100,18.9,167.0
2025-01-28 11:00:00,7.7,90,17.5,184.0
2025-01-28 12:00:00,8.3,64,17.0,209.0
2025-01-28 13:00:00,6.8,100,17.5,108.0
2025-01-28 14:00:00,6.9,100,17.5,68.0
2025-01-28 15:00:00,6.2,100,15.1,10.0
2025-01-28 16:00:00,6.2,100,14.8,0.0
2025-01-28 17:00:00,6.6,100,15.5,0.0
2025-01-28 18:00:00,6.3,55,15.7,0.0
2025-01-28 19:00:00,6.1,92,17.4,0.0
2025-01-28 20:00:00,5.8,100,19.1,0.0
2025-01-28 21:00:00,5.8,100,19.4,0.0
2025-01-28 22:00:00,5.4,100,19.8,0.0
2025-01-28 23:00:00,5.4,100,19.2,0.0
2025-01-29 00:00:00,5.4,100,18.2,0.0
2025-01-29 01:00:00,5.8,100,18.3,0.0
2025-01-29 02:00:00,5.7,100,18.7,0.0
2025-01-29 03:00:00,5.6,100,17.9,0.0
2025-01-29 04:00:00,5.4,100,18.2,0.0
2025-01-29 05:00:00,5.4,100,17.2,0.0
2025-01-29 06:00:00,5.5,100,16.4,1.0
2025-01-29 07:00:00,5.8,100,16.6,16.0
2025-01-29 08:00:00,6.5,100,16.9,49.0
2025-01-29 09:00:00,7.3,100,21.1,79.0
2025-01-29 10:00:00,8.1,100,19.4,94.0
2025-01-29 11:00:00,9.1,100,17.4,140.0
2025-01-29 12:00:00,10.1,92,15.8,190.0
2025-01-29 13:00:00,9.7,98,15.7,133.0
2025-01-29 14:00:00,9.5,94,10.2,79.0
2025-01-29 15:00:00,7.6,25,8.3,16.0
2025-01-29 16:00:00,6.6,10,10.0,0.0
2025-01-29 17:00:00,6.0,87,10.1,0.0
2025-01-29 18:00:00,5.8,7,10.7,0.0
2025-01-29 19:00:00,5.0,27,8.8,0.0
2025-01-29 20:00:00,4.4,5,9.6,0.0
2025-01-29 21:00:00,3.8,96,9.0,0.0
2025-01-29 22:00:00,3.3,90,8.2,0.0
2025-01-29 23:00:00,2.8,21,7.7,0.0
2025-01-30 00:00:00,2.2,20,7.6,0.0
2025-01-30 01:00:00,1.9,85,5.8,0.0
2025-01-30 02:00:00,1.3,54,6.5,0.0
2025-01-30 03:00:00,0.9,75,5.2,0.0
2025-01-30 04:00:00,0.4,93,5.0,0.0
2025-01-30 05:00:00,0.0,94,3.8,0.0
2025-01-30 06:00:00,-0.1,96,3.4,4.0
2025-01-30 07:00:00,1.9,99,5.1,77.0
2025-01-30 08:00:00,5.4,100,5.6,187.0
2025-01-30 09:00:00,8.6,100,3.4,279.0
2025-01-30 10:00:00,10.0,100,4.1,252.0
2025-01-30 11:00:00,11.2,99,3.3,308.0
2025-01-30 12:00:00,11.9,97,4.6,310.0
2025-01-30 13:00:00,8.4,100,5.0,144.0
2025-01-30 14:00:00,6.3,72,6.7,65.0
2025-01-30 15:00:00,3.2,85,8.4,21.0
2025-01-30 16:00:00,2.5,95,9.7,0.0
2025-01-30 17:00:00,1.6,100,8.9,0.0
2025-01-30 18:00:00,2.5,100,8.2,0.0
2025-01-30 19:00:00,2.5,100,7.6,0.0
2025-01-30 20:00:00,2.7,100,8.1,0.0
2025-01-30 21:00:00,2.8,100,8.3,0.0
2025-01-30 22:00:00,2.4,100,6.4,0.0
2025-01-30 23:00:00,2.0,100,5.1,0.0
2025-01-31 00:00:00,1.8,100,7.1,0.0
2025-01-31 01:00:00,4.6,100,7.4,0.0
2025-01-31 02:00:00,4.4,100,7.5,0.0
2025-01-31 03:00:00,4.3,100,8.9,0.0
2025-01-31 04:00:00,4.2,100,9.0,0.0
2025-01-31 05:00:00,4.2,100,10.6,0.0
2025-01-31 06:00:00,4.2,100,10.2,2.0
2025-01-31 07:00:00,4.6,100,10.5,20.0
2025-01-31 08:00:00,5.1,100,16.2,63.0
2025-01-31 09:00:00,5.2,100,16.1,89.0
2025-01-31 10:00:00,5.6,100,15.1,125.0
2025-01-31 11:00:00,6.1,100,13.9,125.0
2025-01-31 12:00:00,6.3,100,14.5,107.0
2025-01-31 13:00:00,5.7,100,14.2,77.0
2025-01-31 14:00:00,5.7,100,11.8,42.0
2025-01-31 15:00:00,5.3,100,11.2,6.0
2025-01-31 16:00:00,5.2,100,10.5,0.0
2025-01-31 17:00:00,5.2,100,10.7,0.0
2025-01-31 18:00:00,5.1,100,10.6,0.0
2025-01-31 19:00:00,5.1,100,11.3,0.0
2025-01-31 20:00:00,5.1,100,11.6,0.0
2025-01-31 21:00:00,5.1,100,10.6,0.0
2025-01-31 22:00:00,5.2,100,10.3,0.0
2025-01-31 23:00:00,5.3,100,10.1,0.0
2025-02-01 00:00:00,5.4,100,10.5,0.0
2025-02-01 01:00:00,5.9,100,11.0,0.0
2025-02-01 02:00:00,6.0,100,11.9,0.0
2025-02-01 03:00:00,5.8,100,12.6,0.0
2025-02-01 04:00:00,4.8,100,15.1,0.0
2025-02-01 05:00:00,4.0,100,16.2,0.0
2025-02-01 06:00:00,3.2,100,15.7,4.0
2025-02-01 07:00:00,3.2,100,17.8,42.0
2025-02-01 08:00:00,3.7,99,16.7,86.0
2025-02-01 09:00:00,4.3,100,16.3,144.0
2025-02-01 10:00:00,4.4,100,14.7,152.0
2025-02-01 11:00:00,4.0,100,14.1,121.0
2025-02-01 12:00:00,4.2,100,15.5,135.0
2025-02-01 13:00:00,4.2,100,18.1,142.0
2025-02-01 14:00:00,4.1,9,16.0,82.0
2025-02-01 15:00:00,2.3,51,14.8,28.0
2025-02-01 16:00:00,1.9,100,14.2,0.0
2025-02-01 17:00:00,2.2,100,16.9,0.0
2025-02-01 18:00:00,2.0,100,16.6,0.0
2025-02-01 19:00:00,2.0,78,14.0,0.0
2025-02-01 20:00:00,0.9,89,12.3,0.0
2025-02-01 21:00:00,0.9,79,15.8,0.0
2025-02-01 22:00:00,1.0,47,15.9,0.0
2025-02-01 23:00:00,-0.3,88,13.8,0.0
2025-02-02 00:00:00,-0.9,99,13.9,0.0
2025-02-02 01:00:00,-0.4,94,13.5,0.0
2025-02-02 02:00:00,0.0,90,12.9,0.0
2025-02-02 03:00:00,0.2,100,13.8,0.0
2025-02-02 04:00:00,0.6,100,13.6,0.0
2025-02-02 05:00:00,0.1,100,11.6,0.0
2025-02-02 06:00:00,0.3,100,10.9,4.0
2025-02-02 07:00:00,0.8,100,14.4,49.0
2025-02-02 08:00:00,1.0,100,13.4,90.0
2025-02-02 09:00:00,1.5,100,14.2,165.0
2025-02-02 10:00:00,1.3,100,14.0,154.0
2025-02-02 11:00:00,1.7,100,13.3,202.0
2025-02-02 12:00:00,2.0,100,12.0,185.0
2025-02-02 13:00:00,1.9,100,12.4,111.0
2025-02-02 14:00:00,1.6,100,11.8,56.0
2025-02-02 15:00:00,1.1,100,9.3,13.0
2025-02-02 16:00:00,1.0,100,8.6,0.0
2025-02-02 17:00:00,0.9,100,9.1,0.0
2025-02-02 18:00:00,0.8,100,10.4,0.0
2025-02-02 19:00:00,0.6,100,11.0,0.0
2025-02-02 20:00:00,0.6,100,8.6,0.0
2025-02-02 21:00:00,0.4,100,6.8,0.0
2025-02-02 22:00:00,0.2,100,4.5,0.0
2025-02-02 23:00:00,-0.1,100,3.7,0.0
2025-02-03 00:00:00,-0.6,100,3.7,0.0
2025-02-03 01:00:00,-0.8,100,6.9,0.0
2025-02-03 02:00:00,-0.9,100,6.5,0.0
2025-02-03 03:00:00,-1.0,100,6.4,0.0
2025-02-03 04:00:00,-0.9,100,8.0,0.0
2025-02-03 05:00:00,-0.9,100,7.6,0.0
2025-02-03 06:00:00,-1.5,100,7.9,6.0
2025-02-03 07:00:00,-0.8,22,8.5,92.0
2025-02-03 08:00:00,0.5,56,12.1,200.0
2025-02-03 09:00:00,0.7,99,14.4,195.0
2025-02-03 10:00:00,0.9,94,16.4,228.0
2025-02-03 11:00:00,0.3,100,18.1,158.0
2025-02-03 12:00:00,0.3,98,16.8,121.0
2025-02-03 13:00:00,0.6,99,17.4,158.0
2025-02-03 14:00:00,0.2,100,17.8,87.0
2025-02-03 15:00:00,-0.2,100,13.3,14.0
2025-02-03 16:00:00,-0.3,67,14.2,0.0
2025-02-03 17:00:00,-1.6,62,13.7,0.0
2025-02-03 18:00:00,-1.8,87,14.1,0.0
2025-02-03 19:00:00,-1.6,100,17.2,0.0
2025-02-03 20:00:00,-1.1,98,17.0,0.0
2025-02-03 21:00:00,-1.1,100,17.1,0.0
2025-02-03 22:00:00,-1.1,100,17.4,0.0
2025-02-03 23:00:00,-1.4,100,18.1,0.0
2025-02-04 00:00:00,-1.2,100,17.5,0.0
2025-02-04 01:00:00,-1.9,97,15.3,0.0
2025-02-04 02:00:00,-1.7,99,15.4,0.0
2025-02-04 03:00:00,-2.0,88,14.3,0.0
2025-02-04 04:00:00,-2.3,100,14.4,0.0
2025-02-04 05:00:00,-1.4,95,16.7,0.0
2025-02-04 06:00:00,-2.0,100,14.2,6.0
2025-02-04 07:00:00,-1.2,98,16.6,63.0
2025-02-04 08:00:00,-0.4,100,19.7,131.0
2025-02-04 09:00:00,0.4,84,18.3,140.0
2025-02-04 10:00:00,1.1,85,17.5,241.0
2025-02-04 11:00:00,1.5,98,17.6,282.0
2025-02-04 12:00:00,1.5,100,17.5,210.0
2025-02-04 13:00:00,0.9,74,17.1,201.0
2025-02-04 14:00:00,0.5,38,13.8,140.0
2025-02-04 15:00:00,-1.2,53,11.1,35.0
2025-02-04 16:00:00,-2.0,51,11.6,0.0
2025-02-04 17:00:00,-2.5,66,10.2,0.0
2025-02-04 18:00:00,-2.3,66,10.4,0.0
2025-02-04 19:00:00,-2.9,7,11.0,0.0
2025-02-04 20:00:00,-3.7,2,9.9,0.0
2025-02-04 21:00:00,-4.2,19,8.7,0.0
2025-02-04 22:00:00,-4.4,35,7.7,0.0
2025-02-04 23:00:00,-4.6,26,8.4,0.0
2025-02-05 00:00:00,-4.5,91,9.0,0.0
2025-02-05 01:00:00,-3.8,79,10.3,0.0
2025-02-05 02:00:00,-3.5,99,11.7,0.0
2025-02-05 03:00:00,-3.0,37,12.4,0.0
2025-02-05 04:00:00,-4.0,8,11.4,0.0
2025-02-05 05:00:00,-4.4,23,12.9,0.0
2025-02-05 06:00:00,-4.2,89,14.3,9.0
2025-02-05 07:00:00,-3.0,74,16.6,93.0
2025-02-05 08:00:00,-1.8,99,17.7,168.0
2025-02-05 09:00:00,-0.9,78,16.3,221.0
2025-02-05 10:00:00,-0.1,68,17.7,306.0
2025-02-05 11:00:00,0.3,99,20.3,311.0
2025-02-05 12:00:00,-0.2,100,18.9,120.0
2025-02-05 13:00:00,-0.2,89,21.5,163.0
2025-02-05 14:00:00,-0.9,100,19.7,86.0
2025-02-05 15:00:00,-1.2,100,17.9,19.0
2025-02-05 16:00:00,-1.4,100,17.5,0.0
2025-02-05 17:00:00,-1.6,100,18.1,0.0
2025-02-05 18:00:00,-1.9,100,18.2,0.0
2025-02-05 19:00:00,-2.0,100,18.0,0.0
2025-02-05 20:00:00,-2.0,100,18.1,0.0
2025-02-05 21:00:00,-2.0,22,16.4,0.0
2025-02-05 22:00:00,-3.4,100,13.9,0.0
2025-02-05 23:00:00,-2.1,98,15.8,0.0
2025-02-06 00:00:00,-2.2,100,14.5,0.0
2025-02-06 01:00:00,-2.0,100,15.5,0.0
2025-02-06 02:00:00,-2.0,100,15.2,0.0
2025-02-06 03:00:00,-2.0,95,13.1,0.0
2025-02-06 04:00:00,-2.0,91,15.3,0.0
2025-02-06 05:00:00,-2.5,100,13.7,0.0
2025-02-06 06:00:00,-2.1,100,10.3,4.0
2025-02-06 07:00:00,-1.8,100,12.5,33.0
2025-02-06 08:00:00,-1.6,100,13.9,57.0
2025-02-06 09:00:00,-1.5,100,14.6,82.0
2025-02-06 10:00:00,-0.8,100,13.4,151.0
2025-02-06 11:00:00,-0.6,100,12.0,138.0
2025-02-06 12:00:00,-0.4,100,12.1,141.0
2025-02-06 13:00:00,-0.6,100,12.5,103.0
2025-02-06 14:00:00,-0.9,100,12.6,58.0
2025-02-06 15:00:00,-1.4,100,10.9,16.0
2025-02-06 16:00:00,-1.7,94,10.3,0.0
2025-02-06 17:00:00,-1.9,99,10.1,0.0
2025-02-06 18:00:00,-2.0,100,9.3,0.0
2025-02-06 19:00:00,-2.2,100,10.2,0.0
2025-02-06 20:00:00,-2.3,99,12.6,0.0
2025-02-06 21:00:00,-2.7,90,12.2,0.0
2025-02-06 22:00:00,-3.3,75,9.9,0.0
2025-02-06 23:00:00,-3.7,100,11.0,0.0
2025-02-07 00:00:00,-3.6,100,12.4,0.0
2025-02-07 01:00:00,-3.8,70,13.7,0.0
2025-02-07 02:00:00,-3.8,56,14.1,0.0
2025-02-07 03:00:00,-4.7,71,13.5,0.0
2025-02-07 04:00:00,-4.9,100,13.3,0.0
2025-02-07 05:00:00,-3.8,100,14.3,0.0
2025-02-07 06:00:00,-3.6,100,12.6,7.0
2025-02-07 07:00:00,-3.0,100,13.3,41.0
2025-02-07 08:00:00,-2.2,100,17.0,115.0
2025-02-07 09:00:00,-1.6,100,18.8,177.0
2025-02-07 10:00:00,-1.5,100,19.0,169.0
2025-02-07 11:00:00,-1.5,100,18.9,150.0
2025-02-07 12:00:00,-2.0,98,19.6,175.0
2025-02-07 13:00:00,-2.4,98,19.6,147.0
2025-02-07 14:00:00,-3.5,100,18.5,78.0
2025-02-07 15:00:00,-4.2,100,18.5,24.0
2025-02-07 16:00:00,-4.7,100,19.5,0.0
2025-02-07 17:00:00,-4.9,100,18.4,0.0
2025-02-07 18:00:00,-5.2,100,17.8,0.0
2025-02-07 19:00:00,-5.2,100,17.0,0.0
2025-02-07 20:00:00,-5.3,100,16.7,0.0
2025-02-07 21:00:00,-5.3,100,17.0,0.0
2025-02-07 22:00:00,-5.3,100,15.7,0.0
2025-02-07 23:00:00,-4.8,100,12.9,0.0
2025-02-08 00:00:00,-4.7,100,14.3,0.0
2025-02-08 01:00:00,-4.8,100,13.4,0.0
2025-02-08 02:00:00,-4.7,100,13.9,0.0
2025-02-08 03:00:00,-4.6,100,13.7,0.0
2025-02-08 04:00:00,-4.8,100,13.7,0.0
2025-02-08 05:00:00,-5.3,100,13.6,0.0
2025-02-08 06:00:00,-5.7,100,13.9,6.0
2025-02-08 07:00:00,-5.4,100,13.8,48.0
2025-02-08 08:00:00,-4.8,100,13.5,101.0
2025-02-08 09:00:00,-4.2,100,12.9,168.0
2025-02-08 10:00:00,-4.0,100,12.6,175.0
2025-02-08 11:00:00,-3.7,100,12.6,196.0
2025-02-08 12:00:00,-3.5,100,12.8,182.0
2025-02-08 13:00:00,-4.1,100,12.6,138.0
2025-02-08 14:00:00,-4.3,100,12.7,88.0
2025-02-08 15:00:00,-4.8,100,12.8,28.0
2025-02-08 16:00:00,-5.0,100,13.5,0.0
2025-02-08 17:00:00,-5.3,100,13.8,0.0
2025-02-08 18:00:00,-5.6,100,13.3,0.0
2025-02-08 19:00:00,-5.6,100,11.9,0.0
2025-02-08 20:00:00,-5.8,100,10.6,0.0
2025-02-08 21:00:00,-5.9,100,10.4,0.0
2025-02-08 22:00:00,-5.9,100,10.8,0.0
2025-02-08 23:00:00,-6.2,100,10.0,0.0
2025-02-09 00:00:00,-6.4,100,9.9,0.0
2025-02-09 01:00:00,-6.8,100,10.4,0.0
2025-02-09 02:00:00,-6.9,100,10.1,0.0
2025-02-09 03:00:00,-6.9,100,9.5,0.0
2025-02-09 04:00:00,-7.1,100,9.9,0.0
2025-02-09 05:00:00,-7.2,100,10.9,0.0
2025-02-09 06:00:00,-7.2,100,11.4,7.0
2025-02-09 07:00:00,-6.9,100,11.6,57.0
2025-02-09 08:00:00,-6.6,100,11.6,130.0
2025-02-09 09:00:00,-6.2,100,11.3,184.0
2025-02-09 10:00:00,-5.8,100,10.6,221.0
2025-02-09 11:00:00,-5.6,100,10.3,236.0
2025-02-09 12:00:00,-4.9,100,11.1,265.0
2025-02-09 13:00:00,-4.8,100,11.0,173.0
2025-02-09 14:00:00,-5.3,100,11.3,99.0
2025-02-09 15:00:00,-6.0,100,11.8,29.0
2025-02-09 16:00:00,-6.2,100,12.1,0.0
2025-02-09 17:00:00,-6.2,100,12.2,0.0
2025-02-09 18:00:00,-6.3,100,12.1,0.0
2025-02-09 19:00:00,-6.3,100,11.8,0.0
2025-02-09 20:00:00,-6.4,100,11.4,0.0
2025-02-09 21:00:00,-6.7,100,11.1,0.0
2025-02-09 22:00:00,-6.8,100,10.4,0.0
2025-02-09 23:00:00,-6.8,100,9.9,0.0
2025-02-10 00:00:00,-6.8,100,9.8,0.0
2025-02-10 01:00:00,-7.6,100,10.4,0.0
2025-02-10 02:00:00,-7.7,100,10.8,0.0
2025-02-10 03:00:00,-7.7,100,11.0,0.0
2025-02-10 04:00:00,-7.7,100,11.4,0.0
2025-02-10 05:00:00,-7.7,100,11.3,0.0
2025-02-10 06:00:00,-7.8,100,11.6,7.0
2025-02-10 07:00:00,-7.7,100,11.1,61.0
2025-02-10 08:00:00,-7.3,100,10.7,132.0
2025-02-10 09:00:00,-6.7,100,10.5,191.0
2025-02-10 10:00:00,-5.9,100,10.2,257.0
2025-02-10 11:00:00,-5.3,87,9.8,301.0
2025-02-10 12:00:00,-4.4,45,9.8,360.0
2025-02-10 13:00:00,-3.7,100,11.5,153.0
2025-02-10 14:00:00,-3.8,100,11.4,111.0
2025-02-10 15:00:00,-4.5,100,11.3,31.0
2025-02-10 16:00:00,-4.8,100,11.3,0.0
2025-02-10 17:00:00,-5.1,100,11.1,0.0
2025-02-10 18:00:00,-5.2,100,10.8,0.0
2025-02-10 19:00:00,-5.3,100,10.6,0.0
2025-02-10 20:00:00,-5.5,100,9.8,0.0
2025-02-10 21:00:00,-5.5,100,9.7,0.0
2025-02-10 22:00:00,-5.7,100,9.2,0.0
2025-02-10 23:00:00,-5.6,100,9.2,0.0
2025-02-11 00:00:00,-5.6,100,9.3,0.0
2025-02-11 01:00:00,-7.1,100,9.9,0.0
2025-02-11 02:00:00,-7.2,100,10.8,0.0
2025-02-11 03:00:00,-7.1,100,11.6,0.0
2025-02-11 04:00:00,-6.9,100,11.8,0.0
2025-02-11 05:00:00,-6.9,100,12.5,0.0
2025-02-11 06:00:00,-6.9,100,13.0,6.0
2025-02-11 07:00:00,-6.6,100,13.6,53.0
2025-02-11 08:00:00,-6.2,100,13.4,121.0
2025-02-11 09:00:00,-5.8,100,12.2,149.0
2025-02-11 10:00:00,-5.2,100,12.3,218.0
2025-02-11 11:00:00,-4.4,98,12.2,295.0
2025-02-11 12:00:00,-3.9,76,12.4,316.0
2025-02-11 13:00:00,-4.2,84,12.8,214.0
2025-02-11 14:00:00,-4.4,55,13.3,144.0
2025-02-11 15:00:00,-5.2,33,11.8,53.0
2025-02-11 16:00:00,-6.2,17,11.5,0.0
2025-02-11 17:00:00,-6.8,8,11.7,0.0
2025-02-11 18:00:00,-7.4,0,11.1,0.0
2025-02-11 19:00:00,-7.9,0,10.7,0.0
2025-02-11 20:00:00,-8.4,3,9.5,0.0
2025-02-11 21:00:00,-8.7,6,8.1,0.0
2025-02-11 22:00:00,-8.9,4,6.6,0.0
2025-02-11 23:00:00,-9.2,1,5.8,0.0
2025-02-12 00:00:00,-9.4,0,6.8,0.0
2025-02-12 01:00:00,-9.7,97,6.8,0.0
2025-02-12 02:00:00,-9.3,100,6.3,0.0
2025-02-12 03:00:00,-9.1,100,6.7,0.0
2025-02-12 04:00:00,-9.0,100,8.3,0.0
2025-02-12 05:00:00,-8.9,100,9.1,0.0
2025-02-12 06:00:00,-8.8,100,10.0,11.0
2025-02-12 07:00:00,-8.2,100,10.7,72.0
2025-02-12 08:00:00,-7.4,100,10.3,146.0
2025-02-12 09:00:00,-6.4,100,9.2,249.0
2025-02-12 10:00:00,-5.7,100,7.4,307.0
2025-02-12 11:00:00,-4.7,99,5.7,389.0
2025-02-12 12:00:00,-4.0,34,4.7,371.0
2025-02-12 13:00:00,-3.5,82,5.2,247.0
2025-02-12 14:00:00,-3.7,49,5.1,162.0
2025-02-12 15:00:00,-4.4,28,4.8,57.0
2025-02-12 16:00:00,-5.2,26,6.2,0.0
2025-02-12 17:00:00,-5.8,25,7.1,0.0
2025-02-12 18:00:00,-6.3,19,6.5,0.0
2025-02-12 19:00:00,-6.6,11,5.5,0.0
2025-02-12 20:00:00,-6.8,11,4.0,0.0
2025-02-12 21:00:00,-7.1,7,3.6,0.0
2025-02-12 22:00:00,-7.2,1,4.1,0.0
2025-02-12 23:00:00,-7.3,0,4.9,0.0
2025-02-13 00:00:00,-7.8,1,4.6,0.0
2025-02-13 01:00:00,-10.9,10,4.2,0.0
2025-02-13 02:00:00,-10.9,5,4.3,0.0
2025-02-13 03:00:00,-10.7,6,4.8,0.0
2025-02-13 04:00:00,-10.8,61,4.1,0.0
2025-02-13 05:00:00,-10.4,93,5.0,0.0
2025-02-13 06:00:00,-9.6,7,6.9,24.0
2025-02-13 07:00:00,-7.2,10,5.4,145.0
2025-02-13 08:00:00,-5.0,19,5.6,283.0
2025-02-13 09:00:00,-3.2,86,5.8,393.0
2025-02-13 10:00:00,-1.7,58,5.8,446.0
2025-02-13 11:00:00,-0.4,44,6.3,464.0
2025-02-13 12:00:00,0.3,44,7.6,424.0
2025-02-13 13:00:00,1.5,25,8.1,334.0
2025-02-13 14:00:00,1.1,41,8.9,209.0
2025-02-13 15:00:00,-1.8,39,6.4,71.0
2025-02-13 16:00:00,-3.0,8,7.8,1.0
2025-02-13 17:00:00,-3.2,0,10.2,0.0
2025-02-13 18:00:00,-3.2,54,11.7,0.0
2025-02-13 19:00:00,-3.5,100,11.9,0.0
2025-02-13 20:00:00,-3.6,100,11.9,0.0
2025-02-13 21:00:00,-3.8,100,12.3,0.0
2025-02-13 22:00:00,-4.0,99,11.6,0.0
2025-02-13 23:00:00,-4.3,86,10.8,0.0
2025-02-14 00:00:00,-4.6,11,11.2,0.0
2025-02-14 01:00:00,-5.5,10,11.9,0.0
2025-02-14 02:00:00,-5.7,95,11.4,0.0
2025-02-14 03:00:00,-5.8,59,11.9,0.0
2025-02-14 04:00:00,-5.7,1,13.2,0.0
2025-02-14 05:00:00,-5.7,74,13.2,0.0
2025-02-14 06:00:00,-4.5,69,14.1,22.0
2025-02-14 07:00:00,-2.7,23,12.9,142.0
2025-02-14 08:00:00,-0.3,66,14.4,285.0
2025-02-14 09:00:00,1.5,94,14.5,294.0
2025-02-14 10:00:00,3.3,100,17.3,385.0
2025-02-14 11:00:00,4.3,100,18.5,384.0
2025-02-14 12:00:00,4.8,100,17.8,321.0
2025-02-14 13:00:00,3.2,100,14.6,87.0
2025-02-14 14:00:00,2.5,100,14.8,40.0
2025-02-14 15:00:00,1.5,100,15.6,17.0
2025-02-14 16:00:00,0.9,100,13.7,0.0
2025-02-14 17:00:00,0.6,100,14.3,0.0
2025-02-14 18:00:00,0.4,100,14.2,0.0
2025-02-14 19:00:00,0.3,100,12.6,0.0
2025-02-14 20:00:00,0.2,100,11.9,0.0
2025-02-14 21:00:00,0.2,100,13.6,0.0
2025-02-14 22:00:00,-0.2,100,13.6,0.0
2025-02-14 23:00:00,-0.6,100,12.9,0.0
2025-02-15 00:00:00,-1.5,100,17.3,0.0
2025-02-15 01:00:00,-1.6,100,18.7,0.0
2025-02-15 02:00:00,-2.8,100,20.9,0.0
2025-02-15 03:00:00,-4.3,100,22.5,0.0
2025-02-15 04:00:00,-5.5,100,25.0,0.0
2025-02-15 05:00:00,-5.9,100,23.0,0.0
2025-02-15 06:00:00,-5.8,100,21.4,10.0
2025-02-15 07:00:00,-5.5,100,22.5,63.0
2025-02-15 08:00:00,-5.0,100,24.0,134.0
2025-02-15 09:00:00,-4.9,100,21.0,125.0
2025-02-15 10:00:00,-4.2,100,20.0,157.0
2025-02-15 11:00:00,-4.1,100,18.6,162.0
2025-02-15 12:00:00,-4.1,100,19.0,152.0
2025-02-15 13:00:00,-4.8,100,19.5,169.0
2025-02-15 14:00:00,-4.9,100,17.5,124.0
2025-02-15 15:00:00,-5.3,97,14.8,46.0
2025-02-15 16:00:00,-5.8,98,12.2,1.0
2025-02-15 17:00:00,-5.9,99,12.2,0.0
2025-02-15 18:00:00,-5.8,22,10.8,0.0
2025-02-15 19:00:00,-7.4,100,6.2,0.0
2025-02-15 20:00:00,-6.4,100,10.2,0.0
2025-02-15 21:00:00,-5.8,97,9.9,0.0
2025-02-15 22:00:00,-6.2,2,13.6,0.0
2025-02-15 23:00:00,-8.4,44,9.7,0.0
2025-02-16 00:00:00,-9.1,97,9.1,0.0
2025-02-16 01:00:00,-6.7,92,12.4,0.0
2025-02-16 02:00:00,-6.6,51,12.1,0.0
2025-02-16 03:00:00,-7.3,96,9.7,0.0
2025-02-16 04:00:00,-7.2,97,12.0,0.0
2025-02-16 05:00:00,-6.8,100,13.1,0.0
2025-02-16 06:00:00,-6.2,88,13.0,19.0
2025-02-16 07:00:00,-5.1,100,17.2,96.0
2025-02-16 08:00:00,-4.5,100,18.2,140.0
2025-02-16 09:00:00,-3.7,87,15.7,206.0
2025-02-16 10:00:00,-3.0,79,14.9,331.0
2025-02-16 11:00:00,-3.1,99,13.7,288.0
2025-02-16 12:00:00,-3.3,100,11.1,225.0
2025-02-16 13:00:00,-3.8,73,11.0,178.0
2025-02-16 14:00:00,-4.0,27,10.9,195.0
2025-02-16 15:00:00,-5.1,3,8.2,81.0
2025-02-16 16:00:00,-6.2,57,6.8,2.0
2025-02-16 17:00:00,-6.5,39,6.0,0.0
2025-02-16 18:00:00,-7.7,37,5.3,0.0
2025-02-16 19:00:00,-7.9,69,5.7,0.0
2025-02-16 20:00:00,-7.0,100,6.4,0.0
2025-02-16 21:00:00,-6.7,99,6.1,0.0
2025-02-16 22:00:00,-6.7,100,8.4,0.0
2025-02-16 23:00:00,-6.1,98,9.9,0.0
2025-02-17 00:00:00,-6.2,87,9.9,0.0
2025-02-17 01:00:00,-8.1,79,13.7,0.0
2025-02-17 02:00:00,-8.0,100,13.5,0.0
2025-02-17 03:00:00,-7.2,100,12.9,0.0
2025-02-17 04:00:00,-7.1,100,12.1,0.0
2025-02-17 05:00:00,-7.4,98,15.7,0.0
2025-02-17 06:00:00,-7.9,71,14.9,21.0
2025-02-17 07:00:00,-7.6,25,13.1,142.0
2025-02-17 08:00:00,-6.8,26,12.8,293.0
2025-02-17 09:00:00,-6.0,0,12.4,410.0
2025-02-17 10:00:00,-4.3,0,13.1,489.0
2025-02-17 11:00:00,-3.8,10,13.3,510.0
2025-02-17 12:00:00,-3.7,53,12.0,465.0
2025-02-17 13:00:00,-4.6,44,8.5,370.0
2025-02-17 14:00:00,-5.2,9,6.1,236.0
2025-02-17 15:00:00,-7.1,0,2.5,89.0
2025-02-17 16:00:00,-8.3,0,1.5,3.0
2025-02-17 17:00:00,-9.0,0,1.2,0.0
2025-02-17 18:00:00,-9.8,0,1.3,0.0
2025-02-17 19:00:00,-10.2,0,1.2,0.0
2025-02-17 20:00:00,-11.1,0,2.1,0.0
2025-02-17 21:00:00,-12.1,0,4.3,0.0
2025-02-17 22:00:00,-12.8,0,4.9,0.0
2025-02-17 23:00:00,-13.1,0,5.4,0.0
2025-02-18 00:00:00,-13.1,0,5.4,0.0
2025-02-18 01:00:00,-12.1,0,6.7,0.0
2025-02-18 02:00:00,-12.0,0,7.2,0.0
2025-02-18 03:00:00,-12.1,0,7.2,0.0
2025-02-18 04:00:00,-12.2,1,7.7,0.0
2025-02-18 05:00:00,-12.4,7,7.7,0.0
2025-02-18 06:00:00,-10.9,38,10.4,39.0
2025-02-18 07:00:00,-8.3,48,7.6,177.0
2025-02-18 08:00:00,-5.6,99,8.6,316.0
2025-02-18 09:00:00,-3.8,83,10.4,429.0
2025-02-18 10:00:00,-2.8,100,10.3,494.0
2025-02-18 11:00:00,-2.3,100,9.4,499.0
2025-02-18 12:00:00,-2.0,97,9.0,441.0
2025-02-18 13:00:00,-2.0,99,11.2,352.0
2025-02-18 14:00:00,-2.5,98,10.7,222.0
2025-02-18 15:00:00,-4.3,12,7.5,88.0
2025-02-18 16:00:00,-6.2,7,8.7,3.0
2025-02-18 17:00:00,-6.8,0,9.2,0.0
2025-02-18 18:00:00,-7.3,0,8.9,0.0
2025-02-18 19:00:00,-7.6,0,8.7,0.0
2025-02-18 20:00:00,-7.7,0,9.5,0.0
2025-02-18 21:00:00,-8.2,10,8.0,0.0
2025-02-18 22:00:00,-9.2,1,6.2,0.0
2025-02-18 23:00:00,-8.9,45,3.8,0.0
2025-02-19 00:00:00,-9.6,29,3.8,0.0
2025-02-19 01:00:00,-11.2,0,5.9,0.0
2025-02-19 02:00:00,-11.4,0,6.5,0.0
2025-02-19 03:00:00,-11.3,0,7.7,0.0
2025-02-19 04:00:00,-11.2,0,8.2,0.0
2025-02-19 05:00:00,-11.1,96,8.5,0.0
2025-02-19 06:00:00,-9.5,20,11.3,41.0
2025-02-19 07:00:00,-6.5,1,10.2,178.0
2025-02-19 08:00:00,-3.7,0,11.2,319.0
2025-02-19 09:00:00,-1.6,7,13.9,427.0
2025-02-19 10:00:00,-0.4,99,16.1,491.0
2025-02-19 11:00:00,-0.2,73,15.8,440.0
2025-02-19 12:00:00,-0.5,53,15.5,335.0
2025-02-19 13:00:00,-0.2,43,11.7,307.0
2025-02-19 14:00:00,-0.6,17,12.5,219.0
2025-02-19 15:00:00,-2.7,0,6.1,90.0
2025-02-19 16:00:00,-5.5,6,7.0,4.0
2025-02-19 17:00:00,-5.8,0,8.5,0.0
2025-02-19 18:00:00,-5.6,16,13.1,0.0
2025-02-19 19:00:00,-5.9,89,11.7,0.0
2025-02-19 20:00:00,-5.8,100,10.8,0.0
2025-02-19 21:00:00,-5.6,93,9.9,0.0
2025-02-19 22:00:00,-4.9,57,11.7,0.0
2025-02-19 23:00:00,-5.8,52,11.7,0.0
2025-02-20 00:00:00,-5.7,99,11.0,0.0
2025-02-20 01:00:00,-5.4,47,13.1,0.0
2025-02-20 02:00:00,-6.2,68,12.2,0.0
2025-02-20 03:00:00,-7.0,8,11.9,0.0
2025-02-20 04:00:00,-8.1,3,10.1,0.0
2025-02-20 05:00:00,-10.3,100,6.9,0.0
2025-02-20 06:00:00,-7.3,100,13.9,31.0
2025-02-20 07:00:00,-6.6,6,14.9,94.0
2025-02-20 08:00:00,-5.7,67,18.1,323.0
2025-02-20 09:00:00,-5.2,100,17.2,390.0
2025-02-20 10:00:00,-4.8,100,16.9,352.0
2025-02-20 11:00:00,-4.7,100,17.2,302.0
2025-02-20 12:00:00,-4.7,100,16.8,249.0
2025-02-20 13:00:00,-4.2,100,15.3,161.0
2025-02-20 14:00:00,-4.4,100,14.7,125.0
2025-02-20 15:00:00,-5.1,100,13.2,43.0
2025-02-20 16:00:00,-5.4,100,12.1,2.0
2025-02-20 17:00:00,-5.7,100,13.0,0.0
2025-02-20 18:00:00,-6.1,100,11.1,0.0
2025-02-20 19:00:00,-6.0,100,9.3,0.0
2025-02-20 20:00:00,-6.4,100,12.9,0.0
2025-02-20 21:00:00,-7.0,89,13.6,0.0
2025-02-20 22:00:00,-7.3,45,11.5,0.0
2025-02-20 23:00:00,-7.6,68,7.6,0.0
2025-02-21 00:00:00,-7.4,17,9.1,0.0
2025-02-21 01:00:00,-7.7,52,10.6,0.0
2025-02-21 02:00:00,-8.6,97,10.8,0.0
2025-02-21 03:00:00,-8.6,100,10.6,0.0
2025-02-21 04:00:00,-8.1,98,10.9,0.0
2025-02-21 05:00:00,-8.5,100,10.5,0.0
2025-02-21 06:00:00,-7.8,95,13.4,31.0
2025-02-21 07:00:00,-6.9,100,12.3,113.0
2025-02-21 08:00:00,-6.1,100,16.2,215.0
2025-02-21 09:00:00,-5.5,95,15.4,278.0
2025-02-21 10:00:00,-5.0,100,14.4,331.0
2025-02-21 11:00:00,-4.4,100,13.6,374.0
2025-02-21 12:00:00,-4.2,100,12.6,356.0
2025-02-21 13:00:00,-3.6,97,11.5,319.0
2025-02-21 14:00:00,-4.1,76,10.2,203.0
2025-02-21 15:00:00,-4.8,37,8.9,84.0
2025-02-21 16:00:00,-6.6,77,7.6,5.0
2025-02-21 17:00:00,-7.4,22,9.5,0.0
2025-02-21 18:00:00,-8.6,2,9.7,0.0
2025-02-21 19:00:00,-9.4,0,9.1,0.0
2025-02-21 20:00:00,-9.9,0,7.7,0.0
2025-02-21 21:00:00,-10.4,0,6.3,0.0
2025-02-21 22:00:00,-11.1,0,6.0,0.0
2025-02-21 23:00:00,-11.4,0,5.8,0.0
2025-02-22 00:00:00,-11.8,0,5.8,0.0
2025-02-22 01:00:00,-12.1,4,6.1,0.0
2025-02-22 02:00:00,-12.5,13,5.2,0.0
2025-02-22 03:00:00,-12.7,3,5.2,0.0
2025-02-22 04:00:00,-13.0,9,5.2,0.0
2025-02-22 05:00:00,-13.4,1,4.3,0.0
2025-02-22 06:00:00,-11.6,0,7.9,53.0
2025-02-22 07:00:00,-9.2,0,6.8,197.0
2025-02-22 08:00:00,-7.2,6,9.2,336.0
2025-02-22 09:00:00,-6.0,4,9.9,450.0
2025-02-22 10:00:00,-5.1,0,8.2,517.0
2025-02-22 11:00:00,-4.2,0,7.2,529.0
2025-02-22 12:00:00,-3.8,0,7.4,485.0
2025-02-22 13:00:00,-3.7,0,7.9,391.0
2025-02-22 14:00:00,-4.1,0,7.4,259.0
2025-02-22 15:00:00,-5.6,0,4.4,109.0
2025-02-22 16:00:00,-8.2,0,5.4,7.0
2025-02-22 17:00:00,-9.2,0,6.3,0.0
2025-02-22 18:00:00,-9.7,0,6.3,0.0
2025-02-22 19:00:00,-10.2,0,6.3,0.0
2025-02-22 20:00:00,-10.6,0,6.1,0.0
2025-02-22 21:00:00,-11.1,0,5.9,0.0
2025-02-22 22:00:00,-11.2,0,6.1,0.0
2025-02-22 23:00:00,-11.6,0,5.9,0.0
2025-02-23 00:00:00,-11.9,0,5.4,0.0
2025-02-23 01:00:00,-12.2,0,5.4,0.0
2025-02-23 02:00:00,-12.4,0,5.7,0.0
2025-02-23 03:00:00,-12.5,0,6.0,0.0
2025-02-23 04:00:00,-12.7,0,5.9,0.0
2025-02-23 05:00:00,-12.9,7,5.8,0.0
2025-02-23 06:00:00,-11.0,64,9.1,57.0
2025-02-23 07:00:00,-8.1,95,5.8,201.0
2025-02-23 08:00:00,-5.0,49,6.2,337.0
2025-02-23 09:00:00,-2.6,6,4.8,453.0
2025-02-23 10:00:00,-0.6,0,4.9,520.0
2025-02-23 11:00:00,0.8,0,6.1,532.0
2025-02-23 12:00:00,1.5,0,7.9,490.0
2025-02-23 13:00:00,2.3,0,8.6,396.0
2025-02-23 14:00:00,1.9,0,8.4,265.0
2025-02-23 15:00:00,-0.9,0,4.0,114.0
2025-02-23 16:00:00,-2.8,0,4.0,8.0
2025-02-23 17:00:00,-4.0,0,6.8,0.0
2025-02-23 18:00:00,-4.2,0,8.0,0.0
2025-02-23 19:00:00,-4.8,0,8.2,0.0
2025-02-23 20:00:00,-5.1,0,9.1,0.0
2025-02-23 21:00:00,-5.6,0,8.7,0.0
2025-02-23 22:00:00,-6.2,0,8.9,0.0
2025-02-23 23:00:00,-6.6,0,9.7,0.0
2025-02-24 00:00:00,-7.1,0,9.0,0.0
2025-02-24 01:00:00,-8.4,0,7.9,0.0
2025-02-24 02:00:00,-8.7,0,7.9,0.0
2025-02-24 03:00:00,-8.9,0,7.7,0.0
2025-02-24 04:00:00,-9.6,0,6.4,0.0
2025-02-24 05:00:00,-10.1,0,5.8,0.0
2025-02-24 06:00:00,-7.6,0,7.1,62.0
2025-02-24 07:00:00,-4.2,0,3.7,210.0
2025-02-24 08:00:00,-1.2,2,3.4,354.0
2025-02-24 09:00:00,0.9,0,3.5,464.0
2025-02-24 10:00:00,2.4,0,4.6,528.0
2025-02-24 11:00:00,3.2,0,5.6,538.0
2025-02-24 12:00:00,3.7,0,6.6,495.0
2025-02-24 13:00:00,3.8,0,8.0,403.0
2025-02-24 14:00:00,3.2,0,8.4,271.0
2025-02-24 15:00:00,0.2,0,5.6,119.0
2025-02-24 16:00:00,-2.4,0,7.1,10.0
2025-02-24 17:00:00,-3.2,0,7.7,0.0
2025-02-24 18:00:00,-4.1,0,6.6,0.0
2025-02-24 19:00:00,-4.8,0,6.1,0.0
2025-02-24 20:00:00,-5.0,0,5.1,0.0
2025-02-24 21:00:00,-5.1,0,4.0,0.0
2025-02-24 22:00:00,-5.5,2,5.7,0.0
2025-02-24 23:00:00,-5.8,6,5.6,0.0
2025-02-25 00:00:00,-6.2,0,4.7,0.0
2025-02-25 01:00:00,-8.6,0,5.6,0.0
2025-02-25 02:00:00,-9.1,0,6.0,0.0
2025-02-25 03:00:00,-9.6,0,6.2,0.0
2025-02-25 04:00:00,-10.2,0,5.4,0.0
2025-02-25 05:00:00,-10.5,0,4.1,0.0
2025-02-25 06:00:00,-7.8,0,6.8,68.0
2025-02-25 07:00:00,-4.6,0,4.6,218.0
2025-02-25 08:00:00,-2.5,0,6.4,360.0
2025-02-25 09:00:00,-0.9,0,6.0,467.0
2025-02-25 10:00:00,0.6,0,5.9,528.0
2025-02-25 11:00:00,1.5,0,6.1,539.0
2025-02-25 12:00:00,2.0,0,6.1,497.0
2025-02-25 13:00:00,2.5,0,4.4,404.0
2025-02-25 14:00:00,2.0,0,2.8,272.0
2025-02-25 15:00:00,-0.1,0,1.5,121.0
2025-02-25 16:00:00,-2.7,13,4.9,11.0
2025-02-25 17:00:00,-3.2,27,7.6,0.0
2025-02-25 18:00:00,-4.2,4,6.4,0.0
2025-02-25 19:00:00,-4.9,21,6.0,0.0
2025-02-25 20:00:00,-5.2,100,6.5,0.0
2025-02-25 21:00:00,-5.1,100,7.0,0.0
2025-02-25 22:00:00,-5.1,100,7.6,0.0
2025-02-25 23:00:00,-4.9,100,7.6,0.0
2025-02-26 00:00:00,-5.1,100,7.6,0.0
2025-02-26 01:00:00,-5.4,100,8.4,0.0
2025-02-26 02:00:00,-5.3,100,8.5,0.0
2025-02-26 03:00:00,-5.2,100,7.8,0.0
2025-02-26 04:00:00,-5.3,90,7.3,0.0
2025-02-26 05:00:00,-5.7,21,6.6,1.0
2025-02-26 06:00:00,-4.0,16,8.5,69.0
2025-02-26 07:00:00,-1.2,2,6.6,218.0
2025-02-26 08:00:00,1.5,63,7.3,361.0
2025-02-26 09:00:00,3.3,17,8.7,467.0
2025-02-26 10:00:00,4.2,0,10.1,534.0
2025-02-26 11:00:00,4.8,0,10.9,548.0
2025-02-26 12:00:00,5.0,0,10.9,505.0
2025-02-26 13:00:00,5.3,0,10.3,412.0
2025-02-26 14:00:00,4.7,0,10.3,280.0
2025-02-26 15:00:00,1.9,0,7.8,127.0
2025-02-26 16:00:00,-0.6,0,10.8,12.0
2025-02-26 17:00:00,-1.3,4,13.2,0.0
2025-02-26 18:00:00,-1.7,35,14.4,0.0
2025-02-26 19:00:00,-1.9,89,15.0,0.0
2025-02-26 20:00:00,-2.0,31,16.9,0.0
2025-02-26 21:00:00,-2.5,6,17.7,0.0
2025-02-26 22:00:00,-2.8,1,16.5,0.0
2025-02-26 23:00:00,-3.2,0,16.0,0.0
2025-02-27 00:00:00,-3.5,0,15.2,0.0
2025-02-27 01:00:00,-3.5,0,15.4,0.0
2025-02-27 02:00:00,-3.7,1,15.6,0.0
2025-02-27 03:00:00,-3.9,1,15.9,0.0
2025-02-27 04:00:00,-4.1,0,16.0,0.0
2025-02-27 05:00:00,-4.2,0,15.8,1.0
2025-02-27 06:00:00,-3.0,0,14.8,72.0
2025-02-27 07:00:00,-1.1,0,15.9,218.0
2025-02-27 08:00:00,1.0,0,16.4,362.0
2025-02-27 09:00:00,2.8,17,17.1,471.0
2025-02-27 10:00:00,4.1,6,17.0,527.0
2025-02-27 11:00:00,5.1,41,18.0,508.0
2025-02-27 12:00:00,5.3,50,16.4,441.0
2025-02-27 13:00:00,4.9,80,14.6,278.0
2025-02-27 14:00:00,4.6,83,13.6,196.0
2025-02-27 15:00:00,3.0,68,10.7,90.0
2025-02-27 16:00:00,0.9,50,11.5,11.0
2025-02-27 17:00:00,-0.2,50,12.4,0.0
2025-02-27 18:00:00,-0.8,52,11.8,0.0
2025-02-27 19:00:00,-1.4,33,11.5,0.0
2025-02-27 20:00:00,-2.0,73,11.6,0.0
2025-02-27 21:00:00,-2.3,93,11.4,0.0
2025-02-27 22:00:00,-2.2,100,11.3,0.0
2025-02-27 23:00:00,-2.2,98,11.5,0.0
2025-02-28 00:00:00,-2.5,98,12.3,0.0
2025-02-28 01:00:00,-1.7,100,13.1,0.0
2025-02-28 02:00:00,-1.9,100,12.4,0.0
2025-02-28 03:00:00,-2.1,100,13.1,0.0
2025-02-28 04:00:00,-2.1,94,12.5,0.0
2025-02-28 05:00:00,-2.5,76,12.7,1.0
2025-02-28 06:00:00,-1.8,100,11.8,55.0
2025-02-28 07:00:00,0.1,100,13.3,144.0
2025-02-28 08:00:00,1.7,100,15.1,228.0
2025-02-28 09:00:00,3.1,100,15.7,276.0
2025-02-28 10:00:00,4.0,100,16.5,284.0
2025-02-28 11:00:00,4.9,90,17.2,357.0
2025-02-28 12:00:00,5.0,96,16.8,341.0
2025-02-28 13:00:00,4.4,100,15.5,157.0
2025-02-28 14:00:00,4.2,100,15.5,136.0
2025-02-28 15:00:00,3.2,100,14.3,81.0
2025-02-28 16:00:00,0.7,100,11.8,12.0
2025-02-28 17:00:00,-0.1,100,12.7,0.0
2025-02-28 18:00:00,-0.6,100,12.4,0.0
2025-02-28 19:00:00,-0.8,100,11.8,0.0
2025-02-28 20:00:00,-1.1,100,12.4,0.0
2025-02-28 21:00:00,-0.9,100,14.0,0.0
2025-02-28 22:00:00,-0.6,100,15.5,0.0
2025-02-28 23:00:00,-0.6,100,15.7,0.0
2025-03-01 00:00:00,-0.6,100,14.7,0.0
2025-03-01 01:00:00,-0.3,100,14.4,0.0
2025-03-01 02:00:00,-0.2,100,14.2,0.0
2025-03-01 03:00:00,-0.3,100,14.8,0.0
2025-03-01 04:00:00,-0.4,100,14.6,0.0
2025-03-01 05:00:00,-0.6,100,14.3,0.0
2025-03-01 06:00:00,-0.9,100,13.8,12.0
2025-03-01 07:00:00,-0.8,100,14.8,30.0
2025-03-01 08:00:00,-0.4,100,15.5,70.0
2025-03-01 09:00:00,-0.3,100,14.4,75.0
2025-03-01 10:00:00,-0.2,100,14.2,65.0
2025-03-01 11:00:00,0.2,100,14.0,97.0
2025-03-01 12:00:00,0.4,100,14.6,74.0
2025-03-01 13:00:00,0.2,100,14.9,99.0
2025-03-01 14:00:00,-0.1,100,13.7,60.0
2025-03-01 15:00:00,-0.4,100,12.1,26.0
2025-03-01 16:00:00,-0.8,100,12.1,4.0
2025-03-01 17:00:00,-0.8,100,12.3,0.0
2025-03-01 18:00:00,-0.8,100,10.8,0.0
2025-03-01 19:00:00,-0.8,100,10.2,0.0
2025-03-01 20:00:00,-0.8,100,9.7,0.0
2025-03-01 21:00:00,-0.7,100,11.5,0.0
2025-03-01 22:00:00,-0.8,100,10.1,0.0
2025-03-01 23:00:00,-1.0,100,8.0,0.0
2025-03-02 00:00:00,-0.9,100,7.1,0.0
2025-03-02 01:00:00,-1.0,100,6.4,0.0
2025-03-02 02:00:00,-1.2,100,6.2,0.0
2025-03-02 03:00:00,-0.9,100,5.7,0.0
2025-03-02 04:00:00,-1.1,99,4.3,0.0
2025-03-02 05:00:00,-0.9,100,3.9,2.0
2025-03-02 06:00:00,0.5,100,5.6,44.0
2025-03-02 07:00:00,2.0,99,6.1,121.0
2025-03-02 08:00:00,3.2,98,4.7,177.0
2025-03-02 09:00:00,4.8,41,2.0,349.0
2025-03-02 10:00:00,5.8,100,4.5,400.0
2025-03-02 11:00:00,5.7,98,6.4,267.0
2025-03-02 12:00:00,5.8,100,7.9,268.0
2025-03-02 13:00:00,4.9,100,7.7,184.0
2025-03-02 14:00:00,4.2,100,6.6,99.0
2025-03-02 15:00:00,3.0,100,6.9,52.0
2025-03-02 16:00:00,1.4,100,4.8,6.0
2025-03-02 17:00:00,1.4,100,7.0,0.0
2025-03-02 18:00:00,1.1,100,12.5,0.0
2025-03-02 19:00:00,-0.4,100,12.1,0.0
2025-03-02 20:00:00,-0.2,100,10.8,0.0
2025-03-02 21:00:00,-0.2,81,9.4,0.0
2025-03-02 22:00:00,-1.1,100,10.8,0.0
2025-03-02 23:00:00,-0.3,100,12.1,0.0
2025-03-03 00:00:00,0.1,100,11.4,0.0
2025-03-03 01:00:00,-0.3,100,9.3,0.0
2025-03-03 02:00:00,0.2,100,11.5,0.0
2025-03-03 03:00:00,0.5,100,12.1,0.0
2025-03-03 04:00:00,0.4,100,13.6,0.0
2025-03-03 05:00:00,0.2,100,15.0,1.0
2025-03-03 06:00:00,0.6,100,15.9,33.0
2025-03-03 07:00:00,0.9,100,16.3,79.0
2025-03-03 08:00:00,1.5,100,16.0,101.0
2025-03-03 09:00:00,2.2,100,22.9,122.0
2025-03-03 10:00:00,2.7,100,21.8,133.0
2025-03-03 11:00:00,3.5,100,20.4,155.0
2025-03-03 12:00:00,4.1,100,20.8,202.0
2025-03-03 13:00:00,4.1,100,21.4,137.0
2025-03-03 14:00:00,4.1,100,19.2,104.0
2025-03-03 15:00:00,3.5,100,15.1,50.0
2025-03-03 16:00:00,2.7,100,17.0,7.0
2025-03-03 17:00:00,2.5,100,18.4,0.0
2025-03-03 18:00:00,2.3,100,19.9,0.0
2025-03-03 19:00:00,2.4,100,20.2,0.0
2025-03-03 20:00:00,2.5,100,19.5,0.0
2025-03-03 21:00:00,2.5,100,19.1,0.0
2025-03-03 22:00:00,2.5,100,18.4,0.0
2025-03-03 23:00:00,2.5,100,16.5,0.0
2025-03-04 00:00:00,2.2,100,16.0,0.0
2025-03-04 01:00:00,2.8,100,17.8,0.0
2025-03-04 02:00:00,2.7,100,17.7,0.0
2025-03-04 03:00:00,2.6,100,16.5,0.0
2025-03-04 04:00:00,2.5,100,16.1,0.0
2025-03-04 05:00:00,2.5,100,16.0,2.0
2025-03-04 06:00:00,3.3,100,17.8,39.0
2025-03-04 07:00:00,4.4,100,18.2,97.0
2025-03-04 08:00:00,5.2,100,25.2,134.0
2025-03-04 09:00:00,5.9,100,26.2,213.0
2025-03-04 10:00:00,6.6,100,23.4,246.0
2025-03-04 11:00:00,7.7,100,25.8,342.0
2025-03-04 12:00:00,8.6,100,24.5,370.0
2025-03-04 13:00:00,9.4,70,25.4,435.0
2025-03-04 14:00:00,8.9,93,24.7,289.0
2025-03-04 15:00:00,8.1,13,21.7,146.0
2025-03-04 16:00:00,6.7,90,22.4,22.0
2025-03-04 17:00:00,5.9,100,23.2,0.0
2025-03-04 18:00:00,5.5,100,23.3,0.0
2025-03-04 19:00:00,5.1,100,23.8,0.0
2025-03-04 20:00:00,5.1,97,24.8,0.0
2025-03-04 21:00:00,4.9,91,24.7,0.0
2025-03-04 22:00:00,4.6,95,24.5,0.0
2025-03-04 23:00:00,4.2,99,23.9,0.0
2025-03-05 00:00:00,3.7,91,22.8,0.0
2025-03-05 01:00:00,4.2,86,22.7,0.0
2025-03-05 02:00:00,3.8,75,22.8,0.0
2025-03-05 03:00:00,3.3,90,21.7,0.0
2025-03-05 04:00:00,2.9,100,20.7,0.0
2025-03-05 05:00:00,3.7,98,19.2,4.0
2025-03-05 06:00:00,5.1,98,22.9,84.0
2025-03-05 07:00:00,6.3,100,20.7,184.0
2025-03-05 08:00:00,7.7,79,23.6,342.0
2025-03-05 09:00:00,8.9,100,22.7,493.0
2025-03-05 10:00:00,9.6,100,24.0,488.0
2025-03-05 11:00:00,10.5,100,24.4,464.0
2025-03-05 12:00:00,11.2,100,24.2,371.0
2025-03-05 13:00:00,12.1,100,26.2,332.0
2025-03-05 14:00:00,12.2,100,25.8,226.0
2025-03-05 15:00:00,11.6,99,25.6,115.0
2025-03-05 16:00:00,10.1,98,25.3,23.0
2025-03-05 17:00:00,9.4,100,25.8,0.0
2025-03-05 18:00:00,8.8,100,26.8,0.0
2025-03-05 19:00:00,8.5,100,27.0,0.0
2025-03-05 20:00:00,8.0,100,25.7,0.0
2025-03-05 21:00:00,7.2,99,25.0,0.0
2025-03-05 22:00:00,6.8,100,24.4,0.0
2025-03-05 23:00:00,6.2,100,23.8,0.0
2025-03-06 00:00:00,5.9,100,23.5,0.0
2025-03-06 01:00:00,7.1,98,24.6,0.0
2025-03-06 02:00:00,6.9,99,24.4,0.0
2025-03-06 03:00:00,6.8,96,24.1,0.0
2025-03-06 04:00:00,6.5,73,23.1,0.0
2025-03-06 05:00:00,6.3,9,22.6,7.0
2025-03-06 06:00:00,7.8,12,22.9,105.0
2025-03-06 07:00:00,9.9,74,20.1,257.0
2025-03-06 08:00:00,11.6,88,22.9,400.0
2025-03-06 09:00:00,13.4,19,23.5,518.0
2025-03-06 10:00:00,14.9,13,24.2,589.0
2025-03-06 11:00:00,16.2,0,25.8,597.0
2025-03-06 12:00:00,17.1,2,25.6,550.0
2025-03-06 13:00:00,18.1,1,26.7,454.0
2025-03-06 14:00:00,17.5,0,23.8,319.0
2025-03-06 15:00:00,15.4,0,19.8,163.0
2025-03-06 16:00:00,12.2,0,16.4,27.0
2025-03-06 17:00:00,10.0,0,15.9,0.0
2025-03-06 18:00:00,8.6,0,15.3,0.0
2025-03-06 19:00:00,7.3,0,14.8,0.0
2025-03-06 20:00:00,6.4,0,14.6,0.0
2025-03-06 21:00:00,5.7,0,14.5,0.0
2025-03-06 22:00:00,5.0,0,14.7,0.0
2025-03-06 23:00:00,4.4,0,14.2,0.0
2025-03-07 00:00:00,4.2,0,15.3,0.0
2025-03-07 01:00:00,5.6,0,15.3,0.0
2025-03-07 02:00:00,5.1,0,15.0,0.0
2025-03-07 03:00:00,4.3,0,14.1,0.0
2025-03-07 04:00:00,3.5,0,13.1,0.0
2025-03-07 05:00:00,3.1,2,13.1,8.0
2025-03-07 06:00:00,5.4,6,14.0,115.0
2025-03-07 07:00:00,8.4,75,11.3,273.0
2025-03-07 08:00:00,11.2,84,10.0,412.0
2025-03-07 09:00:00,14.1,74,8.9,521.0
2025-03-07 10:00:00,16.3,38,9.0,580.0
2025-03-07 11:00:00,17.9,44,10.4,593.0
2025-03-07 12:00:00,18.6,28,11.7,549.0
2025-03-07 13:00:00,19.7,8,14.9,455.0
2025-03-07 14:00:00,18.9,1,11.1,321.0
2025-03-07 15:00:00,14.6,2,7.1,165.0
2025-03-07 16:00:00,10.2,11,7.3,29.0
2025-03-07 17:00:00,8.4,35,6.8,0.0
2025-03-07 18:00:00,6.7,100,6.8,0.0
2025-03-07 19:00:00,5.2,100,6.9,0.0
2025-03-07 20:00:00,4.4,100,5.6,0.0
2025-03-07 21:00:00,3.7,100,4.3,0.0
2025-03-07 22:00:00,3.0,99,2.9,0.0
2025-03-07 23:00:00,2.5,99,2.0,0.0
2025-03-08 00:00:00,1.8,100,1.7,0.0
2025-03-08 01:00:00,1.4,100,2.5,0.0
2025-03-08 02:00:00,1.3,98,2.4,0.0
2025-03-08 03:00:00,1.1,100,2.2,0.0
2025-03-08 04:00:00,0.9,100,1.8,0.0
2025-03-08 05:00:00,1.5,100,1.1,9.0
2025-03-08 06:00:00,3.8,100,1.6,104.0
2025-03-08 07:00:00,8.4,100,0.6,252.0
2025-03-08 08:00:00,12.2,100,1.0,395.0
2025-03-08 09:00:00,14.9,100,1.9,490.0
2025-03-08 10:00:00,16.5,100,2.5,532.0
2025-03-08 11:00:00,17.4,100,2.1,537.0
2025-03-08 12:00:00,17.9,100,0.7,523.0
2025-03-08 13:00:00,18.0,100,2.0,432.0
2025-03-08 14:00:00,16.0,100,3.6,305.0
2025-03-08 15:00:00,11.8,100,6.4,154.0
2025-03-08 16:00:00,7.5,100,8.7,27.0
2025-03-08 17:00:00,6.4,100,8.7,0.0
2025-03-08 18:00:00,5.2,100,9.0,0.0
2025-03-08 19:00:00,3.9,100,9.0,0.0
2025-03-08 20:00:00,3.0,4,8.9,0.0
2025-03-08 21:00:00,2.0,9,8.3,0.0
2025-03-08 22:00:00,1.4,62,7.9,0.0
2025-03-08 23:00:00,0.8,86,7.6,0.0
2025-03-09 00:00:00,0.6,60,7.6,0.0
2025-03-09 01:00:00,0.8,87,7.3,0.0
2025-03-09 02:00:00,-0.2,87,6.3,0.0
2025-03-09 03:00:00,-0.6,65,5.1,0.0
2025-03-09 04:00:00,-0.8,57,3.9,0.0
2025-03-09 05:00:00,-0.2,81,3.8,11.0
2025-03-09 06:00:00,3.8,93,7.2,125.0
2025-03-09 07:00:00,8.6,56,5.1,284.0
2025-03-09 08:00:00,12.6,35,4.6,428.0
2025-03-09 09:00:00,15.6,18,6.5,536.0
2025-03-09 10:00:00,17.0,80,9.7,597.0
2025-03-09 11:00:00,17.5,97,10.5,604.0
2025-03-09 12:00:00,17.8,100,10.6,556.0
2025-03-09 13:00:00,17.5,100,11.4,456.0
2025-03-09 14:00:00,16.0,100,8.6,311.0
2025-03-09 15:00:00,12.4,100,8.1,164.0
2025-03-09 16:00:00,7.7,92,9.0,32.0
2025-03-09 17:00:00,5.6,53,8.8,0.0
2025-03-09 18:00:00,4.7,17,10.4,0.0
2025-03-09 19:00:00,3.7,94,10.6,0.0
2025-03-09 20:00:00,3.0,100,10.8,0.0
2025-03-09 21:00:00,2.3,96,10.7,0.0
2025-03-09 22:00:00,1.8,99,10.7,0.0
2025-03-09 23:00:00,1.6,100,10.4,0.0
2025-03-10 00:00:00,1.5,100,10.1,0.0
2025-03-10 01:00:00,2.6,100,9.4,0.0
2025-03-10 02:00:00,1.9,100,9.8,0.0
2025-03-10 03:00:00,1.5,100,10.5,0.0
2025-03-10 04:00:00,1.5,100,10.7,0.0
2025-03-10 05:00:00,2.0,100,11.9,11.0
2025-03-10 06:00:00,4.3,100,14.1,96.0
2025-03-10 07:00:00,7.1,99,11.8,217.0
2025-03-10 08:00:00,9.8,100,13.7,331.0
2025-03-10 09:00:00,11.9,100,16.3,432.0
2025-03-10 10:00:00,12.9,100,17.8,446.0
2025-03-10 11:00:00,14.0,99,18.3,497.0
2025-03-10 12:00:00,14.7,42,19.4,524.0
2025-03-10 13:00:00,15.4,0,20.3,462.0
2025-03-10 14:00:00,14.8,0,19.3,328.0
2025-03-10 15:00:00,13.2,64,15.0,172.0
2025-03-10 16:00:00,10.2,100,13.8,35.0
2025-03-10 17:00:00,8.9,100,15.1,0.0
2025-03-10 18:00:00,8.2,100,15.8,0.0
2025-03-10 19:00:00,7.5,22,15.9,0.0
2025-03-10 20:00:00,6.2,62,16.0,0.0
2025-03-10 21:00:00,5.5,20,16.5,0.0
2025-03-10 22:00:00,4.8,38,16.4,0.0
2025-03-10 23:00:00,4.3,100,17.3,0.0
2025-03-11 00:00:00,4.5,100,18.2,0.0
2025-03-11 01:00:00,5.4,100,18.6,0.0
2025-03-11 02:00:00,5.1,100,18.8,0.0
2025-03-11 03:00:00,4.3,98,18.3,0.0
2025-03-11 04:00:00,4.2,100,17.7,0.0
2025-03-11 05:00:00,4.5,2,17.2,5.0
2025-03-11 06:00:00,5.6,6,15.8,130.0
2025-03-11 07:00:00,8.1,3,15.8,285.0
2025-03-11 08:00:00,10.9,9,14.8,426.0
2025-03-11 09:00:00,14.1,53,16.0,532.0
2025-03-11 10:00:00,16.8,13,16.9,590.0
2025-03-11 11:00:00,18.6,12,19.2,596.0
2025-03-11 12:00:00,19.8,4,23.5,554.0
2025-03-11 13:00:00,18.2,49,19.3,464.0
2025-03-11 14:00:00,18.0,99,17.2,328.0
2025-03-11 15:00:00,15.9,100,16.1,158.0
2025-03-11 16:00:00,13.4,100,16.4,30.0
2025-03-11 17:00:00,12.1,100,16.5,0.0
2025-03-11 18:00:00,10.9,96,16.3,0.0
2025-03-11 19:00:00,9.4,100,12.7,0.0
2025-03-11 20:00:00,9.1,100,11.0,0.0
2025-03-11 21:00:00,8.6,100,11.3,0.0
2025-03-11 22:00:00,8.1,100,15.7,0.0
2025-03-11 23:00:00,8.4,100,21.3,0.0
2025-03-12 00:00:00,8.1,100,17.2,0.0
2025-03-12 01:00:00,8.8,100,12.2,0.0
2025-03-12 02:00:00,8.7,78,11.9,0.0
2025-03-12 03:00:00,7.3,98,12.8,0.0
2025-03-12 04:00:00,7.8,27,15.0,0.0
2025-03-12 05:00:00,7.9,7,18.0,14.0
2025-03-12 06:00:00,10.4,61,20.0,127.0
2025-03-12 07:00:00,12.2,100,24.9,275.0
2025-03-12 08:00:00,13.4,100,28.6,401.0
2025-03-12 09:00:00,14.3,100,25.7,456.0
2025-03-12 10:00:00,15.5,99,26.9,506.0
2025-03-12 11:00:00,16.6,99,25.5,537.0
2025-03-12 12:00:00,17.1,63,23.3,518.0
2025-03-12 13:00:00,15.9,99,19.3,249.0
2025-03-12 14:00:00,15.6,92,17.3,204.0
2025-03-12 15:00:00,15.1,94,13.3,129.0
2025-03-12 16:00:00,12.2,23,7.2,30.0
2025-03-12 17:00:00,9.8,5,6.3,0.0
2025-03-12 18:00:00,8.4,0,6.4,0.0
2025-03-12 19:00:00,7.2,0,7.7,0.0
2025-03-12 20:00:00,6.8,39,9.9,0.0
2025-03-12 21:00:00,6.6,99,10.4,0.0
2025-03-12 22:00:00,6.3,100,10.1,0.0
2025-03-12 23:00:00,6.3,100,13.0,0.0
2025-03-13 00:00:00,6.7,100,12.9,0.0
2025-03-13 01:00:00,7.4,100,12.5,0.0
2025-03-13 02:00:00,7.8,100,14.0,0.0
2025-03-13 03:00:00,7.8,100,15.3,0.0
2025-03-13 04:00:00,7.2,100,15.9,0.0
2025-03-13 05:00:00,7.5,100,17.3,16.0
2025-03-13 06:00:00,9.4,100,17.3,107.0
2025-03-13 07:00:00,10.9,99,18.7,196.0
2025-03-13 08:00:00,13.8,99,20.3,417.0
2025-03-13 09:00:00,16.1,100,22.0,502.0
2025-03-13 10:00:00,16.7,100,25.1,413.0
2025-03-13 11:00:00,15.6,100,27.1,194.0
2025-03-13 12:00:00,14.6,100,27.1,200.0
2025-03-13 13:00:00,12.3,100,22.5,54.0
2025-03-13 14:00:00,12.4,100,24.9,51.0
2025-03-13 15:00:00,13.2,92,23.8,36.0
2025-03-13 16:00:00,13.4,5,24.8,12.0
2025-03-13 17:00:00,12.9,88,23.0,0.0
2025-03-13 18:00:00,12.4,100,25.6,0.0
2025-03-13 19:00:00,11.8,100,23.0,0.0
2025-03-13 20:00:00,11.7,100,21.1,0.0
2025-03-13 21:00:00,11.3,3,19.9,0.0
2025-03-13 22:00:00,11.4,42,22.0,0.0
2025-03-13 23:00:00,11.4,81,21.5,0.0
2025-03-14 00:00:00,10.5,37,20.6,0.0
2025-03-14 01:00:00,11.0,13,19.1,0.0
2025-03-14 02:00:00,10.6,1,20.1,0.0
2025-03-14 03:00:00,10.6,88,19.7,0.0
2025-03-14 04:00:00,10.2,99,19.3,0.0
2025-03-14 05:00:00,10.5,69,18.6,18.0
2025-03-14 06:00:00,12.8,98,21.9,142.0
2025-03-14 07:00:00,14.3,100,20.8,277.0
2025-03-14 08:00:00,15.1,0,21.4,379.0
2025-03-14 09:00:00,16.1,99,29.0,540.0
2025-03-14 10:00:00,16.1,100,24.3,416.0
2025-03-14 11:00:00,16.5,29,19.5,469.0
2025-03-14 12:00:00,16.6,33,20.0,479.0
2025-03-14 13:00:00,16.8,39,17.4,379.0
2025-03-14 14:00:00,16.7,61,12.6,258.0
2025-03-14 15:00:00,15.8,36,7.7,140.0
2025-03-14 16:00:00,12.5,98,7.5,40.0
2025-03-14 17:00:00,10.4,100,7.6,0.0
2025-03-14 18:00:00,8.8,100,6.5,0.0
2025-03-14 19:00:00,8.6,100,7.4,0.0
2025-03-14 20:00:00,9.0,100,10.9,0.0
2025-03-14 21:00:00,9.4,100,13.4,0.0
2025-03-14 22:00:00,9.5,99,14.0,0.0
2025-03-14 23:00:00,9.9,100,16.8,0.0
2025-03-15 00:00:00,9.4,100,16.7,0.0
2025-03-15 01:00:00,9.7,100,17.3,0.0
2025-03-15 02:00:00,9.7,100,18.4,0.0
2025-03-15 03:00:00,10.1,100,19.8,0.0
2025-03-15 04:00:00,9.9,100,17.3,0.0
2025-03-15 05:00:00,10.0,100,13.4,19.0
2025-03-15 06:00:00,11.4,100,13.7,114.0
2025-03-15 07:00:00,12.9,100,9.7,169.0
2025-03-15 08:00:00,13.4,100,8.7,139.0
2025-03-15 09:00:00,13.6,100,9.0,142.0
2025-03-15 10:00:00,13.8,100,8.5,146.0
2025-03-15 11:00:00,13.9,100,13.4,161.0
2025-03-15 12:00:00,11.4,100,20.3,234.0
2025-03-15 13:00:00,6.8,100,20.0,250.0
2025-03-15 14:00:00,6.4,100,18.9,181.0
2025-03-15 15:00:00,5.2,100,18.2,70.0
2025-03-15 16:00:00,4.2,100,19.5,19.0
2025-03-15 17:00:00,3.2,100,19.7,0.0
2025-03-15 18:00:00,2.5,100,19.1,0.0
2025-03-15 19:00:00,2.3,100,18.3,0.0
2025-03-15 20:00:00,2.1,100,17.6,0.0
2025-03-15 21:00:00,2.0,100,16.1,0.0
2025-03-15 22:00:00,1.8,100,15.1,0.0
2025-03-15 23:00:00,1.7,100,13.9,0.0
2025-03-16 00:00:00,1.5,100,13.7,0.0
2025-03-16 01:00:00,1.1,100,13.1,0.0
2025-03-16 02:00:00,0.9,100,14.9,0.0
2025-03-16 03:00:00,0.7,100,12.0,0.0
2025-03-16 04:00:00,0.5,100,13.4,0.0
2025-03-16 05:00:00,0.5,100,12.6,6.0
2025-03-16 06:00:00,0.9,100,13.9,41.0
2025-03-16 07:00:00,1.1,100,14.2,59.0
2025-03-16 08:00:00,1.9,100,15.1,102.0
2025-03-16 09:00:00,3.9,100,13.9,287.0
2025-03-16 10:00:00,4.8,100,16.3,297.0
2025-03-16 11:00:00,6.3,100,15.2,393.0
2025-03-16 12:00:00,7.6,100,11.9,368.0
2025-03-16 13:00:00,4.9,100,10.1,177.0
2025-03-16 14:00:00,5.4,100,9.4,191.0
2025-03-16 15:00:00,5.4,100,8.1,102.0
2025-03-16 16:00:00,4.9,100,4.2,35.0
2025-03-16 17:00:00,2.9,100,4.0,0.0
2025-03-16 18:00:00,1.6,100,3.2,0.0
2025-03-16 19:00:00,0.8,100,6.3,0.0
2025-03-16 20:00:00,1.3,100,9.7,0.0
2025-03-16 21:00:00,0.9,100,8.2,0.0
2025-03-16 22:00:00,-0.3,100,5.3,0.0
2025-03-16 23:00:00,-1.2,84,5.0,0.0
2025-03-17 00:00:00,-2.0,97,6.2,0.0
2025-03-17 01:00:00,-2.2,97,5.5,0.0
2025-03-17 02:00:00,-2.2,73,6.0,0.0
2025-03-17 03:00:00,-2.5,68,7.0,0.0
2025-03-17 04:00:00,-2.8,62,8.6,0.0
2025-03-17 05:00:00,-2.5,89,10.5,28.0
2025-03-17 06:00:00,-0.4,91,7.8,153.0
2025-03-17 07:00:00,2.1,99,8.9,310.0
2025-03-17 08:00:00,4.0,99,10.7,451.0
2025-03-17 09:00:00,5.4,100,10.8,560.0
2025-03-17 10:00:00,6.9,100,12.7,588.0
2025-03-17 11:00:00,7.7,100,13.7,593.0
2025-03-17 12:00:00,7.2,100,17.1,350.0
2025-03-17 13:00:00,5.1,100,17.4,130.0
2025-03-17 14:00:00,3.8,100,20.0,92.0
2025-03-17 15:00:00,2.3,100,19.4,101.0
2025-03-17 16:00:00,1.1,100,18.8,16.0
2025-03-17 17:00:00,0.4,100,20.8,0.0
2025-03-17 18:00:00,-0.4,100,22.7,0.0
2025-03-17 19:00:00,-1.5,99,23.1,0.0
2025-03-17 20:00:00,-2.3,99,23.9,0.0
2025-03-17 21:00:00,-2.5,62,22.3,0.0
2025-03-17 22:00:00,-3.0,79,20.7,0.0
2025-03-17 23:00:00,-3.3,39,20.7,0.0
2025-03-18 00:00:00,-4.0,24,21.5,0.0
2025-03-18 01:00:00,-3.2,81,20.5,0.0
2025-03-18 02:00:00,-3.9,10,22.7,0.0
2025-03-18 03:00:00,-4.4,3,21.4,0.0
2025-03-18 04:00:00,-4.6,0,21.3,0.0
2025-03-18 05:00:00,-4.1,0,19.9,34.0
2025-03-18 06:00:00,-2.8,0,21.8,180.0
2025-03-18 07:00:00,-1.1,0,23.6,350.0
2025-03-18 08:00:00,0.4,0,24.8,499.0
2025-03-18 09:00:00,1.6,0,25.2,609.0
2025-03-18 10:00:00,2.5,0,25.6,669.0
2025-03-18 11:00:00,3.2,1,25.7,674.0
2025-03-18 12:00:00,4.0,75,27.0,624.0
2025-03-18 13:00:00,3.6,53,25.5,508.0
2025-03-18 14:00:00,3.3,0,24.1,352.0
2025-03-18 15:00:00,2.4,6,16.8,206.0
2025-03-18 16:00:00,0.1,96,11.2,60.0
2025-03-18 17:00:00,-1.3,100,11.7,0.0
2025-03-18 18:00:00,-0.9,100,10.9,0.0
2025-03-18 19:00:00,-1.0,100,10.9,0.0
2025-03-18 20:00:00,-1.0,100,11.7,0.0
2025-03-18 21:00:00,-1.0,100,10.9,0.0
2025-03-18 22:00:00,-0.7,100,11.8,0.0
2025-03-18 23:00:00,-0.8,100,12.0,0.0
2025-03-19 00:00:00,-0.9,100,11.6,0.0
2025-03-19 01:00:00,-0.6,100,8.9,0.0
2025-03-19 02:00:00,-0.5,100,8.5,0.0
2025-03-19 03:00:00,-0.3,100,9.3,0.0
2025-03-19 04:00:00,-0.2,100,9.1,0.0
2025-03-19 05:00:00,0.2,100,10.1,13.0
2025-03-19 06:00:00,1.1,100,11.2,68.0
2025-03-19 07:00:00,1.6,100,15.9,82.0
2025-03-19 08:00:00,2.1,100,16.9,118.0
2025-03-19 09:00:00,3.5,100,18.4,202.0
2025-03-19 10:00:00,4.9,100,19.0,245.0
2025-03-19 11:00:00,5.9,100,19.5,303.0
2025-03-19 12:00:00,6.7,100,20.5,290.0
2025-03-19 13:00:00,7.3,92,20.1,335.0
2025-03-19 14:00:00,7.2,100,17.7,227.0
2025-03-19 15:00:00,6.3,88,12.4,92.0
2025-03-19 16:00:00,4.4,99,10.3,39.0
2025-03-19 17:00:00,2.5,100,6.7,0.0
2025-03-19 18:00:00,3.2,97,10.3,0.0
2025-03-19 19:00:00,3.2,100,12.7,0.0
2025-03-19 20:00:00,2.9,43,13.2,0.0
2025-03-19 21:00:00,1.3,16,12.8,0.0
2025-03-19 22:00:00,0.4,19,13.0,0.0
2025-03-19 23:00:00,0.1,0,12.7,0.0
2025-03-20 00:00:00,-0.3,0,12.2,0.0
2025-03-20 01:00:00,0.1,0,12.1,0.0
2025-03-20 02:00:00,-0.3,0,11.6,0.0
2025-03-20 03:00:00,-0.8,0,11.2,0.0
2025-03-20 04:00:00,-1.2,0,10.8,0.0
2025-03-20 05:00:00,-0.2,0,12.0,40.0
2025-03-20 06:00:00,2.2,0,9.9,184.0
2025-03-20 07:00:00,4.7,0,9.8,346.0
2025-03-20 08:00:00,6.8,7,9.7,488.0
2025-03-20 09:00:00,8.5,10,8.7,592.0
2025-03-20 10:00:00,9.6,0,8.5,651.0
2025-03-20 11:00:00,10.4,6,7.4,655.0
2025-03-20 12:00:00,11.0,0,6.9,608.0
2025-03-20 13:00:00,11.9,0,8.6,515.0
2025-03-20 14:00:00,11.6,0,8.0,379.0
2025-03-20 15:00:00,10.5,0,4.2,219.0
2025-03-20 16:00:00,7.3,0,2.0,65.0
2025-03-20 17:00:00,5.8,0,0.6,0.0
2025-03-20 18:00:00,4.6,0,0.6,0.0
2025-03-20 19:00:00,2.5,0,3.7,0.0
2025-03-20 20:00:00,0.9,0,5.0,0.0
2025-03-20 21:00:00,0.4,0,4.4,0.0
2025-03-20 22:00:00,0.2,0,4.4,0.0
2025-03-20 23:00:00,-0.2,0,4.7,0.0
2025-03-21 00:00:00,-0.9,0,6.3,0.0
2025-03-21 01:00:00,-1.0,0,7.4,0.0
2025-03-21 02:00:00,-1.0,0,7.3,0.0
2025-03-21 03:00:00,-1.0,0,7.4,0.0
2025-03-21 04:00:00,-1.1,0,7.5,0.0
2025-03-21 05:00:00,1.0,0,9.4,46.0
2025-03-21 06:00:00,4.7,0,8.9,196.0
2025-03-21 07:00:00,8.2,0,6.9,362.0
2025-03-21 08:00:00,11.0,0,8.8,507.0
2025-03-21 09:00:00,12.6,0,11.3,614.0
2025-03-21 10:00:00,13.6,0,11.8,673.0
2025-03-21 11:00:00,14.2,0,12.2,677.0
2025-03-21 12:00:00,14.7,0,12.3,627.0
2025-03-21 13:00:00,14.8,0,12.8,529.0
2025-03-21 14:00:00,14.0,0,10.1,390.0
2025-03-21 15:00:00,10.4,0,6.2,227.0
2025-03-21 16:00:00,6.8,0,5.1,70.0
2025-03-21 17:00:00,3.7,0,7.5,1.0
2025-03-21 18:00:00,2.2,0,8.7,0.0
2025-03-21 19:00:00,1.8,0,8.4,0.0
2025-03-21 20:00:00,0.8,0,7.7,0.0
2025-03-21 21:00:00,0.5,0,7.4,0.0
2025-03-21 22:00:00,0.2,0,7.3,0.0
2025-03-21 23:00:00,-0.6,2,7.0,0.0
2025-03-22 00:00:00,-1.0,15,6.0,0.0
2025-03-22 01:00:00,0.2,34,5.4,0.0
2025-03-22 02:00:00,0.2,52,4.1,0.0
2025-03-22 03:00:00,-0.3,47,4.5,0.0
2025-03-22 04:00:00,-0.8,93,5.1,0.0
2025-03-22 05:00:00,1.3,58,7.5,48.0
2025-03-22 06:00:00,5.2,69,2.5,197.0
2025-03-22 07:00:00,8.6,74,1.8,356.0
2025-03-22 08:00:00,11.4,100,3.5,493.0
2025-03-22 09:00:00,13.5,88,5.5,597.0
2025-03-22 10:00:00,14.4,81,7.9,654.0
2025-03-22 11:00:00,14.8,88,8.8,656.0
2025-03-22 12:00:00,15.2,98,8.6,597.0
2025-03-22 13:00:00,15.1,96,7.3,502.0
2025-03-22 14:00:00,14.2,95,9.0,359.0
2025-03-22 15:00:00,10.8,100,7.9,184.0
2025-03-22 16:00:00,7.6,100,9.0,56.0
2025-03-22 17:00:00,5.7,83,8.8,1.0
2025-03-22 18:00:00,4.4,44,7.4,0.0
2025-03-22 19:00:00,2.3,81,7.5,0.0
2025-03-22 20:00:00,2.8,96,8.5,0.0
2025-03-22 21:00:00,4.2,100,11.2,0.0
2025-03-22 22:00:00,3.2,26,10.6,0.0
2025-03-22 23:00:00,1.4,23,8.1,0.0
2025-03-23 00:00:00,0.9,9,8.9,0.0
2025-03-23 01:00:00,2.2,35,11.2,0.0
2025-03-23 02:00:00,1.5,90,11.4,0.0
2025-03-23 03:00:00,1.6,98,13.3,0.0
2025-03-23 04:00:00,1.5,93,13.3,0.0
2025-03-23 05:00:00,2.6,94,15.0,47.0
2025-03-23 06:00:00,5.0,67,15.1,178.0
2025-03-23 07:00:00,7.6,97,17.6,343.0
2025-03-23 08:00:00,8.9,100,20.8,439.0
2025-03-23 09:00:00,10.2,99,23.1,486.0
2025-03-23 10:00:00,11.2,100,26.1,584.0
2025-03-23 11:00:00,11.8,100,30.5,538.0
2025-03-23 12:00:00,11.3,100,28.6,308.0
2025-03-23 13:00:00,10.7,100,26.0,211.0
2025-03-23 14:00:00,10.2,100,24.1,169.0
2025-03-23 15:00:00,9.4,100,19.0,89.0
2025-03-23 16:00:00,8.5,100,16.0,29.0
2025-03-23 17:00:00,7.9,100,14.4,0.0
2025-03-23 18:00:00,7.7,100,15.5,0.0
2025-03-23 19:00:00,7.6,100,17.2,0.0
2025-03-23 20:00:00,6.9,100,17.6,0.0
2025-03-23 21:00:00,5.8,100,18.1,0.0
2025-03-23 22:00:00,5.5,100,20.1,0.0
2025-03-23 23:00:00,5.8,100,22.9,0.0
2025-03-24 00:00:00,5.6,100,22.9,0.0
2025-03-24 01:00:00,5.9,100,22.7,0.0
2025-03-24 02:00:00,5.7,100,23.3,0.0
2025-03-24 03:00:00,5.7,100,24.2,0.0
2025-03-24 04:00:00,5.6,100,23.4,0.0
2025-03-24 05:00:00,5.8,100,24.3,23.0
2025-03-24 06:00:00,6.3,100,23.7,68.0
2025-03-24 07:00:00,6.8,100,24.8,116.0
2025-03-24 08:00:00,7.0,100,27.9,201.0
2025-03-24 09:00:00,8.6,100,27.2,298.0
2025-03-24 10:00:00,10.0,100,32.2,351.0
2025-03-24 11:00:00,12.1,100,31.4,364.0
2025-03-24 12:00:00,12.4,100,30.5,220.0
2025-03-24 13:00:00,10.8,100,23.6,135.0
2025-03-24 14:00:00,10.3,100,23.4,91.0
2025-03-24 15:00:00,9.6,100,21.1,102.0
2025-03-24 16:00:00,9.6,100,25.1,22.0
2025-03-24 17:00:00,9.3,100,22.9,0.0
2025-03-24 18:00:00,9.1,100,22.0,0.0
2025-03-24 19:00:00,8.7,100,20.8,0.0
2025-03-24 20:00:00,8.1,100,20.5,0.0
2025-03-24 21:00:00,7.8,100,21.4,0.0
2025-03-24 22:00:00,7.8,100,19.5,0.0
2025-03-24 23:00:00,7.9,100,18.8,0.0
2025-03-25 00:00:00,7.7,100,19.2,0.0
2025-03-25 01:00:00,8.2,100,18.2,0.0
2025-03-25 02:00:00,8.2,100,17.1,0.0
2025-03-25 03:00:00,8.1,100,17.6,0.0
2025-03-25 04:00:00,7.3,100,15.7,0.0
2025-03-25 05:00:00,7.2,100,13.4,5.0
2025-03-25 06:00:00,7.8,100,13.5,50.0
2025-03-25 07:00:00,8.7,100,13.9,98.0
2025-03-25 08:00:00,11.0,100,14.7,220.0
2025-03-25 09:00:00,12.4,100,14.8,259.0
2025-03-25 10:00:00,13.4,100,15.2,274.0
2025-03-25 11:00:00,13.9,75,15.4,249.0
2025-03-25 12:00:00,15.0,58,15.5,440.0
2025-03-25 13:00:00,13.4,100,14.7,206.0
2025-03-25 14:00:00,12.8,100,14.8,115.0
2025-03-25 15:00:00,11.6,99,16.1,64.0
2025-03-25 16:00:00,11.0,100,14.6,36.0
2025-03-25 17:00:00,9.9,100,13.7,1.0
2025-03-25 18:00:00,9.1,100,11.9,0.0
2025-03-25 19:00:00,8.4,100,9.4,0.0
2025-03-25 20:00:00,7.8,100,9.0,0.0
2025-03-25 21:00:00,7.1,100,12.9,0.0
2025-03-25 22:00:00,6.2,9,9.8,0.0
2025-03-25 23:00:00,4.0,3,8.2,0.0
2025-03-26 00:00:00,2.5,0,7.0,0.0
2025-03-26 01:00:00,2.3,41,7.4,0.0
2025-03-26 02:00:00,1.7,1,6.9,0.0
2025-03-26 03:00:00,0.9,0,7.9,0.0
2025-03-26 04:00:00,0.5,0,8.5,0.0
2025-03-26 05:00:00,1.9,0,10.6,64.0
2025-03-26 06:00:00,4.5,0,7.4,218.0
2025-03-26 07:00:00,6.6,30,12.3,386.0
2025-03-26 08:00:00,8.4,86,13.9,521.0
2025-03-26 09:00:00,9.1,0,12.2,539.0
2025-03-26 10:00:00,10.1,0,10.9,698.0
2025-03-26 11:00:00,10.8,2,8.4,697.0
2025-03-26 12:00:00,11.4,4,8.5,644.0
2025-03-26 13:00:00,11.3,1,8.0,547.0
2025-03-26 14:00:00,11.1,0,8.1,409.0
2025-03-26 15:00:00,10.6,0,7.9,246.0
2025-03-26 16:00:00,7.6,0,5.3,86.0
2025-03-26 17:00:00,5.3,98,6.2,2.0
2025-03-26 18:00:00,5.1,93,3.6,0.0
2025-03-26 19:00:00,4.3,100,4.5,0.0
2025-03-26 20:00:00,4.2,100,3.4,0.0
2025-03-26 21:00:00,4.1,99,3.2,0.0
2025-03-26 22:00:00,3.9,97,2.1,0.0
2025-03-26 23:00:00,2.7,78,2.9,0.0
2025-03-27 00:00:00,1.2,89,4.5,0.0
2025-03-27 01:00:00,0.7,69,5.2,0.0
2025-03-27 02:00:00,0.4,0,3.6,0.0
2025-03-27 03:00:00,0.2,19,4.2,0.0
2025-03-27 04:00:00,-0.1,3,4.9,1.0
2025-03-27 05:00:00,2.8,66,8.3,70.0
2025-03-27 06:00:00,6.8,54,5.5,217.0
2025-03-27 07:00:00,9.4,95,3.2,357.0
2025-03-27 08:00:00,10.8,100,3.7,452.0
2025-03-27 09:00:00,11.8,100,4.7,493.0
2025-03-27 10:00:00,12.6,100,5.3,563.0
2025-03-27 11:00:00,12.2,100,4.7,304.0
2025-03-27 12:00:00,12.1,100,4.5,220.0
2025-03-27 13:00:00,12.6,100,6.4,156.0
2025-03-27 14:00:00,12.2,100,4.5,92.0
2025-03-27 15:00:00,11.9,100,1.1,71.0
2025-03-27 16:00:00,10.4,100,4.3,20.0
2025-03-27 17:00:00,9.7,100,7.0,1.0
2025-03-27 18:00:00,9.0,100,3.5,0.0
2025-03-27 19:00:00,9.1,27,0.4,0.0
2025-03-27 20:00:00,6.9,0,2.2,0.0
2025-03-27 21:00:00,4.8,1,6.9,0.0
2025-03-27 22:00:00,4.2,8,8.1,0.0
2025-03-27 23:00:00,3.5,1,7.4,0.0
2025-03-28 00:00:00,2.7,0,6.9,0.0
2025-03-28 01:00:00,3.0,0,7.0,0.0
2025-03-28 02:00:00,2.6,0,7.0,0.0
2025-03-28 03:00:00,2.1,0,6.5,0.0
2025-03-28 04:00:00,1.5,0,6.3,1.0
2025-03-28 05:00:00,3.9,0,9.2,73.0
2025-03-28 06:00:00,6.9,8,6.7,231.0
2025-03-28 07:00:00,9.4,97,8.3,339.0
2025-03-28 08:00:00,11.2,0,10.3,436.0
2025-03-28 09:00:00,13.1,32,9.6,636.0
2025-03-28 10:00:00,13.6,30,9.2,579.0
2025-03-28 11:00:00,14.4,60,8.8,643.0
2025-03-28 12:00:00,14.2,39,10.1,505.0
2025-03-28 13:00:00,13.9,75,12.5,436.0
2025-03-28 14:00:00,13.6,29,11.5,351.0
2025-03-28 15:00:00,12.9,16,10.7,227.0
2025-03-28 16:00:00,10.4,34,7.3,87.0
2025-03-28 17:00:00,7.8,3,7.3,4.0
2025-03-28 18:00:00,6.6,5,8.2,0.0
2025-03-28 19:00:00,6.4,16,13.6,0.0
2025-03-28 20:00:00,6.0,0,14.0,0.0
2025-03-28 21:00:00,5.4,2,14.7,0.0
2025-03-28 22:00:00,4.9,0,14.2,0.0
2025-03-28 23:00:00,4.5,0,13.8,0.0
2025-03-29 00:00:00,4.0,0,13.4,0.0
2025-03-29 01:00:00,4.2,0,12.4,0.0
2025-03-29 02:00:00,3.8,0,12.1,0.0
2025-03-29 03:00:00,3.3,0,12.9,0.0
2025-03-29 04:00:00,3.2,0,13.7,2.0
2025-03-29 05:00:00,4.8,0,16.2,79.0
2025-03-29 06:00:00,7.2,0,15.6,238.0
2025-03-29 07:00:00,9.6,2,17.7,403.0
2025-03-29 08:00:00,11.7,5,18.3,545.0
2025-03-29 09:00:00,13.6,48,18.7,650.0
2025-03-29 10:00:00,14.9,23,21.5,702.0
2025-03-29 11:00:00,15.4,17,20.3,686.0
2025-03-29 12:00:00,15.8,21,20.4,650.0
2025-03-29 13:00:00,15.1,14,21.6,554.0
2025-03-29 14:00:00,14.8,91,21.3,408.0
2025-03-29 15:00:00,13.6,91,19.4,219.0
2025-03-29 16:00:00,12.1,96,15.5,86.0
2025-03-29 17:00:00,10.6,99,16.2,4.0
2025-03-29 18:00:00,9.6,88,15.9,0.0
2025-03-29 19:00:00,8.6,100,16.3,0.0
2025-03-29 20:00:00,8.2,100,16.9,0.0
2025-03-29 21:00:00,7.8,100,16.6,0.0
2025-03-29 22:00:00,7.2,100,16.4,0.0
2025-03-29 23:00:00,6.6,17,14.4,0.0
2025-03-30 00:00:00,5.3,99,13.0,0.0
2025-03-30 01:00:00,5.3,89,13.4,0.0
2025-03-30 02:00:00,4.9,50,12.2,0.0
2025-03-30 03:00:00,4.3,100,11.3,0.0
2025-03-30 04:00:00,4.3,100,12.5,2.0
2025-03-30 05:00:00,5.8,98,11.8,60.0
2025-03-30 06:00:00,7.7,94,16.0,197.0
2025-03-30 07:00:00,9.1,18,17.1,348.0
2025-03-30 08:00:00,11.2,100,20.0,518.0
2025-03-30 09:00:00,11.9,100,19.7,429.0
2025-03-30 10:00:00,11.6,100,17.3,326.0
2025-03-30 11:00:00,11.3,100,15.7,215.0
2025-03-30 12:00:00,10.7,100,13.9,115.0
2025-03-30 13:00:00,7.9,100,12.6,115.0
2025-03-30 14:00:00,8.1,100,9.6,69.0
2025-03-30 15:00:00,7.9,100,9.0,31.0
2025-03-30 16:00:00,7.8,100,8.7,12.0
2025-03-30 17:00:00,7.6,100,8.9,1.0
2025-03-30 18:00:00,7.7,100,9.2,0.0
2025-03-30 19:00:00,7.7,100,7.5,0.0
2025-03-30 20:00:00,7.6,100,6.6,0.0
2025-03-30 21:00:00,7.5,100,5.0,0.0
2025-03-30 22:00:00,7.4,100,3.5,0.0
2025-03-30 23:00:00,7.3,100,3.3,0.0
2025-03-31 00:00:00,7.3,100,2.4,0.0
2025-03-31 01:00:00,7.8,100,3.1,0.0
2025-03-31 02:00:00,7.7,100,4.5,0.0
2025-03-31 03:00:00,7.7,100,5.8,0.0
2025-03-31 04:00:00,7.8,100,5.9,1.0
2025-03-31 05:00:00,8.1,100,7.0,21.0
2025-03-31 06:00:00,8.6,100,6.8,48.0
2025-03-31 07:00:00,9.3,100,6.5,83.0
2025-03-31 08:00:00,10.1,100,5.7,131.0
2025-03-31 09:00:00,10.9,100,6.5,172.0
2025-03-31 10:00:00,11.8,100,6.5,190.0
2025-03-31 11:00:00,13.8,100,6.6,385.0
2025-03-31 12:00:00,14.4,100,5.2,311.0
2025-03-31 13:00:00,12.2,100,7.5,136.0
2025-03-31 14:00:00,11.8,100,9.1,117.0
2025-03-31 15:00:00,11.4,100,7.5,60.0
2025-03-31 16:00:00,10.4,100,6.5,20.0
2025-03-31 17:00:00,10.2,100,8.0,2.0
2025-03-31 18:00:00,9.6,99,7.2,0.0
2025-03-31 19:00:00,9.0,100,8.0,0.0
2025-03-31 20:00:00,8.9,100,6.7,0.0
2025-03-31 21:00:00,8.9,100,6.5,0.0
2025-03-31 22:00:00,8.6,100,6.1,0.0
2025-03-31 23:00:00,8.8,100,6.9,0.0
2025-04-01 00:00:00,8.8,100,8.3,0.0
2025-04-01 01:00:00,9.1,100,10.3,0.0
2025-04-01 02:00:00,8.9,100,11.5,0.0
2025-04-01 03:00:00,8.6,100,12.0,0.0
2025-04-01 04:00:00,8.6,100,10.8,1.0
2025-04-01 05:00:00,8.8,100,13.4,21.0
2025-04-01 06:00:00,9.1,100,16.4,61.0
2025-04-01 07:00:00,9.5,100,17.3,113.0
2025-04-01 08:00:00,10.1,100,16.7,145.0
2025-04-01 09:00:00,10.1,100,15.5,200.0
2025-04-01 10:00:00,10.4,100,17.2,169.0
2025-04-01 11:00:00,10.1,100,14.8,170.0
2025-04-01 12:00:00,10.6,100,14.0,170.0
2025-04-01 13:00:00,10.9,100,17.6,145.0
2025-04-01 14:00:00,11.2,100,16.5,131.0
2025-04-01 15:00:00,10.6,100,15.2,96.0
2025-04-01 16:00:00,9.6,100,13.1,39.0
2025-04-01 17:00:00,8.9,100,13.3,3.0
2025-04-01 18:00:00,8.4,100,12.8,0.0
2025-04-01 19:00:00,8.3,100,12.7,0.0
2025-04-01 20:00:00,8.1,100,13.2,0.0
2025-04-01 21:00:00,7.7,100,12.1,0.0
2025-04-01 22:00:00,7.6,100,10.6,0.0
2025-04-01 23:00:00,7.7,100,9.4,0.0
2025-04-02 00:00:00,7.5,100,9.7,0.0
2025-04-02 01:00:00,7.8,100,10.5,0.0
2025-04-02 02:00:00,7.6,100,9.9,0.0
2025-04-02 03:00:00,7.4,100,9.8,0.0
2025-04-02 04:00:00,7.4,100,10.2,1.0
2025-04-02 05:00:00,7.6,100,12.0,11.0
2025-04-02 06:00:00,8.0,100,11.4,59.0
2025-04-02 07:00:00,8.6,100,11.2,110.0
2025-04-02 08:00:00,8.9,100,9.9,85.0
2025-04-02 09:00:00,8.9,100,10.6,86.0
2025-04-02 10:00:00,9.2,100,11.2,103.0
2025-04-02 11:00:00,10.5,100,10.0,218.0
2025-04-02 12:00:00,10.6,100,11.0,161.0
2025-04-02 13:00:00,9.6,100,13.8,117.0
2025-04-02 14:00:00,9.2,100,12.8,50.0
2025-04-02 15:00:00,8.9,100,11.8,40.0
2025-04-02 16:00:00,8.6,100,10.3,14.0
2025-04-02 17:00:00,8.3,100,13.0,2.0
2025-04-02 18:00:00,7.9,100,14.4,0.0
2025-04-02 19:00:00,7.8,100,14.8,0.0
2025-04-02 20:00:00,7.7,100,13.5,0.0
2025-04-02 21:00:00,7.5,100,12.1,0.0
2025-04-02 22:00:00,7.4,100,12.5,0.0
2025-04-02 23:00:00,7.5,100,13.9,0.0
2025-04-03 00:00:00,7.8,100,15.4,0.0
2025-04-03 01:00:00,8.1,87,15.4,0.0
2025-04-03 02:00:00,8.0,51,17.7,0.0
2025-04-03 03:00:00,7.3,77,18.8,0.0
2025-04-03 04:00:00,6.9,94,18.5,3.0
2025-04-03 05:00:00,6.8,100,17.4,31.0
2025-04-03 06:00:00,7.6,65,20.9,114.0
2025-04-03 07:00:00,10.7,66,21.4,343.0
2025-04-03 08:00:00,13.0,45,18.5,508.0
2025-04-03 09:00:00,14.4,64,20.4,615.0
2025-04-03 10:00:00,15.4,44,19.9,628.0
2025-04-03 11:00:00,16.1,23,18.7,604.0
2025-04-03 12:00:00,16.6,35,19.3,587.0
2025-04-03 13:00:00,15.1,90,16.6,281.0
2025-04-03 14:00:00,15.6,100,16.7,295.0
2025-04-03 15:00:00,14.9,32,17.2,189.0
2025-04-03 16:00:00,13.1,22,11.3,103.0
2025-04-03 17:00:00,10.6,0,10.9,8.0
2025-04-03 18:00:00,9.1,0,9.5,0.0
2025-04-03 19:00:00,7.5,0,8.0,0.0
2025-04-03 20:00:00,6.4,0,7.6,0.0
2025-04-03 21:00:00,5.9,0,7.6,0.0
2025-04-03 22:00:00,5.2,0,6.8,0.0
2025-04-03 23:00:00,4.7,0,6.2,0.0
2025-04-04 00:00:00,4.2,0,6.1,0.0
2025-04-04 01:00:00,3.6,0,6.0,0.0
2025-04-04 02:00:00,3.2,0,6.2,0.0
2025-04-04 03:00:00,3.0,0,6.3,0.0
2025-04-04 04:00:00,3.5,0,6.9,7.0
2025-04-04 05:00:00,6.6,0,8.6,106.0
2025-04-04 06:00:00,10.2,0,6.0,267.0
2025-04-04 07:00:00,13.5,0,6.3,430.0
2025-04-04 08:00:00,15.7,0,7.1,568.0
2025-04-04 09:00:00,17.0,2,7.5,669.0
2025-04-04 10:00:00,18.5,57,7.0,720.0
2025-04-04 11:00:00,18.8,89,7.3,599.0
2025-04-04 12:00:00,19.0,74,7.7,516.0
2025-04-04 13:00:00,19.5,51,9.0,459.0
2025-04-04 14:00:00,19.3,76,11.1,342.0
2025-04-04 15:00:00,18.4,57,9.4,193.0
2025-04-04 16:00:00,16.1,100,7.0,89.0
2025-04-04 17:00:00,14.0,65,8.8,8.0
2025-04-04 18:00:00,12.1,20,9.3,0.0
2025-04-04 19:00:00,11.6,94,10.1,0.0
2025-04-04 20:00:00,10.9,0,7.3,0.0
2025-04-04 21:00:00,9.2,6,7.1,0.0
2025-04-04 22:00:00,8.5,0,8.7,0.0
2025-04-04 23:00:00,8.0,20,10.1,0.0
2025-04-05 00:00:00,7.7,38,10.3,0.0
2025-04-05 01:00:00,8.3,13,11.2,0.0
2025-04-05 02:00:00,7.6,24,11.7,0.0
2025-04-05 03:00:00,7.1,92,11.4,0.0
2025-04-05 04:00:00,7.8,100,12.1,7.0
2025-04-05 05:00:00,9.7,100,12.2,60.0
2025-04-05 06:00:00,11.6,100,10.0,142.0
2025-04-05 07:00:00,13.9,100,9.6,257.0
2025-04-05 08:00:00,16.4,100,10.8,480.0
2025-04-05 09:00:00,17.3,100,21.5,578.0
2025-04-05 10:00:00,17.6,100,21.6,524.0
2025-04-05 11:00:00,17.0,100,16.6,474.0
2025-04-05 12:00:00,14.1,100,19.3,391.0
2025-04-05 13:00:00,11.7,100,6.6,135.0
2025-04-05 14:00:00,13.4,100,11.9,270.0
2025-04-05 15:00:00,10.2,100,19.1,127.0
2025-04-05 16:00:00,9.0,100,13.9,24.0
2025-04-05 17:00:00,8.1,100,22.4,4.0
2025-04-05 18:00:00,6.3,100,21.5,0.0
2025-04-05 19:00:00,5.2,100,20.5,0.0
2025-04-05 20:00:00,4.2,100,16.6,0.0
2025-04-05 21:00:00,3.5,100,17.7,0.0
2025-04-05 22:00:00,2.3,100,12.9,0.0
2025-04-05 23:00:00,2.2,100,8.8,0.0
2025-04-06 00:00:00,1.8,100,11.1,0.0
2025-04-06 01:00:00,1.5,100,12.1,0.0
2025-04-06 02:00:00,1.4,100,12.7,0.0
2025-04-06 03:00:00,1.1,100,13.2,0.0
2025-04-06 04:00:00,0.8,100,11.5,4.0
2025-04-06 05:00:00,0.9,100,11.2,30.0
2025-04-06 06:00:00,1.1,100,12.0,69.0
2025-04-06 07:00:00,1.5,100,11.6,105.0
2025-04-06 08:00:00,3.4,100,11.3,362.0
2025-04-06 09:00:00,4.2,100,9.3,342.0
2025-04-06 10:00:00,5.2,100,8.7,378.0
2025-04-06 11:00:00,6.2,100,8.9,445.0
2025-04-06 12:00:00,6.3,79,11.2,377.0
2025-04-06 13:00:00,5.2,65,12.8,360.0
2025-04-06 14:00:00,5.2,49,10.8,349.0
2025-04-06 15:00:00,5.1,85,7.9,229.0
2025-04-06 16:00:00,1.8,99,13.7,82.0
2025-04-06 17:00:00,1.5,88,13.8,9.0
2025-04-06 18:00:00,0.9,97,18.7,0.0
2025-04-06 19:00:00,0.3,68,16.3,0.0
2025-04-06 20:00:00,-0.7,100,15.5,0.0
2025-04-06 21:00:00,-0.4,100,15.9,0.0
2025-04-06 22:00:00,-0.3,100,17.0,0.0
2025-04-06 23:00:00,-0.6,82,19.5,0.0
2025-04-07 00:00:00,-1.5,33,18.2,0.0
2025-04-07 01:00:00,-2.3,25,18.4,0.0
2025-04-07 02:00:00,-2.7,9,18.1,0.0
2025-04-07 03:00:00,-3.2,8,17.4,0.0
2025-04-07 04:00:00,-3.0,70,18.2,12.0
2025-04-07 05:00:00,-1.2,85,24.5,106.0
2025-04-07 06:00:00,-0.1,92,23.5,205.0
2025-04-07 07:00:00,0.6,54,22.5,277.0
2025-04-07 08:00:00,1.9,42,22.5,441.0
2025-04-07 09:00:00,3.0,51,23.8,583.0
2025-04-07 10:00:00,3.7,86,25.3,640.0
2025-04-07 11:00:00,3.7,100,24.0,456.0
2025-04-07 12:00:00,2.8,100,22.9,244.0
2025-04-07 13:00:00,1.9,100,23.3,194.0
2025-04-07 14:00:00,1.6,100,23.2,161.0
2025-04-07 15:00:00,1.4,100,21.2,116.0
2025-04-07 16:00:00,0.2,100,19.5,38.0
2025-04-07 17:00:00,-0.6,100,15.2,7.0
2025-04-07 18:00:00,-1.3,100,15.0,0.0
2025-04-07 19:00:00,-1.9,13,14.1,0.0
2025-04-07 20:00:00,-2.8,0,12.5,0.0
2025-04-07 21:00:00,-3.2,21,12.5,0.0
2025-04-07 22:00:00,-3.5,100,12.6,0.0
2025-04-07 23:00:00,-2.5,100,13.9,0.0
2025-04-08 00:00:00,-1.9,84,14.6,0.0
2025-04-08 01:00:00,-2.0,82,14.7,0.0
2025-04-08 02:00:00,-2.1,55,15.4,0.0
2025-04-08 03:00:00,-2.6,39,15.0,0.0
2025-04-08 04:00:00,-2.6,27,15.5,12.0
2025-04-08 05:00:00,-0.9,7,18.4,122.0
2025-04-08 06:00:00,0.4,6,22.1,303.0
2025-04-08 07:00:00,1.7,45,25.5,465.0
2025-04-08 08:00:00,2.7,54,23.1,491.0
2025-04-08 09:00:00,3.9,52,21.6,575.0
2025-04-08 10:00:00,5.1,97,20.7,708.0
2025-04-08 11:00:00,3.0,95,17.6,360.0
2025-04-08 12:00:00,3.2,94,15.4,420.0
2025-04-08 13:00:00,3.8,79,17.2,346.0
2025-04-08 14:00:00,4.1,100,16.4,359.0
2025-04-08 15:00:00,3.2,20,15.8,146.0
2025-04-08 16:00:00,1.8,1,13.3,122.0
2025-04-08 17:00:00,-0.9,31,6.2,15.0
2025-04-08 18:00:00,-1.5,88,7.9,0.0
2025-04-08 19:00:00,-1.8,0,9.6,0.0
2025-04-08 20:00:00,-2.7,0,8.2,0.0
2025-04-08 21:00:00,-3.3,0,8.1,0.0
2025-04-08 22:00:00,-3.7,0,9.1,0.0
2025-04-08 23:00:00,-4.1,0,9.0,0.0
2025-04-09 00:00:00,-4.3,0,8.8,0.0
2025-04-09 01:00:00,-4.3,0,6.2,0.0
2025-04-09 02:00:00,-4.7,0,5.6,0.0
2025-04-09 03:00:00,-4.8,0,6.4,0.0
2025-04-09 04:00:00,-4.2,15,9.1,16.0
2025-04-09 05:00:00,-2.0,34,7.9,135.0
2025-04-09 06:00:00,0.2,1,7.6,299.0
2025-04-09 07:00:00,1.9,63,9.8,469.0
2025-04-09 08:00:00,3.0,56,9.4,594.0
2025-04-09 09:00:00,4.0,64,9.6,690.0
2025-04-09 10:00:00,4.6,95,9.4,681.0
2025-04-09 11:00:00,4.7,93,9.4,495.0
2025-04-09 12:00:00,4.8,100,11.0,378.0
2025-04-09 13:00:00,3.8,61,11.5,345.0
2025-04-09 14:00:00,3.9,96,15.5,439.0
2025-04-09 15:00:00,3.2,100,15.1,305.0
2025-04-09 16:00:00,2.2,100,10.0,92.0
2025-04-09 17:00:00,0.8,100,7.6,9.0
2025-04-09 18:00:00,0.8,99,9.6,0.0
2025-04-09 19:00:00,0.4,87,10.3,0.0
2025-04-09 20:00:00,-1.4,95,9.6,0.0
2025-04-09 21:00:00,-1.8,85,10.6,0.0
2025-04-09 22:00:00,-1.9,100,13.6,0.0
2025-04-09 23:00:00,-1.2,100,16.4,0.0
2025-04-10 00:00:00,-0.2,100,19.7,0.0
2025-04-10 01:00:00,0.2,100,18.6,0.0
2025-04-10 02:00:00,0.2,100,18.6,0.0
2025-04-10 03:00:00,-0.4,100,17.6,0.0
2025-04-10 04:00:00,-0.1,100,18.0,13.0
2025-04-10 05:00:00,0.8,100,16.2,82.0
2025-04-10 06:00:00,1.6,100,18.7,142.0
2025-04-10 07:00:00,1.8,100,18.1,113.0
2025-04-10 08:00:00,1.9,100,21.9,123.0
2025-04-10 09:00:00,1.6,100,20.8,166.0
2025-04-10 10:00:00,0.2,100,28.3,161.0
2025-04-10 11:00:00,-0.2,100,25.8,150.0
2025-04-10 12:00:00,0.0,100,25.5,192.0
2025-04-10 13:00:00,0.4,100,24.3,230.0
2025-04-10 14:00:00,0.2,100,22.3,231.0
2025-04-10 15:00:00,-0.1,100,20.4,169.0
2025-04-10 16:00:00,-0.7,100,17.7,83.0
2025-04-10 17:00:00,-1.5,93,14.5,13.0
2025-04-10 18:00:00,-2.3,100,13.5,0.0
2025-04-10 19:00:00,-2.8,91,15.2,0.0
2025-04-10 20:00:00,-3.5,77,15.8,0.0
2025-04-10 21:00:00,-3.7,89,16.7,0.0
2025-04-10 22:00:00,-4.1,14,16.6,0.0
2025-04-10 23:00:00,-4.4,11,17.6,0.0
2025-04-11 00:00:00,-4.5,0,17.2,0.0
2025-04-11 01:00:00,-4.1,8,17.1,0.0
2025-04-11 02:00:00,-4.4,3,17.1,0.0
2025-04-11 03:00:00,-4.6,0,16.9,0.0
2025-04-11 04:00:00,-4.2,0,16.6,20.0
2025-04-11 05:00:00,-2.7,2,15.2,149.0
2025-04-11 06:00:00,-0.8,33,15.6,325.0
2025-04-11 07:00:00,1.1,21,16.4,501.0
2025-04-11 08:00:00,2.5,19,16.9,645.0
2025-04-11 09:00:00,3.3,29,16.3,734.0
2025-04-11 10:00:00,4.1,18,15.5,798.0
2025-04-11 11:00:00,4.7,13,14.4,799.0
2025-04-11 12:00:00,5.0,33,13.3,744.0
2025-04-11 13:00:00,5.8,85,11.3,624.0
2025-04-11 14:00:00,5.5,94,12.6,478.0
2025-04-11 15:00:00,4.8,90,13.5,313.0
2025-04-11 16:00:00,2.8,100,9.6,129.0
2025-04-11 17:00:00,0.7,100,8.9,16.0
2025-04-11 18:00:00,0.7,100,10.1,0.0
2025-04-11 19:00:00,0.7,100,8.7,0.0
2025-04-11 20:00:00,0.1,100,6.6,0.0
2025-04-11 21:00:00,0.2,100,4.7,0.0
2025-04-11 22:00:00,0.0,100,2.3,0.0
2025-04-11 23:00:00,-0.2,100,5.6,0.0
2025-04-12 00:00:00,0.1,100,7.2,0.0
2025-04-12 01:00:00,0.8,100,8.4,0.0
2025-04-12 02:00:00,0.2,95,10.4,0.0
2025-04-12 03:00:00,-1.5,4,10.1,0.0
2025-04-12 04:00:00,-1.8,0,10.3,21.0
2025-04-12 05:00:00,0.4,0,7.1,149.0
2025-04-12 06:00:00,3.3,0,3.5,323.0
2025-04-12 07:00:00,5.8,0,3.3,493.0
2025-04-12 08:00:00,7.3,3,3.9,634.0
2025-04-12 09:00:00,8.2,0,3.6,734.0
2025-04-12 10:00:00,9.1,0,5.9,783.0
2025-04-12 11:00:00,9.9,7,8.5,781.0
2025-04-12 12:00:00,10.9,67,6.4,738.0
2025-04-12 13:00:00,11.3,98,5.5,602.0
2025-04-12 14:00:00,10.5,100,11.1,295.0
2025-04-12 15:00:00,9.4,41,11.4,151.0
2025-04-12 16:00:00,7.6,34,8.3,120.0
2025-04-12 17:00:00,4.2,42,7.6,19.0
2025-04-12 18:00:00,2.7,100,4.5,0.0
2025-04-12 19:00:00,1.2,100,5.9,0.0
2025-04-12 20:00:00,0.6,100,4.4,0.0
2025-04-12 21:00:00,0.6,85,2.3,0.0
2025-04-12 22:00:00,0.2,88,3.3,0.0
2025-04-12 23:00:00,-0.3,21,5.4,0.0
2025-04-13 00:00:00,-0.8,92,5.2,0.0
2025-04-13 01:00:00,-0.1,98,2.7,0.0
2025-04-13 02:00:00,-0.1,94,1.9,0.0
2025-04-13 03:00:00,-0.6,29,1.5,0.0
2025-04-13 04:00:00,-0.8,100,4.4,21.0
2025-04-13 05:00:00,1.9,100,5.6,129.0
2025-04-13 06:00:00,5.5,11,4.8,289.0
2025-04-13 07:00:00,8.3,0,6.7,473.0
2025-04-13 08:00:00,10.1,46,9.8,624.0
2025-04-13 09:00:00,11.6,61,10.2,673.0
2025-04-13 10:00:00,12.5,44,9.7,729.0
2025-04-13 11:00:00,13.1,10,10.2,736.0
2025-04-13 12:00:00,13.7,3,10.5,711.0
2025-04-13 13:00:00,13.9,7,9.7,611.0
2025-04-13 14:00:00,13.6,0,9.4,475.0
2025-04-13 15:00:00,12.1,0,6.2,314.0
2025-04-13 16:00:00,8.2,0,6.0,148.0
2025-04-13 17:00:00,5.9,1,5.3,22.0
2025-04-13 18:00:00,4.8,0,6.4,0.0
2025-04-13 19:00:00,3.5,2,8.4,0.0
2025-04-13 20:00:00,3.2,0,8.1,0.0
2025-04-13 21:00:00,3.0,0,8.6,0.0
2025-04-13 22:00:00,3.8,0,12.1,0.0
2025-04-13 23:00:00,3.9,0,13.4,0.0
2025-04-14 00:00:00,3.3,0,13.5,0.0
2025-04-14 01:00:00,4.6,0,14.5,0.0
2025-04-14 02:00:00,4.2,0,14.1,0.0
2025-04-14 03:00:00,3.7,0,14.3,0.0
2025-04-14 04:00:00,4.2,0,16.0,26.0
2025-04-14 05:00:00,6.4,0,15.7,156.0
2025-04-14 06:00:00,9.0,0,16.2,325.0
2025-04-14 07:00:00,11.4,4,17.5,490.0
2025-04-14 08:00:00,13.1,45,21.6,628.0
2025-04-14 09:00:00,14.1,60,23.3,726.0
2025-04-14 10:00:00,14.9,61,23.3,776.0
2025-04-14 11:00:00,15.5,51,23.1,774.0
2025-04-14 12:00:00,15.8,93,22.8,711.0
2025-04-14 13:00:00,16.0,95,22.2,603.0
2025-04-14 14:00:00,15.8,89,22.5,473.0
2025-04-14 15:00:00,15.0,25,21.5,316.0
2025-04-14 16:00:00,13.4,72,17.3,153.0
2025-04-14 17:00:00,11.4,100,15.7,23.0
2025-04-14 18:00:00,10.2,95,16.8,0.0
2025-04-14 19:00:00,9.2,97,17.5,0.0
2025-04-14 20:00:00,8.3,99,17.3,0.0
2025-04-14 21:00:00,7.4,100,16.7,0.0
2025-04-14 22:00:00,6.5,0,16.4,0.0
2025-04-14 23:00:00,5.4,0,16.4,0.0
2025-04-15 00:00:00,4.6,100,17.1,0.0
2025-04-15 01:00:00,4.5,100,17.6,0.0
2025-04-15 02:00:00,4.2,100,16.9,0.0
2025-04-15 03:00:00,3.7,100,16.3,0.0
2025-04-15 04:00:00,4.0,100,18.3,26.0
2025-04-15 05:00:00,5.2,99,17.2,126.0
2025-04-15 06:00:00,7.3,100,19.5,271.0
2025-04-15 07:00:00,10.0,94,21.9,469.0
2025-04-15 08:00:00,12.2,100,24.3,611.0
2025-04-15 09:00:00,14.2,97,25.7,725.0
2025-04-15 10:00:00,15.7,100,25.4,777.0
2025-04-15 11:00:00,16.5,100,24.3,733.0
2025-04-15 12:00:00,16.8,100,23.9,599.0
2025-04-15 13:00:00,16.9,100,22.4,353.0
2025-04-15 14:00:00,17.0,99,22.9,364.0
2025-04-15 15:00:00,16.2,100,20.0,241.0
2025-04-15 16:00:00,15.2,100,17.2,99.0
2025-04-15 17:00:00,13.9,100,18.0,14.0
2025-04-15 18:00:00,13.2,100,18.8,0.0
2025-04-15 19:00:00,12.8,100,18.4,0.0
2025-04-15 20:00:00,12.4,100,18.8,0.0
2025-04-15 21:00:00,12.1,100,17.7,0.0
2025-04-15 22:00:00,11.9,100,16.8,0.0
2025-04-15 23:00:00,11.4,100,16.0,0.0
2025-04-16 00:00:00,10.8,100,15.5,0.0
2025-04-16 01:00:00,10.8,100,16.8,0.0
2025-04-16 02:00:00,10.7,100,16.1,0.0
2025-04-16 03:00:00,10.2,100,14.2,0.0
2025-04-16 04:00:00,9.9,100,15.9,3.0
2025-04-16 05:00:00,9.9,100,16.0,24.0
2025-04-16 06:00:00,9.7,100,17.2,45.0
2025-04-16 07:00:00,8.6,100,17.2,77.0
2025-04-16 08:00:00,9.7,100,21.3,148.0
2025-04-16 09:00:00,10.2,100,18.6,125.0
2025-04-16 10:00:00,12.2,100,17.5,197.0
2025-04-16 11:00:00,13.2,100,20.4,175.0
2025-04-16 12:00:00,14.2,100,23.1,253.0
2025-04-16 13:00:00,14.8,100,21.2,190.0
2025-04-16 14:00:00,14.7,98,19.5,142.0
2025-04-16 15:00:00,14.4,70,21.7,120.0
2025-04-16 16:00:00,14.2,42,22.7,97.0
2025-04-16 17:00:00,13.5,24,21.2,24.0
2025-04-16 18:00:00,12.8,25,19.9,0.0
2025-04-16 19:00:00,12.2,22,20.1,0.0
2025-04-16 20:00:00,11.8,3,20.1,0.0
2025-04-16 21:00:00,11.0,3,19.5,0.0
2025-04-16 22:00:00,10.4,7,19.4,0.0
2025-04-16 23:00:00,10.1,7,19.3,0.0
2025-04-17 00:00:00,9.8,3,18.3,0.0
2025-04-17 01:00:00,10.2,2,17.6,0.0
2025-04-17 02:00:00,9.6,0,17.2,0.0
2025-04-17 03:00:00,9.0,15,17.7,0.0
2025-04-17 04:00:00,9.4,11,18.3,32.0
2025-04-17 05:00:00,11.1,8,16.5,162.0
2025-04-17 06:00:00,13.1,0,17.6,326.0
2025-04-17 07:00:00,15.5,0,18.7,493.0
2025-04-17 08:00:00,17.4,0,21.0,625.0
2025-04-17 09:00:00,18.7,0,22.2,724.0
2025-04-17 10:00:00,19.8,0,22.4,772.0
2025-04-17 11:00:00,20.6,0,22.5,769.0
2025-04-17 12:00:00,21.0,0,21.6,716.0
2025-04-17 13:00:00,22.1,0,20.2,619.0
2025-04-17 14:00:00,21.9,0,19.4,483.0
2025-04-17 15:00:00,21.2,0,16.6,323.0
2025-04-17 16:00:00,19.4,0,13.2,158.0
2025-04-17 17:00:00,16.6,0,11.8,29.0
2025-04-17 18:00:00,15.2,45,14.0,0.0
2025-04-17 19:00:00,14.7,100,16.8,0.0
2025-04-17 20:00:00,14.2,100,16.9,0.0
2025-04-17 21:00:00,13.1,100,15.3,0.0
2025-04-17 22:00:00,12.4,100,14.6,0.0
2025-04-17 23:00:00,11.6,98,14.2,0.0
2025-04-18 00:00:00,11.0,100,14.9,0.0
2025-04-18 01:00:00,10.9,100,15.9,0.0
2025-04-18 02:00:00,10.2,94,14.6,0.0
2025-04-18 03:00:00,9.8,80,14.8,0.0
2025-04-18 04:00:00,10.1,78,15.5,35.0
2025-04-18 05:00:00,11.7,12,14.1,170.0
2025-04-18 06:00:00,13.8,38,15.4,335.0
2025-04-18 07:00:00,15.8,91,17.5,491.0
2025-04-18 08:00:00,17.6,76,18.2,618.0
2025-04-18 09:00:00,19.0,75,18.6,723.0
2025-04-18 10:00:00,20.1,16,19.1,771.0
2025-04-18 11:00:00,20.9,14,19.6,776.0
2025-04-18 12:00:00,21.2,9,19.9,728.0
2025-04-18 13:00:00,22.3,13,18.9,630.0
2025-04-18 14:00:00,21.9,20,18.1,491.0
2025-04-18 15:00:00,21.0,32,15.7,326.0
2025-04-18 16:00:00,19.1,8,12.4,160.0
2025-04-18 17:00:00,16.3,12,10.9,32.0
2025-04-18 18:00:00,14.9,29,11.6,0.0
2025-04-18 19:00:00,13.7,65,10.7,0.0
2025-04-18 20:00:00,12.8,64,11.1,0.0
2025-04-18 21:00:00,12.0,86,11.6,0.0
2025-04-18 22:00:00,11.9,100,11.8,0.0
2025-04-18 23:00:00,11.4,100,10.6,0.0
2025-04-19 00:00:00,10.6,100,9.6,0.0
2025-04-19 01:00:00,10.2,100,9.4,0.0
2025-04-19 02:00:00,9.2,95,7.4,0.0
2025-04-19 03:00:00,8.4,1,7.6,0.0
2025-04-19 04:00:00,9.2,5,9.2,40.0
2025-04-19 05:00:00,11.9,41,9.0,181.0
2025-04-19 06:00:00,14.7,99,7.5,354.0
2025-04-19 07:00:00,17.1,100,9.4,499.0
2025-04-19 08:00:00,18.2,100,13.3,573.0
2025-04-19 09:00:00,19.1,100,13.4,689.0
2025-04-19 10:00:00,20.0,30,13.1,754.0
2025-04-19 11:00:00,20.8,1,12.3,800.0
2025-04-19 12:00:00,21.1,0,12.2,752.0
2025-04-19 13:00:00,22.1,0,12.7,647.0
2025-04-19 14:00:00,21.9,0,12.3,508.0
2025-04-19 15:00:00,21.1,0,8.9,343.0
2025-04-19 16:00:00,18.2,0,5.2,173.0
2025-04-19 17:00:00,14.9,0,8.9,35.0
2025-04-19 18:00:00,14.4,0,12.3,0.0
2025-04-19 19:00:00,13.1,0,10.3,0.0
2025-04-19 20:00:00,11.9,0,9.3,0.0
2025-04-19 21:00:00,10.8,0,8.2,0.0
2025-04-19 22:00:00,9.7,0,7.8,0.0
2025-04-19 23:00:00,9.1,0,7.7,0.0
2025-04-20 00:00:00,8.4,0,6.4,0.0
2025-04-20 01:00:00,7.8,0,5.5,0.0
2025-04-20 02:00:00,8.1,0,3.4,0.0
2025-04-20 03:00:00,7.3,0,4.7,0.0
2025-04-20 04:00:00,8.8,0,7.1,46.0
2025-04-20 05:00:00,12.5,0,7.4,192.0
2025-04-20 06:00:00,16.4,0,3.4,364.0
2025-04-20 07:00:00,19.0,0,5.2,528.0
2025-04-20 08:00:00,20.3,0,9.3,662.0
2025-04-20 09:00:00,21.0,0,12.0,756.0
2025-04-20 10:00:00,21.5,0,11.8,804.0
2025-04-20 11:00:00,21.9,0,10.4,801.0
2025-04-20 12:00:00,22.1,0,8.8,747.0
2025-04-20 13:00:00,23.1,0,8.5,648.0
2025-04-20 14:00:00,22.8,0,7.8,510.0
2025-04-20 15:00:00,21.8,0,7.9,346.0
2025-04-20 16:00:00,19.0,0,8.6,177.0
2025-04-20 17:00:00,15.2,0,7.4,37.0
2025-04-20 18:00:00,14.6,0,4.4,0.0
2025-04-20 19:00:00,14.8,0,1.0,0.0
2025-04-20 20:00:00,13.4,0,1.8,0.0
2025-04-20 21:00:00,11.6,0,2.8,0.0
2025-04-20 22:00:00,10.1,0,6.3,0.0
2025-04-20 23:00:00,9.9,0,4.3,0.0
2025-04-21 00:00:00,9.1,0,3.8,0.0
2025-04-21 01:00:00,7.9,0,5.7,0.0
2025-04-21 02:00:00,7.6,0,5.5,0.0
2025-04-21 03:00:00,7.5,0,4.2,0.0
2025-04-21 04:00:00,9.1,0,4.4,48.0
2025-04-21 05:00:00,12.7,0,6.2,192.0
2025-04-21 06:00:00,16.1,0,3.9,363.0
2025-04-21 07:00:00,19.0,0,6.9,525.0
2025-04-21 08:00:00,20.4,0,9.7,660.0
2025-04-21 09:00:00,21.2,0,10.5,753.0
2025-04-21 10:00:00,21.9,0,10.7,801.0
2025-04-21 11:00:00,22.4,0,10.4,798.0
2025-04-21 12:00:00,22.7,2,9.4,743.0
2025-04-21 13:00:00,23.8,6,9.4,633.0
2025-04-21 14:00:00,23.5,4,8.4,490.0
2025-04-21 15:00:00,22.6,17,7.7,329.0
2025-04-21 16:00:00,20.3,12,7.6,163.0
2025-04-21 17:00:00,17.9,1,12.9,37.0
2025-04-21 18:00:00,16.2,0,12.2,0.0
2025-04-21 19:00:00,14.7,0,10.1,0.0
2025-04-21 20:00:00,13.4,0,9.6,0.0
2025-04-21 21:00:00,12.9,0,9.6,0.0
2025-04-21 22:00:00,12.1,0,9.2,0.0
2025-04-21 23:00:00,11.1,0,8.5,0.0
2025-04-22 00:00:00,10.2,0,8.0,0.0
2025-04-22 01:00:00,8.9,0,6.6,0.0
2025-04-22 02:00:00,8.4,0,6.8,0.0
2025-04-22 03:00:00,7.9,0,6.1,0.0
2025-04-22 04:00:00,9.6,0,7.0,52.0
2025-04-22 05:00:00,12.6,0,6.5,199.0
2025-04-22 06:00:00,15.8,0,5.1,370.0
2025-04-22 07:00:00,18.7,0,5.9,531.0
2025-04-22 08:00:00,21.0,0,9.0,664.0
2025-04-22 09:00:00,22.5,0,12.5,758.0
2025-04-22 10:00:00,23.0,0,10.9,804.0
2025-04-22 11:00:00,23.3,0,9.7,801.0
2025-04-22 12:00:00,23.5,0,8.1,747.0
2025-04-22 13:00:00,24.0,0,8.6,650.0
2025-04-22 14:00:00,23.5,0,9.2,513.0
2025-04-22 15:00:00,22.5,0,8.1,350.0
2025-04-22 16:00:00,20.1,0,5.5,180.0
2025-04-22 17:00:00,17.9,0,3.7,41.0
2025-04-22 18:00:00,15.8,0,6.1,0.0
2025-04-22 19:00:00,14.1,0,6.8,0.0
2025-04-22 20:00:00,14.1,0,5.5,0.0
2025-04-22 21:00:00,12.9,0,7.0,0.0
2025-04-22 22:00:00,12.4,0,7.1,0.0
2025-04-22 23:00:00,11.8,0,6.9,0.0
2025-04-23 00:00:00,11.1,0,7.8,0.0
2025-04-23 01:00:00,10.7,0,7.7,0.0
2025-04-23 02:00:00,10.1,0,6.7,0.0
2025-04-23 03:00:00,9.4,0,6.5,0.0
2025-04-23 04:00:00,10.9,0,2.9,54.0
2025-04-23 05:00:00,13.6,0,1.2,201.0
2025-04-23 06:00:00,17.5,0,1.9,371.0
2025-04-23 07:00:00,20.6,0,2.8,532.0
2025-04-23 08:00:00,22.5,0,4.6,666.0
2025-04-23 09:00:00,23.5,0,5.1,761.0
2025-04-23 10:00:00,24.0,1,6.2,792.0
2025-04-23 11:00:00,24.2,3,5.4,793.0
2025-04-23 12:00:00,24.2,13,5.8,745.0
2025-04-23 13:00:00,24.6,7,2.8,641.0
2025-04-23 14:00:00,24.2,15,3.9,508.0
2025-04-23 15:00:00,23.4,1,4.6,348.0
2025-04-23 16:00:00,21.0,4,4.8,181.0
2025-04-23 17:00:00,17.9,36,6.0,43.0
2025-04-23 18:00:00,15.6,8,7.5,0.0
2025-04-23 19:00:00,14.4,2,7.5,0.0
2025-04-23 20:00:00,13.7,0,7.5,0.0
2025-04-23 21:00:00,13.1,0,5.5,0.0
2025-04-23 22:00:00,12.0,0,7.9,0.0
2025-04-23 23:00:00,11.5,4,7.7,0.0
2025-04-24 00:00:00,11.1,1,7.0,0.0
2025-04-24 01:00:00,11.3,0,7.6,0.0
2025-04-24 02:00:00,10.2,0,7.0,0.0
2025-04-24 03:00:00,9.7,0,6.9,0.0
2025-04-24 04:00:00,11.2,0,7.1,57.0
2025-04-24 05:00:00,14.0,0,6.6,204.0
2025-04-24 06:00:00,17.2,6,4.3,374.0
2025-04-24 07:00:00,20.2,9,4.5,534.0
2025-04-24 08:00:00,22.5,0,4.8,667.0
2025-04-24 09:00:00,23.9,33,6.2,761.0
2025-04-24 10:00:00,24.4,30,4.9,717.0
2025-04-24 11:00:00,24.6,28,4.0,738.0
2025-04-24 12:00:00,24.6,35,3.9,683.0
2025-04-24 13:00:00,25.4,18,1.5,570.0
2025-04-24 14:00:00,25.1,21,3.8,459.0
2025-04-24 15:00:00,24.0,33,5.1,336.0
2025-04-24 16:00:00,21.5,12,5.4,168.0
2025-04-24 17:00:00,18.3,26,6.4,41.0
2025-04-24 18:00:00,17.4,31,12.6,0.0
2025-04-24 19:00:00,16.9,1,15.7,0.0
2025-04-24 20:00:00,15.6,0,13.1,0.0
2025-04-24 21:00:00,14.6,0,11.1,0.0
2025-04-24 22:00:00,13.6,5,8.9,0.0
2025-04-24 23:00:00,12.8,10,8.0,0.0
2025-04-25 00:00:00,12.2,1,8.8,0.0
2025-04-25 01:00:00,11.8,0,9.8,0.0
2025-04-25 02:00:00,11.3,0,9.9,0.0
2025-04-25 03:00:00,11.0,0,9.6,0.0
2025-04-25 04:00:00,12.2,0,10.1,59.0
2025-04-25 05:00:00,14.6,0,7.7,204.0
2025-04-25 06:00:00,17.2,0,7.2,371.0
2025-04-25 07:00:00,19.8,0,7.9,530.0
2025-04-25 08:00:00,21.5,0,9.0,662.0
2025-04-25 09:00:00,22.4,3,9.4,755.0
2025-04-25 10:00:00,23.0,5,9.0,792.0
2025-04-25 11:00:00,23.5,4,8.2,786.0
2025-04-25 12:00:00,23.7,9,8.1,738.0
2025-04-25 13:00:00,24.0,18,9.5,618.0
2025-04-25 14:00:00,23.6,18,10.0,472.0
2025-04-25 15:00:00,22.6,41,5.5,293.0
2025-04-25 16:00:00,20.1,64,5.0,165.0
2025-04-25 17:00:00,18.5,98,2.7,34.0
2025-04-25 18:00:00,17.1,100,14.8,0.0
2025-04-25 19:00:00,16.2,98,7.8,0.0
2025-04-25 20:00:00,15.1,100,6.8,0.0
2025-04-25 21:00:00,13.8,100,10.6,0.0
2025-04-25 22:00:00,13.1,98,14.6,0.0
2025-04-25 23:00:00,12.5,100,17.2,0.0
2025-04-26 00:00:00,12.1,82,17.7,0.0
2025-04-26 01:00:00,11.7,39,18.1,0.0
2025-04-26 02:00:00,10.9,95,19.5,0.0
2025-04-26 03:00:00,10.4,82,21.3,0.0
2025-04-26 04:00:00,10.4,100,21.7,47.0
2025-04-26 05:00:00,10.6,100,18.7,79.0
2025-04-26 06:00:00,10.6,100,20.1,101.0
2025-04-26 07:00:00,10.9,89,21.4,164.0
2025-04-26 08:00:00,12.4,52,21.7,421.0
2025-04-26 09:00:00,13.6,25,21.4,672.0
2025-04-26 10:00:00,14.1,22,20.8,742.0
2025-04-26 11:00:00,14.4,23,21.6,811.0
2025-04-26 12:00:00,14.2,7,21.3,731.0
2025-04-26 13:00:00,13.9,21,23.1,665.0
2025-04-26 14:00:00,13.1,13,23.1,528.0
2025-04-26 15:00:00,11.9,40,24.5,355.0
2025-04-26 16:00:00,10.4,11,21.2,194.0
2025-04-26 17:00:00,8.9,6,14.8,52.0
2025-04-26 18:00:00,7.9,3,13.9,0.0
2025-04-26 19:00:00,6.6,1,8.8,0.0
2025-04-26 20:00:00,5.8,8,8.8,0.0
2025-04-26 21:00:00,5.1,4,7.2,0.0
2025-04-26 22:00:00,4.8,17,10.7,0.0
2025-04-26 23:00:00,4.2,0,10.3,0.0
2025-04-27 00:00:00,3.7,0,9.2,0.0
2025-04-27 01:00:00,2.0,0,10.3,0.0
2025-04-27 02:00:00,1.6,0,12.6,0.0
2025-04-27 03:00:00,1.5,0,14.0,1.0
2025-04-27 04:00:00,2.5,0,14.6,70.0
2025-04-27 05:00:00,3.8,0,18.0,226.0
2025-04-27 06:00:00,5.2,0,17.6,402.0
2025-04-27 07:00:00,6.6,0,19.6,567.0
2025-04-27 08:00:00,7.7,0,20.1,703.0
2025-04-27 09:00:00,9.1,48,23.5,788.0
2025-04-27 10:00:00,9.9,55,22.9,779.0
2025-04-27 11:00:00,10.6,70,22.5,784.0
2025-04-27 12:00:00,10.6,23,23.1,601.0
2025-04-27 13:00:00,11.2,2,20.3,685.0
2025-04-27 14:00:00,11.4,6,19.8,549.0
2025-04-27 15:00:00,10.9,0,17.1,381.0
2025-04-27 16:00:00,10.4,8,14.7,201.0
2025-04-27 17:00:00,7.4,2,7.5,55.0
2025-04-27 18:00:00,6.8,0,9.7,0.0
2025-04-27 19:00:00,4.9,0,6.0,0.0
2025-04-27 20:00:00,3.9,0,6.6,0.0
2025-04-27 21:00:00,3.5,0,2.4,0.0
2025-04-27 22:00:00,3.0,0,3.4,0.0
2025-04-27 23:00:00,2.1,0,6.6,0.0
2025-04-28 00:00:00,2.0,11,7.5,0.0
2025-04-28 01:00:00,0.7,6,9.3,0.0
2025-04-28 02:00:00,0.2,3,7.9,0.0
2025-04-28 03:00:00,-0.1,0,7.0,1.0
2025-04-28 04:00:00,1.8,0,9.1,73.0
2025-04-28 05:00:00,4.3,0,6.5,229.0
2025-04-28 06:00:00,6.9,4,7.8,404.0
2025-04-28 07:00:00,9.4,99,8.9,568.0
2025-04-28 08:00:00,11.2,1,7.4,695.0
2025-04-28 09:00:00,12.4,0,6.3,797.0
2025-04-28 10:00:00,13.1,0,4.7,847.0
2025-04-28 11:00:00,13.6,0,3.8,843.0
2025-04-28 12:00:00,14.1,1,3.1,789.0
2025-04-28 13:00:00,16.0,17,7.3,687.0
2025-04-28 14:00:00,15.9,47,9.8,543.0
2025-04-28 15:00:00,15.5,100,11.3,375.0
2025-04-28 16:00:00,13.9,97,7.5,191.0
2025-04-28 17:00:00,10.6,89,6.8,52.0
2025-04-28 18:00:00,9.2,63,7.8,0.0
2025-04-28 19:00:00,8.1,57,6.8,0.0
2025-04-28 20:00:00,6.8,100,6.8,0.0
2025-04-28 21:00:00,6.3,35,3.7,0.0
2025-04-28 22:00:00,5.6,73,3.4,0.0
2025-04-28 23:00:00,4.5,88,6.4,0.0
2025-04-29 00:00:00,4.9,90,7.4,0.0
2025-04-29 01:00:00,5.8,99,10.9,0.0
2025-04-29 02:00:00,5.4,97,12.9,0.0
2025-04-29 03:00:00,5.4,99,13.0,2.0
2025-04-29 04:00:00,6.7,94,14.4,71.0
2025-04-29 05:00:00,9.3,74,13.6,225.0
2025-04-29 06:00:00,11.6,96,13.2,398.0
2025-04-29 07:00:00,13.8,96,14.7,513.0
2025-04-29 08:00:00,15.9,41,17.7,681.0
2025-04-29 09:00:00,17.5,100,20.8,789.0
2025-04-29 10:00:00,18.3,100,21.4,777.0
2025-04-29 11:00:00,19.1,99,20.9,781.0
2025-04-29 12:00:00,19.6,93,21.0,720.0
2025-04-29 13:00:00,20.8,87,22.0,643.0
2025-04-29 14:00:00,21.1,100,21.7,534.0
2025-04-29 15:00:00,20.5,100,16.7,341.0
2025-04-29 16:00:00,18.4,100,15.6,173.0
2025-04-29 17:00:00,16.9,100,17.0,45.0
2025-04-29 18:00:00,15.2,100,8.9,0.0
2025-04-29 19:00:00,14.1,100,8.9,0.0
2025-04-29 20:00:00,14.4,100,10.0,0.0
2025-04-29 21:00:00,14.1,77,9.2,0.0
2025-04-29 22:00:00,12.9,26,10.4,0.0
2025-04-29 23:00:00,11.5,97,11.4,0.0
2025-04-30 00:00:00,10.5,97,9.9,0.0
2025-04-30 01:00:00,9.6,98,9.9,0.0
2025-04-30 02:00:00,9.4,87,10.7,0.0
2025-04-30 03:00:00,8.9,96,10.5,2.0
2025-04-30 04:00:00,10.1,66,11.1,75.0
2025-04-30 05:00:00,12.1,53,10.0,225.0
2025-04-30 06:00:00,14.2,52,10.3,397.0
2025-04-30 07:00:00,16.2,99,10.3,557.0
2025-04-30 08:00:00,17.5,100,15.1,667.0
2025-04-30 09:00:00,18.2,100,15.0,712.0
2025-04-30 10:00:00,18.9,100,14.6,730.0
2025-04-30 11:00:00,19.4,100,14.0,693.0
2025-04-30 12:00:00,19.8,100,13.6,589.0
2025-04-30 13:00:00,20.7,92,19.9,510.0
2025-04-30 14:00:00,19.9,32,14.9,469.0
2025-04-30 15:00:00,20.5,87,9.9,336.0
2025-04-30 16:00:00,18.5,97,10.1,180.0
2025-04-30 17:00:00,14.9,18,6.6,56.0
2025-04-30 18:00:00,13.2,99,4.0,1.0
2025-04-30 19:00:00,12.5,100,1.5,0.0
2025-04-30 20:00:00,11.9,100,0.7,0.0
2025-04-30 21:00:00,11.1,100,2.0,0.0
2025-04-30 22:00:00,10.1,100,3.6,0.0
2025-04-30 23:00:00,9.9,99,1.4,0.0
2025-05-01 00:00:00,9.0,100,1.8,0.0
2025-05-01 01:00:00,7.3,64,4.7,0.0
2025-05-01 02:00:00,7.1,49,7.2,0.0
2025-05-01 03:00:00,7.5,8,9.0,3.0
2025-05-01 04:00:00,9.6,0,11.3,80.0
2025-05-01 05:00:00,12.2,0,10.9,232.0
2025-05-01 06:00:00,14.9,0,11.5,403.0
2025-05-01 07:00:00,17.2,0,16.2,561.0
2025-05-01 08:00:00,18.5,3,17.6,691.0
2025-05-01 09:00:00,19.1,51,20.9,781.0
2025-05-01 10:00:00,19.0,36,22.3,576.0
2025-05-01 11:00:00,19.2,4,23.2,697.0
2025-05-01 12:00:00,19.4,1,24.4,752.0
2025-05-01 13:00:00,19.1,0,25.6,668.0
2025-05-01 14:00:00,18.7,0,25.0,552.0
2025-05-01 15:00:00,17.5,0,25.0,392.0
2025-05-01 16:00:00,15.8,0,21.7,217.0
2025-05-01 17:00:00,13.6,0,16.9,66.0
2025-05-01 18:00:00,12.2,0,13.5,1.0
2025-05-01 19:00:00,11.6,0,16.1,0.0
2025-05-01 20:00:00,10.4,0,12.9,0.0
2025-05-01 21:00:00,9.4,0,13.3,0.0
2025-05-01 22:00:00,7.6,0,7.3,0.0
2025-05-01 23:00:00,6.3,0,7.1,0.0
2025-05-02 00:00:00,6.2,0,8.3,0.0
2025-05-02 01:00:00,4.2,0,7.8,0.0
2025-05-02 02:00:00,3.6,0,7.6,0.0
2025-05-02 03:00:00,3.0,0,6.0,4.0
2025-05-02 04:00:00,4.8,0,8.8,85.0
2025-05-02 05:00:00,6.6,0,8.6,245.0
2025-05-02 06:00:00,8.1,0,9.4,422.0
2025-05-02 07:00:00,9.4,0,9.6,587.0
2025-05-02 08:00:00,10.6,0,9.7,723.0
2025-05-02 09:00:00,11.7,0,9.6,819.0
2025-05-02 10:00:00,12.6,0,9.7,867.0
2025-05-02 11:00:00,13.6,0,9.6,864.0
2025-05-02 12:00:00,14.1,0,8.6,810.0
2025-05-02 13:00:00,15.9,1,8.5,706.0
2025-05-02 14:00:00,15.9,6,6.2,565.0
2025-05-02 15:00:00,15.6,0,4.8,398.0
2025-05-02 16:00:00,14.8,0,1.8,223.0
2025-05-02 17:00:00,11.5,0,5.6,69.0
2025-05-02 18:00:00,10.2,0,8.7,1.0
2025-05-02 19:00:00,9.4,0,9.9,0.0
2025-05-02 20:00:00,8.6,1,10.4,0.0
2025-05-02 21:00:00,8.1,9,11.9,0.0
2025-05-02 22:00:00,7.8,67,13.3,0.0
2025-05-02 23:00:00,7.8,44,14.6,0.0
2025-05-03 00:00:00,7.8,15,14.9,0.0
2025-05-03 01:00:00,6.9,29,15.9,0.0
2025-05-03 02:00:00,6.9,51,17.0,0.0
2025-05-03 03:00:00,7.2,1,18.2,4.0
2025-05-03 04:00:00,8.4,0,19.0,89.0
2025-05-03 05:00:00,10.6,0,17.4,246.0
2025-05-03 06:00:00,13.1,56,18.6,417.0
2025-05-03 07:00:00,15.6,4,20.1,575.0
2025-05-03 08:00:00,18.0,8,23.1,702.0
2025-05-03 09:00:00,20.0,66,25.4,787.0
2025-05-03 10:00:00,21.2,19,26.1,654.0
2025-05-03 11:00:00,22.5,81,26.0,809.0
2025-05-03 12:00:00,22.5,45,24.2,577.0
2025-05-03 13:00:00,24.2,91,20.0,537.0
2025-05-03 14:00:00,22.8,99,26.0,400.0
2025-05-03 15:00:00,22.5,80,23.2,336.0
2025-05-03 16:00:00,20.1,47,19.7,189.0
2025-05-03 17:00:00,18.2,31,15.0,64.0
2025-05-03 18:00:00,16.9,11,13.5,1.0
2025-05-03 19:00:00,16.5,1,14.1,0.0
2025-05-03 20:00:00,15.6,0,11.6,0.0
2025-05-03 21:00:00,14.8,2,10.8,0.0
2025-05-03 22:00:00,14.0,28,12.5,0.0
2025-05-03 23:00:00,13.3,25,13.2,0.0
2025-05-04 00:00:00,13.1,100,14.9,0.0
2025-05-04 01:00:00,13.6,97,15.5,0.0
2025-05-04 02:00:00,13.5,89,16.7,0.0
2025-05-04 03:00:00,12.9,9,17.4,4.0
2025-05-04 04:00:00,13.3,5,18.9,83.0
2025-05-04 05:00:00,14.5,2,18.9,235.0
2025-05-04 06:00:00,16.4,79,20.6,405.0
2025-05-04 07:00:00,18.2,98,22.0,558.0
2025-05-04 08:00:00,20.0,96,23.4,667.0
2025-05-04 09:00:00,22.0,74,24.2,771.0
2025-05-04 10:00:00,23.6,100,25.6,834.0
2025-05-04 11:00:00,24.7,100,26.8,799.0
2025-05-04 12:00:00,25.2,86,26.6,739.0
2025-05-04 13:00:00,26.3,98,27.1,611.0
2025-05-04 14:00:00,26.0,41,18.4,494.0
2025-05-04 15:00:00,24.5,72,20.7,354.0
2025-05-04 16:00:00,22.0,45,5.6,128.0
2025-05-04 17:00:00,20.8,61,13.8,56.0
2025-05-04 18:00:00,19.2,89,7.5,1.0
2025-05-04 19:00:00,16.8,77,4.3,0.0
2025-05-04 20:00:00,16.6,93,11.5,0.0
2025-05-04 21:00:00,15.5,90,9.0,0.0
2025-05-04 22:00:00,14.9,100,4.2,0.0
2025-05-04 23:00:00,13.9,99,1.9,0.0
2025-05-05 00:00:00,13.8,80,0.6,0.0
2025-05-05 01:00:00,12.4,20,0.7,0.0
2025-05-05 02:00:00,11.7,26,4.7,0.0
2025-05-05 03:00:00,11.7,85,4.9,5.0
2025-05-05 04:00:00,13.5,95,8.1,79.0
2025-05-05 05:00:00,14.9,100,12.1,211.0
2025-05-05 06:00:00,15.7,100,11.5,255.0
2025-05-05 07:00:00,16.6,100,10.0,352.0
2025-05-05 08:00:00,18.1,97,8.9,567.0
2025-05-05 09:00:00,18.9,99,8.2,634.0
2025-05-05 10:00:00,19.4,100,9.4,601.0
2025-05-05 11:00:00,19.5,99,8.9,503.0
2025-05-05 12:00:00,19.1,100,14.1,368.0
2025-05-05 13:00:00,15.1,100,19.7,285.0
2025-05-05 14:00:00,14.4,100,17.5,220.0
2025-05-05 15:00:00,13.4,100,15.9,106.0
2025-05-05 16:00:00,12.6,100,12.5,33.0
2025-05-05 17:00:00,12.1,100,12.1,12.0
2025-05-05 18:00:00,11.7,100,12.3,1.0
2025-05-05 19:00:00,11.4,100,8.8,0.0
2025-05-05 20:00:00,11.3,100,10.4,0.0
2025-05-05 21:00:00,10.9,100,8.7,0.0
2025-05-05 22:00:00,10.8,100,10.1,0.0
2025-05-05 23:00:00,10.6,100,13.3,0.0
2025-05-06 00:00:00,10.2,100,14.8,0.0
2025-05-06 01:00:00,9.9,97,14.9,0.0
2025-05-06 02:00:00,9.1,95,14.0,0.0
2025-05-06 03:00:00,9.0,100,15.0,4.0
2025-05-06 04:00:00,8.9,100,14.2,36.0
2025-05-06 05:00:00,9.5,94,14.0,119.0
2025-05-06 06:00:00,11.1,79,14.4,328.0
2025-05-06 07:00:00,13.1,100,14.2,492.0
2025-05-06 08:00:00,13.6,100,13.2,279.0
2025-05-06 09:00:00,12.9,100,11.9,166.0
2025-05-06 10:00:00,13.0,100,9.8,228.0
2025-05-06 11:00:00,11.5,100,9.6,87.0
2025-05-06 12:00:00,11.2,100,10.9,99.0
2025-05-06 13:00:00,11.6,100,5.3,84.0
2025-05-06 14:00:00,12.1,100,7.6,136.0
2025-05-06 15:00:00,12.1,100,7.7,101.0
2025-05-06 16:00:00,11.8,100,6.7,47.0
2025-05-06 17:00:00,11.5,100,3.1,14.0
2025-05-06 18:00:00,11.2,100,4.3,0.0
2025-05-06 19:00:00,11.1,100,4.8,0.0
2025-05-06 20:00:00,10.9,100,6.6,0.0
2025-05-06 21:00:00,10.7,100,8.0,0.0
2025-05-06 22:00:00,10.4,100,9.3,0.0
2025-05-06 23:00:00,9.8,100,11.4,0.0
2025-05-07 00:00:00,9.2,100,11.0,0.0
2025-05-07 01:00:00,8.8,100,11.5,0.0
2025-05-07 02:00:00,8.5,100,11.8,0.0
2025-05-07 03:00:00,8.2,100,12.2,2.0
2025-05-07 04:00:00,8.3,100,11.6,25.0
2025-05-07 05:00:00,8.6,100,12.9,64.0
2025-05-07 06:00:00,8.9,100,14.6,99.0
2025-05-07 07:00:00,9.4,100,15.0,139.0
2025-05-07 08:00:00,9.9,100,14.6,166.0
2025-05-07 09:00:00,10.2,100,13.8,200.0
2025-05-07 10:00:00,10.1,100,13.3,173.0
2025-05-07 11:00:00,10.6,100,13.0,253.0
2025-05-07 12:00:00,12.2,100,14.8,417.0
2025-05-07 13:00:00,11.9,100,12.7,173.0
2025-05-07 14:00:00,12.2,100,10.7,111.0
2025-05-07 15:00:00,12.6,100,7.8,153.0
2025-05-07 16:00:00,12.2,100,3.9,100.0
2025-05-07 17:00:00,11.0,100,2.2,38.0
2025-05-07 18:00:00,9.8,92,3.5,2.0
2025-05-07 19:00:00,8.6,19,4.0,0.0
2025-05-07 20:00:00,7.8,68,8.1,0.0
2025-05-07 21:00:00,8.1,23,14.0,0.0
2025-05-07 22:00:00,8.6,69,15.0,0.0
2025-05-07 23:00:00,8.1,93,13.9,0.0
2025-05-08 00:00:00,7.4,72,14.2,0.0
2025-05-08 01:00:00,6.9,99,12.7,0.0
2025-05-08 02:00:00,7.0,99,12.9,0.0
2025-05-08 03:00:00,6.7,100,12.6,5.0
2025-05-08 04:00:00,6.9,98,13.3,61.0
2025-05-08 05:00:00,7.4,97,13.1,161.0
2025-05-08 06:00:00,8.4,62,12.3,333.0
2025-05-08 07:00:00,9.9,31,11.3,563.0
2025-05-08 08:00:00,11.2,51,10.3,719.0
2025-05-08 09:00:00,12.2,100,9.8,779.0
2025-05-08 10:00:00,12.7,91,8.9,621.0
2025-05-08 11:00:00,13.9,78,11.0,744.0
2025-05-08 12:00:00,13.9,46,12.7,735.0
2025-05-08 13:00:00,13.9,89,12.0,575.0
2025-05-08 14:00:00,13.9,100,11.4,389.0
2025-05-08 15:00:00,13.6,100,7.4,187.0
2025-05-08 16:00:00,13.1,100,3.4,73.0
2025-05-08 17:00:00,11.8,100,10.5,47.0
2025-05-08 18:00:00,9.8,99,10.4,3.0
2025-05-08 19:00:00,9.1,100,12.2,0.0
2025-05-08 20:00:00,8.4,100,11.0,0.0
2025-05-08 21:00:00,8.4,100,10.9,0.0
2025-05-08 22:00:00,8.4,100,11.9,0.0
2025-05-08 23:00:00,8.1,100,13.4,0.0
2025-05-09 00:00:00,7.8,100,13.6,0.0
2025-05-09 01:00:00,6.8,100,11.1,0.0
2025-05-09 02:00:00,5.8,100,10.2,0.0
2025-05-09 03:00:00,4.9,100,12.9,1.0
2025-05-09 04:00:00,4.2,100,13.7,11.0
2025-05-09 05:00:00,3.8,100,17.0,29.0
2025-05-09 06:00:00,4.1,100,18.7,73.0
2025-05-09 07:00:00,4.7,100,19.5,105.0
2025-05-09 08:00:00,4.8,100,20.6,99.0
2025-05-09 09:00:00,5.1,100,19.3,123.0
2025-05-09 10:00:00,5.3,100,19.4,100.0
2025-05-09 11:00:00,5.2,100,18.4,117.0
2025-05-09 12:00:00,5.7,100,18.4,152.0
2025-05-09 13:00:00,6.7,98,15.0,185.0
2025-05-09 14:00:00,8.1,100,17.3,297.0
2025-05-09 15:00:00,8.6,100,15.2,209.0
2025-05-09 16:00:00,8.2,91,6.1,91.0
2025-05-09 17:00:00,7.7,82,0.9,47.0
2025-05-09 18:00:00,6.7,95,5.2,3.0
2025-05-09 19:00:00,7.2,100,11.2,0.0
2025-05-09 20:00:00,7.3,100,14.7,0.0
2025-05-09 21:00:00,7.0,100,13.7,0.0
2025-05-09 22:00:00,6.8,100,12.4,0.0
2025-05-09 23:00:00,6.4,100,10.9,0.0
2025-05-10 00:00:00,5.7,82,10.9,0.0
2025-05-10 01:00:00,5.6,100,11.4,0.0
2025-05-10 02:00:00,5.6,100,13.0,0.0
2025-05-10 03:00:00,5.3,94,12.2,6.0
2025-05-10 04:00:00,5.8,82,10.9,69.0
2025-05-10 05:00:00,6.3,98,12.3,131.0
2025-05-10 06:00:00,7.1,92,11.8,226.0
2025-05-10 07:00:00,8.0,44,12.7,378.0
2025-05-10 08:00:00,9.6,44,15.2,606.0
2025-05-10 09:00:00,10.6,100,13.7,704.0
2025-05-10 10:00:00,10.6,99,11.9,474.0
2025-05-10 11:00:00,11.4,100,11.2,525.0
2025-05-10 12:00:00,11.9,100,11.7,428.0
2025-05-10 13:00:00,10.9,100,18.5,229.0
2025-05-10 14:00:00,9.9,100,15.5,154.0
2025-05-10 15:00:00,8.6,100,15.1,130.0
2025-05-10 16:00:00,7.8,100,4.0,54.0
2025-05-10 17:00:00,6.8,100,3.2,15.0
2025-05-10 18:00:00,6.8,100,5.5,1.0
2025-05-10 19:00:00,6.7,100,6.0,0.0
2025-05-10 20:00:00,6.8,100,3.5,0.0
2025-05-10 21:00:00,6.8,78,9.1,0.0
2025-05-10 22:00:00,6.2,87,9.3,0.0
2025-05-10 23:00:00,5.6,100,10.5,0.0
2025-05-11 00:00:00,5.7,64,10.0,0.0
2025-05-11 01:00:00,4.6,100,11.6,0.0
2025-05-11 02:00:00,4.5,100,12.0,0.0
2025-05-11 03:00:00,4.6,100,11.4,7.0
2025-05-11 04:00:00,5.0,97,12.9,54.0
2025-05-11 05:00:00,5.8,61,13.0,189.0
2025-05-11 06:00:00,6.7,64,12.7,289.0
2025-05-11 07:00:00,8.1,66,11.2,444.0
2025-05-11 08:00:00,9.6,100,11.3,619.0
2025-05-11 09:00:00,10.8,100,11.0,723.0
2025-05-11 10:00:00,11.2,100,9.6,681.0
2025-05-11 11:00:00,11.4,100,7.9,613.0
2025-05-11 12:00:00,11.6,100,6.9,467.0
2025-05-11 13:00:00,10.6,99,6.8,211.0
2025-05-11 14:00:00,9.2,100,10.3,260.0
2025-05-11 15:00:00,9.7,99,6.5,291.0
2025-05-11 16:00:00,8.7,99,3.4,180.0
2025-05-11 17:00:00,7.5,94,6.1,75.0
2025-05-11 18:00:00,6.7,100,6.9,4.0
2025-05-11 19:00:00,6.3,100,7.2,0.0
2025-05-11 20:00:00,5.9,99,8.6,0.0
2025-05-11 21:00:00,5.1,29,8.9,0.0
2025-05-11 22:00:00,4.6,1,8.1,0.0
2025-05-11 23:00:00,3.8,0,7.6,0.0
2025-05-12 00:00:00,3.0,1,6.3,0.0
2025-05-12 01:00:00,2.6,74,6.7,0.0
2025-05-12 02:00:00,2.8,67,8.1,0.0
2025-05-12 03:00:00,2.9,0,9.4,13.0
2025-05-12 04:00:00,4.6,0,11.2,117.0
2025-05-12 05:00:00,6.8,1,9.5,277.0
2025-05-12 06:00:00,9.1,0,10.8,447.0
2025-05-12 07:00:00,10.8,4,13.3,606.0
2025-05-12 08:00:00,11.9,12,12.9,731.0
2025-05-12 09:00:00,12.5,39,11.3,810.0
2025-05-12 10:00:00,13.0,99,10.6,823.0
2025-05-12 11:00:00,12.4,100,10.7,390.0
2025-05-12 12:00:00,11.2,75,9.6,308.0
2025-05-12 13:00:00,13.1,57,14.5,528.0
2025-05-12 14:00:00,12.1,32,13.6,484.0
2025-05-12 15:00:00,12.4,5,12.8,401.0
2025-05-12 16:00:00,11.3,21,9.8,241.0
2025-05-12 17:00:00,9.1,41,7.2,87.0
2025-05-12 18:00:00,7.3,20,2.8,6.0
2025-05-12 19:00:00,6.0,6,4.4,0.0
2025-05-12 20:00:00,5.2,7,6.5,0.0
2025-05-12 21:00:00,5.2,30,9.0,0.0
2025-05-12 22:00:00,5.0,31,8.4,0.0
2025-05-12 23:00:00,4.3,61,7.0,0.0
2025-05-13 00:00:00,4.0,77,8.8,0.0
2025-05-13 01:00:00,4.1,86,9.6,0.0
2025-05-13 02:00:00,3.9,100,9.9,0.0
2025-05-13 03:00:00,4.2,68,11.2,12.0
2025-05-13 04:00:00,5.5,49,10.9,111.0
2025-05-13 05:00:00,7.5,100,10.8,272.0
2025-05-13 06:00:00,9.2,44,12.8,414.0
2025-05-13 07:00:00,10.9,29,12.8,592.0
2025-05-13 08:00:00,11.9,47,12.2,656.0
2025-05-13 09:00:00,12.9,25,13.4,749.0
2025-05-13 10:00:00,13.9,97,14.5,836.0
2025-05-13 11:00:00,14.1,100,15.4,592.0
2025-05-13 12:00:00,12.6,65,13.0,186.0
2025-05-13 13:00:00,12.6,79,13.6,524.0
2025-05-13 14:00:00,11.8,56,15.7,376.0
2025-05-13 15:00:00,12.4,77,14.4,375.0
2025-05-13 16:00:00,11.8,32,10.3,189.0
2025-05-13 17:00:00,10.5,24,7.5,83.0
2025-05-13 18:00:00,8.4,17,5.5,6.0
2025-05-13 19:00:00,7.6,6,9.4,0.0
2025-05-13 20:00:00,6.8,4,10.0,0.0
2025-05-13 21:00:00,6.2,0,9.3,0.0
2025-05-13 22:00:00,5.9,1,9.6,0.0
2025-05-13 23:00:00,5.7,1,10.7,0.0
2025-05-14 00:00:00,5.2,0,10.2,0.0
2025-05-14 01:00:00,5.1,15,9.9,0.0
2025-05-14 02:00:00,4.8,19,10.3,0.0
2025-05-14 03:00:00,4.9,20,11.3,14.0
2025-05-14 04:00:00,6.4,3,12.1,118.0
2025-05-14 05:00:00,8.4,82,11.6,279.0
2025-05-14 06:00:00,10.4,28,10.8,405.0
2025-05-14 07:00:00,12.1,17,10.4,572.0
2025-05-14 08:00:00,13.4,22,10.4,724.0
2025-05-14 09:00:00,14.2,20,11.0,791.0
2025-05-14 10:00:00,15.0,100,12.3,811.0
2025-05-14 11:00:00,13.6,30,10.7,220.0
2025-05-14 12:00:00,14.5,45,13.9,641.0
2025-05-14 13:00:00,15.6,22,14.1,654.0
2025-05-14 14:00:00,15.2,44,15.6,525.0
2025-05-14 15:00:00,14.9,27,11.0,348.0
2025-05-14 16:00:00,14.6,85,4.4,235.0
2025-05-14 17:00:00,12.3,75,6.5,65.0
2025-05-14 18:00:00,11.1,37,8.7,6.0
2025-05-14 19:00:00,10.1,41,9.9,0.0
2025-05-14 20:00:00,9.4,47,15.0,0.0
2025-05-14 21:00:00,10.1,63,21.1,0.0
2025-05-14 22:00:00,9.2,70,14.1,0.0
2025-05-14 23:00:00,8.1,98,13.8,0.0
2025-05-15 00:00:00,8.3,100,16.6,0.0
2025-05-15 01:00:00,9.7,100,17.2,0.0
2025-05-15 02:00:00,9.8,100,17.8,0.0
2025-05-15 03:00:00,10.1,100,19.6,9.0
2025-05-15 04:00:00,10.6,100,19.3,41.0
2025-05-15 05:00:00,10.9,100,19.7,51.0
2025-05-15 06:00:00,12.4,88,17.5,193.0
2025-05-15 07:00:00,14.0,100,18.9,357.0
2025-05-15 08:00:00,15.7,100,24.0,502.0
2025-05-15 09:00:00,17.5,100,27.6,772.0
2025-05-15 10:00:00,17.5,100,27.5,589.0
2025-05-15 11:00:00,18.1,100,28.2,727.0
2025-05-15 12:00:00,17.3,99,28.8,453.0
2025-05-15 13:00:00,18.1,94,25.0,587.0
2025-05-15 14:00:00,17.2,100,21.0,532.0
2025-05-15 15:00:00,16.2,100,22.5,288.0
2025-05-15 16:00:00,14.4,100,15.6,87.0
2025-05-15 17:00:00,13.5,96,11.9,67.0
2025-05-15 18:00:00,12.3,50,8.8,7.0
2025-05-15 19:00:00,11.2,100,5.6,0.0
2025-05-15 20:00:00,10.8,86,3.1,0.0
2025-05-15 21:00:00,11.1,84,12.2,0.0
2025-05-15 22:00:00,10.6,88,12.8,0.0
2025-05-15 23:00:00,10.3,86,14.1,0.0
2025-05-16 00:00:00,10.4,92,17.6,0.0
2025-05-16 01:00:00,9.9,100,12.5,0.0
2025-05-16 02:00:00,9.2,100,4.1,0.0
2025-05-16 03:00:00,9.3,100,4.4,6.0
2025-05-16 04:00:00,9.4,100,4.9,37.0
2025-05-16 05:00:00,9.6,100,4.9,83.0
2025-05-16 06:00:00,9.1,100,10.4,110.0
2025-05-16 07:00:00,8.3,100,13.8,130.0
2025-05-16 08:00:00,8.5,100,13.0,174.0
2025-05-16 09:00:00,9.2,100,10.5,202.0
2025-05-16 10:00:00,9.3,100,12.1,180.0
2025-05-16 11:00:00,9.7,100,13.2,281.0
2025-05-16 12:00:00,9.8,100,12.7,253.0
2025-05-16 13:00:00,9.2,100,10.5,278.0
2025-05-16 14:00:00,10.2,100,11.0,383.0
2025-05-16 15:00:00,10.2,100,11.8,226.0
2025-05-16 16:00:00,9.9,100,12.2,103.0
2025-05-16 17:00:00,9.5,100,9.8,48.0
2025-05-16 18:00:00,8.9,100,9.8,4.0
2025-05-16 19:00:00,8.8,100,9.7,0.0
2025-05-16 20:00:00,8.8,100,9.9,0.0
2025-05-16 21:00:00,8.9,96,10.5,0.0
2025-05-16 22:00:00,8.6,99,9.7,0.0
2025-05-16 23:00:00,9.4,100,9.7,0.0
2025-05-17 00:00:00,10.0,100,8.6,0.0
2025-05-17 01:00:00,10.1,100,11.7,0.0
2025-05-17 02:00:00,9.9,100,10.7,0.0
2025-05-17 03:00:00,9.9,100,11.0,6.0
2025-05-17 04:00:00,10.1,100,11.2,19.0
2025-05-17 05:00:00,10.0,100,11.2,30.0
2025-05-17 06:00:00,10.3,100,10.4,58.0
2025-05-17 07:00:00,10.9,100,7.7,104.0
2025-05-17 08:00:00,11.2,100,11.8,123.0
2025-05-17 09:00:00,11.6,100,9.8,127.0
2025-05-17 10:00:00,11.9,100,7.2,155.0
2025-05-17 11:00:00,12.4,100,9.6,188.0
2025-05-17 12:00:00,12.4,100,8.4,163.0
2025-05-17 13:00:00,12.2,100,10.0,137.0
2025-05-17 14:00:00,11.9,100,9.8,92.0
2025-05-17 15:00:00,11.9,100,6.9,73.0
2025-05-17 16:00:00,11.9,100,6.0,73.0
2025-05-17 17:00:00,11.5,100,3.9,41.0
2025-05-17 18:00:00,10.7,100,3.9,3.0
2025-05-17 19:00:00,10.6,100,4.8,0.0
2025-05-17 20:00:00,10.8,100,5.2,0.0
2025-05-17 21:00:00,10.6,100,9.1,0.0
2025-05-17 22:00:00,10.2,100,13.6,0.0
2025-05-17 23:00:00,9.4,100,17.5,0.0
2025-05-18 00:00:00,8.7,100,16.5,0.0
2025-05-18 01:00:00,8.5,100,16.5,0.0
2025-05-18 02:00:00,8.4,100,14.8,0.0
2025-05-18 03:00:00,8.3,69,12.3,4.0
2025-05-18 04:00:00,8.9,77,9.4,70.0
2025-05-18 05:00:00,9.6,91,14.7,155.0
2025-05-18 06:00:00,10.8,92,15.5,269.0
2025-05-18 07:00:00,12.1,76,14.9,411.0
2025-05-18 08:00:00,13.4,100,17.3,581.0
2025-05-18 09:00:00,14.6,92,18.3,628.0
2025-05-18 10:00:00,15.7,23,18.4,759.0
2025-05-18 11:00:00,16.2,100,18.7,770.0
2025-05-18 12:00:00,15.8,100,18.1,502.0
2025-05-18 13:00:00,15.7,98,14.7,327.0
2025-05-18 14:00:00,16.1,45,11.7,461.0
2025-05-18 15:00:00,15.8,43,13.0,354.0
2025-05-18 16:00:00,14.0,41,10.7,216.0
2025-05-18 17:00:00,12.6,24,7.2,89.0
2025-05-18 18:00:00,10.1,81,6.0,10.0
2025-05-18 19:00:00,9.6,85,7.7,0.0
2025-05-18 20:00:00,9.2,2,9.3,0.0
2025-05-18 21:00:00,8.6,41,8.8,0.0
2025-05-18 22:00:00,8.0,14,7.6,0.0
2025-05-18 23:00:00,7.7,99,8.9,0.0
2025-05-19 00:00:00,7.6,99,8.7,0.0
2025-05-19 01:00:00,7.6,87,4.9,0.0
2025-05-19 02:00:00,6.6,97,5.7,0.0
2025-05-19 03:00:00,7.4,5,8.8,17.0
2025-05-19 04:00:00,8.6,99,9.3,131.0
2025-05-19 05:00:00,10.3,100,8.6,274.0
2025-05-19 06:00:00,11.9,100,9.0,403.0
2025-05-19 07:00:00,13.3,32,12.1,548.0
2025-05-19 08:00:00,14.4,89,12.5,718.0
2025-05-19 09:00:00,15.1,72,12.9,780.0
2025-05-19 10:00:00,15.8,85,12.4,812.0
2025-05-19 11:00:00,16.0,77,10.7,825.0
2025-05-19 12:00:00,16.1,84,9.1,707.0
2025-05-19 13:00:00,16.5,100,7.1,613.0
2025-05-19 14:00:00,15.9,91,5.2,437.0
2025-05-19 15:00:00,12.8,99,9.4,266.0
2025-05-19 16:00:00,12.9,100,2.7,157.0
2025-05-19 17:00:00,11.4,100,2.8,57.0
2025-05-19 18:00:00,10.8,100,3.3,3.0
2025-05-19 19:00:00,10.1,100,3.6,0.0
2025-05-19 20:00:00,9.5,100,7.1,0.0
2025-05-19 21:00:00,9.3,100,5.4,0.0
2025-05-19 22:00:00,9.1,100,8.0,0.0
2025-05-19 23:00:00,8.7,99,9.9,0.0
2025-05-20 00:00:00,8.6,100,8.7,0.0
2025-05-20 01:00:00,8.4,100,8.1,0.0
2025-05-20 02:00:00,8.4,100,11.5,0.0
2025-05-20 03:00:00,8.2,100,12.6,11.0
2025-05-20 04:00:00,8.5,99,13.7,68.0
2025-05-20 05:00:00,8.9,99,15.2,107.0
2025-05-20 06:00:00,11.1,88,14.8,340.0
2025-05-20 07:00:00,13.1,8,15.5,577.0
2025-05-20 08:00:00,15.1,5,17.3,721.0
2025-05-20 09:00:00,15.8,19,20.2,804.0
2025-05-20 10:00:00,16.4,23,20.4,801.0
2025-05-20 11:00:00,16.7,81,25.6,793.0
2025-05-20 12:00:00,15.2,32,25.3,525.0
2025-05-20 13:00:00,14.7,100,23.9,536.0
2025-05-20 14:00:00,13.4,100,22.6,287.0
2025-05-20 15:00:00,12.9,46,17.6,111.0
2025-05-20 16:00:00,13.5,82,18.8,191.0
2025-05-20 17:00:00,12.6,57,16.6,68.0
2025-05-20 18:00:00,12.1,48,18.2,10.0
2025-05-20 19:00:00,11.1,19,15.8,0.0
2025-05-20 20:00:00,10.7,8,16.9,0.0
2025-05-20 21:00:00,10.4,4,16.3,0.0
2025-05-20 22:00:00,10.1,11,15.5,0.0
2025-05-20 23:00:00,9.9,0,15.6,0.0
2025-05-21 00:00:00,9.6,0,15.2,0.0
2025-05-21 01:00:00,9.7,0,15.4,0.0
2025-05-21 02:00:00,9.4,12,15.7,0.0
2025-05-21 03:00:00,9.6,8,15.3,22.0
2025-05-21 04:00:00,10.9,3,13.3,135.0
2025-05-21 05:00:00,12.7,1,13.4,295.0
2025-05-21 06:00:00,14.6,12,13.4,464.0
2025-05-21 07:00:00,16.5,0,13.0,616.0
2025-05-21 08:00:00,18.2,5,12.6,741.0
2025-05-21 09:00:00,19.4,37,14.4,825.0
2025-05-21 10:00:00,19.6,22,14.7,666.0
2025-05-21 11:00:00,20.2,24,15.2,768.0
2025-05-21 12:00:00,20.3,21,15.5,709.0
2025-05-21 13:00:00,21.1,38,15.2,682.0
2025-05-21 14:00:00,20.9,8,15.3,589.0
2025-05-21 15:00:00,19.7,60,11.7,389.0
2025-05-21 16:00:00,18.8,30,10.5,219.0
2025-05-21 17:00:00,16.8,25,8.0,92.0
2025-05-21 18:00:00,14.2,1,6.9,12.0
2025-05-21 19:00:00,13.4,0,6.1,0.0
2025-05-21 20:00:00,12.6,2,8.1,0.0
2025-05-21 21:00:00,12.0,2,8.9,0.0
2025-05-21 22:00:00,11.6,5,8.9,0.0
2025-05-21 23:00:00,11.1,4,7.6,0.0
2025-05-22 00:00:00,10.4,0,7.8,0.0
2025-05-22 01:00:00,10.5,0,8.1,0.0
2025-05-22 02:00:00,10.1,0,8.7,0.0
2025-05-22 03:00:00,10.7,3,10.7,24.0
2025-05-22 04:00:00,12.5,0,12.0,138.0
2025-05-22 05:00:00,14.8,0,9.2,297.0
2025-05-22 06:00:00,17.2,8,8.3,466.0
2025-05-22 07:00:00,19.1,13,11.5,620.0
2025-05-22 08:00:00,19.8,76,17.3,706.0
2025-05-22 09:00:00,20.0,99,18.4,629.0
2025-05-22 10:00:00,20.9,41,19.6,834.0
2025-05-22 11:00:00,21.1,83,19.6,748.0
2025-05-22 12:00:00,21.0,86,18.8,604.0
2025-05-22 13:00:00,22.0,82,15.3,521.0
2025-05-22 14:00:00,21.4,23,20.2,466.0
2025-05-22 15:00:00,20.0,80,20.8,353.0
2025-05-22 16:00:00,19.1,48,15.6,249.0
2025-05-22 17:00:00,18.0,99,15.3,107.0
2025-05-22 18:00:00,16.7,100,14.6,12.0
2025-05-22 19:00:00,16.2,100,17.3,0.0
2025-05-22 20:00:00,15.9,100,19.8,0.0
2025-05-22 21:00:00,15.1,100,19.8,0.0
2025-05-22 22:00:00,14.5,100,19.3,0.0
2025-05-22 23:00:00,13.9,100,19.2,0.0
2025-05-23 00:00:00,13.2,100,18.2,0.0
2025-05-23 01:00:00,13.0,100,18.5,0.0
2025-05-23 02:00:00,12.4,100,18.3,0.0
2025-05-23 03:00:00,12.3,17,19.0,24.0
2025-05-23 04:00:00,13.3,22,18.0,136.0
2025-05-23 05:00:00,14.6,77,18.4,272.0
2025-05-23 06:00:00,16.0,72,20.3,401.0
2025-05-23 07:00:00,17.7,100,19.1,556.0
2025-05-23 08:00:00,19.7,98,18.2,695.0
2025-05-23 09:00:00,20.8,99,19.1,741.0
2025-05-23 10:00:00,21.2,100,20.5,698.0
2025-05-23 11:00:00,21.2,62,20.4,592.0
2025-05-23 12:00:00,21.8,96,19.3,673.0
2025-05-23 13:00:00,22.0,32,17.2,583.0
2025-05-23 14:00:00,22.0,0,18.5,570.0
2025-05-23 15:00:00,21.0,2,18.3,429.0
2025-05-23 16:00:00,19.6,16,13.2,266.0
2025-05-23 17:00:00,17.8,21,7.7,115.0
2025-05-23 18:00:00,15.7,43,6.2,14.0
2025-05-23 19:00:00,15.4,61,4.3,0.0
2025-05-23 20:00:00,15.1,22,6.0,0.0
2025-05-23 21:00:00,14.2,9,8.4,0.0
2025-05-23 22:00:00,13.9,97,10.8,0.0
2025-05-23 23:00:00,13.9,99,9.8,0.0
2025-05-24 00:00:00,13.4,100,10.0,0.0
2025-05-24 01:00:00,12.7,98,5.7,0.0
2025-05-24 02:00:00,12.0,100,6.9,0.0
2025-05-24 03:00:00,12.9,100,7.9,21.0
2025-05-24 04:00:00,14.4,100,9.0,82.0
2025-05-24 05:00:00,14.8,100,5.1,117.0
2025-05-24 06:00:00,15.6,100,14.5,124.0
2025-05-24 07:00:00,18.5,95,12.5,449.0
2025-05-24 08:00:00,19.8,59,12.4,649.0
2025-05-24 09:00:00,21.1,76,12.9,789.0
2025-05-24 10:00:00,21.9,60,15.4,715.0
2025-05-24 11:00:00,21.2,97,19.8,772.0
2025-05-24 12:00:00,17.9,98,17.5,355.0
2025-05-24 13:00:00,18.2,99,17.8,417.0
2025-05-24 14:00:00,17.9,100,12.2,248.0
2025-05-24 15:00:00,16.6,99,8.2,129.0
2025-05-24 16:00:00,16.8,46,6.7,92.0
2025-05-24 17:00:00,16.4,79,2.4,89.0
2025-05-24 18:00:00,15.5,67,0.6,10.0
2025-05-24 19:00:00,14.6,51,3.1,0.0
2025-05-24 20:00:00,13.9,100,5.7,0.0
2025-05-24 21:00:00,13.4,100,6.1,0.0
2025-05-24 22:00:00,13.6,100,9.1,0.0
2025-05-24 23:00:00,13.4,100,11.6,0.0
2025-05-25 00:00:00,13.1,100,13.9,0.0
2025-05-25 01:00:00,12.4,100,14.1,0.0
2025-05-25 02:00:00,12.3,100,13.0,0.0
2025-05-25 03:00:00,12.6,100,14.1,14.0
2025-05-25 04:00:00,13.4,100,13.4,50.0
2025-05-25 05:00:00,14.4,100,11.9,67.0
2025-05-25 06:00:00,14.8,100,8.2,62.0
2025-05-25 07:00:00,15.9,100,8.4,186.0
2025-05-25 08:00:00,16.9,100,9.8,192.0
2025-05-25 09:00:00,18.9,100,8.5,343.0
2025-05-25 10:00:00,20.7,100,7.2,360.0
2025-05-25 11:00:00,23.6,100,11.2,585.0
2025-05-25 12:00:00,21.5,100,15.0,381.0
2025-05-25 13:00:00,19.3,100,8.0,225.0
2025-05-25 14:00:00,18.4,100,11.7,103.0
2025-05-25 15:00:00,18.6,100,9.6,172.0
2025-05-25 16:00:00,18.5,100,7.2,116.0
2025-05-25 17:00:00,18.0,100,11.3,35.0
2025-05-25 18:00:00,17.5,100,15.5,10.0
2025-05-25 19:00:00,17.1,99,16.9,0.0
2025-05-25 20:00:00,15.9,100,9.5,0.0
2025-05-25 21:00:00,14.9,100,7.2,0.0
2025-05-25 22:00:00,14.4,100,7.2,0.0
2025-05-25 23:00:00,14.4,100,4.0,0.0
2025-05-26 00:00:00,14.3,100,8.5,0.0
2025-05-26 01:00:00,15.6,100,11.7,0.0
2025-05-26 02:00:00,15.6,100,12.9,0.0
2025-05-26 03:00:00,14.4,100,10.6,7.0
2025-05-26 04:00:00,14.4,100,13.9,24.0
2025-05-26 05:00:00,15.1,100,14.2,99.0
2025-05-26 06:00:00,15.3,100,18.3,52.0
2025-05-26 07:00:00,15.6,100,20.5,92.0
2025-05-26 08:00:00,16.1,100,19.1,148.0
2025-05-26 09:00:00,16.8,100,17.4,183.0
2025-05-26 10:00:00,18.2,100,23.4,382.0
2025-05-26 11:00:00,19.6,100,20.8,487.0
2025-05-26 12:00:00,19.2,100,15.9,256.0
2025-05-26 13:00:00,18.7,100,14.4,298.0
2025-05-26 14:00:00,18.5,100,8.9,155.0
2025-05-26 15:00:00,18.4,100,4.8,120.0
2025-05-26 16:00:00,18.0,100,2.3,50.0
2025-05-26 17:00:00,17.2,100,1.8,11.0
2025-05-26 18:00:00,16.9,100,1.9,4.0
2025-05-26 19:00:00,16.4,100,0.7,0.0
2025-05-26 20:00:00,15.9,100,3.8,0.0
2025-05-26 21:00:00,15.7,100,3.1,0.0
2025-05-26 22:00:00,15.3,100,5.9,0.0
2025-05-26 23:00:00,14.6,100,6.5,0.0
2025-05-27 00:00:00,14.8,100,7.5,0.0
2025-05-27 01:00:00,15.1,100,16.5,0.0
2025-05-27 02:00:00,14.9,100,12.5,0.0
2025-05-27 03:00:00,14.9,100,11.3,12.0
2025-05-27 04:00:00,15.8,100,11.4,113.0
2025-05-27 05:00:00,17.0,85,10.4,244.0
2025-05-27 06:00:00,18.6,99,14.0,440.0
2025-05-27 07:00:00,19.4,100,18.7,510.0
2025-05-27 08:00:00,17.5,100,19.0,344.0
2025-05-27 09:00:00,15.6,100,12.7,130.0
2025-05-27 10:00:00,16.1,100,9.4,187.0
2025-05-27 11:00:00,17.8,100,10.2,379.0
2025-05-27 12:00:00,19.6,100,16.2,607.0
2025-05-27 13:00:00,20.0,100,13.9,393.0
2025-05-27 14:00:00,20.9,100,11.4,422.0
2025-05-27 15:00:00,21.0,100,7.4,254.0
2025-05-27 16:00:00,20.2,100,9.9,167.0
2025-05-27 17:00:00,18.9,100,8.4,63.0
2025-05-27 18:00:00,18.0,100,12.9,9.0
2025-05-27 19:00:00,16.4,100,11.2,0.0
2025-05-27 20:00:00,15.7,100,8.5,0.0
2025-05-27 21:00:00,15.4,100,9.3,0.0
2025-05-27 22:00:00,15.1,100,12.0,0.0
2025-05-27 23:00:00,14.8,100,11.4,0.0
2025-05-28 00:00:00,14.6,100,12.3,0.0
2025-05-28 01:00:00,14.7,100,12.1,0.0
2025-05-28 02:00:00,14.4,100,13.7,0.0
2025-05-28 03:00:00,13.6,93,12.8,6.0
2025-05-28 04:00:00,13.6,88,11.7,58.0
2025-05-28 05:00:00,14.2,33,11.8,184.0
2025-05-28 06:00:00,15.6,53,13.9,441.0
2025-05-28 07:00:00,16.8,100,14.5,519.0
2025-05-28 08:00:00,17.1,100,13.2,405.0
2025-05-28 09:00:00,17.3,100,10.7,343.0
2025-05-28 10:00:00,17.4,100,9.3,312.0
2025-05-28 11:00:00,18.4,100,8.9,470.0
2025-05-28 12:00:00,18.7,99,8.5,371.0
2025-05-28 13:00:00,18.0,94,6.4,354.0
2025-05-28 14:00:00,18.3,78,4.3,304.0
2025-05-28 15:00:00,18.1,99,3.5,248.0
2025-05-28 16:00:00,17.5,65,6.0,141.0
2025-05-28 17:00:00,16.3,27,6.2,88.0
2025-05-28 18:00:00,14.3,13,4.9,17.0
2025-05-28 19:00:00,13.6,9,5.9,0.0
2025-05-28 20:00:00,13.1,19,6.7,0.0
2025-05-28 21:00:00,12.9,22,7.1,0.0
2025-05-28 22:00:00,12.6,23,7.5,0.0
2025-05-28 23:00:00,11.9,11,6.3,0.0
2025-05-29 00:00:00,11.3,44,6.2,0.0
2025-05-29 01:00:00,12.3,54,10.3,0.0
2025-05-29 02:00:00,11.8,96,5.0,0.0
2025-05-29 03:00:00,12.1,25,7.1,21.0
2025-05-29 04:00:00,13.1,37,9.3,133.0
2025-05-29 05:00:00,14.1,44,12.2,258.0
2025-05-29 06:00:00,15.2,43,9.8,353.0
2025-05-29 07:00:00,16.4,100,10.9,531.0
2025-05-29 08:00:00,17.5,100,12.0,644.0
2025-05-29 09:00:00,17.2,99,12.4,346.0
2025-05-29 10:00:00,15.7,62,13.8,426.0
2025-05-29 11:00:00,18.0,46,9.1,643.0
2025-05-29 12:00:00,19.0,49,9.7,772.0
2025-05-29 13:00:00,19.2,10,11.1,652.0
2025-05-29 14:00:00,19.1,14,10.2,541.0
2025-05-29 15:00:00,19.0,7,7.8,397.0
2025-05-29 16:00:00,18.8,9,5.2,262.0
2025-05-29 17:00:00,17.5,5,2.3,123.0
2025-05-29 18:00:00,15.7,4,1.3,21.0
2025-05-29 19:00:00,14.3,8,2.6,0.0
2025-05-29 20:00:00,13.1,9,5.2,0.0
2025-05-29 21:00:00,12.4,6,5.2,0.0
2025-05-29 22:00:00,11.9,7,5.0,0.0
2025-05-29 23:00:00,11.4,0,5.9,0.0
2025-05-30 00:00:00,11.5,0,7.6,0.0
2025-05-30 01:00:00,11.9,10,5.5,0.0
2025-05-30 02:00:00,11.5,11,8.1,0.0
2025-05-30 03:00:00,12.1,9,9.4,30.0
2025-05-30 04:00:00,13.5,36,10.8,143.0
2025-05-30 05:00:00,15.0,67,12.6,286.0
2025-05-30 06:00:00,16.3,39,13.0,409.0
2025-05-30 07:00:00,17.1,37,11.1,529.0
2025-05-30 08:00:00,18.0,45,7.8,655.0
2025-05-30 09:00:00,19.0,45,5.4,677.0
2025-05-30 10:00:00,19.4,100,7.7,666.0
2025-05-30 11:00:00,18.9,68,9.8,377.0
2025-05-30 12:00:00,18.6,83,16.0,575.0
2025-05-30 13:00:00,17.6,83,20.6,480.0
2025-05-30 14:00:00,17.5,71,21.1,410.0
2025-05-30 15:00:00,17.5,96,20.6,333.0
2025-05-30 16:00:00,16.9,77,17.6,198.0
2025-05-30 17:00:00,16.1,27,16.6,91.0
2025-05-30 18:00:00,15.1,100,15.1,18.0
2025-05-30 19:00:00,14.6,15,14.1,0.0
2025-05-30 20:00:00,14.0,3,14.1,0.0
2025-05-30 21:00:00,13.3,10,12.7,0.0
2025-05-30 22:00:00,12.6,12,11.6,0.0
2025-05-30 23:00:00,12.2,11,11.3,0.0
2025-05-31 00:00:00,11.9,0,11.8,0.0
2025-05-31 01:00:00,11.8,0,11.6,0.0
2025-05-31 02:00:00,11.4,0,11.9,0.0
2025-05-31 03:00:00,11.9,0,13.1,32.0
2025-05-31 04:00:00,13.1,0,11.2,148.0
2025-05-31 05:00:00,14.6,8,12.1,302.0
2025-05-31 06:00:00,16.1,12,12.7,460.0
2025-05-31 07:00:00,17.8,2,13.1,615.0
2025-05-31 08:00:00,19.1,6,14.4,750.0
2025-05-31 09:00:00,20.0,7,15.9,830.0
2025-05-31 10:00:00,20.5,44,15.8,873.0
2025-05-31 11:00:00,20.9,37,15.9,870.0
2025-05-31 12:00:00,21.0,27,16.0,839.0
2025-05-31 13:00:00,21.5,4,16.4,751.0
2025-05-31 14:00:00,21.0,11,16.4,619.0
2025-05-31 15:00:00,20.8,73,12.0,458.0
2025-05-31 16:00:00,20.1,100,8.0,262.0
2025-05-31 17:00:00,18.3,99,10.0,90.0
2025-05-31 18:00:00,16.2,4,7.8,21.0
2025-05-31 19:00:00,15.4,2,9.8,0.0
2025-05-31 20:00:00,15.0,13,9.6,0.0
2025-05-31 21:00:00,14.6,6,9.1,0.0
2025-05-31 22:00:00,14.0,0,8.9,0.0
2025-05-31 23:00:00,13.6,2,9.2,0.0
2025-06-01 00:00:00,13.4,20,9.9,0.0
2025-06-01 01:00:00,13.6,1,10.9,0.0
2025-06-01 02:00:00,13.4,4,9.7,0.0
2025-06-01 03:00:00,13.9,4,10.9,33.0
2025-06-01 04:00:00,15.3,0,10.4,148.0
2025-06-01 05:00:00,16.9,0,10.0,304.0
2025-06-01 06:00:00,18.5,8,11.1,467.0
2025-06-01 07:00:00,19.7,23,11.5,618.0
2025-06-01 08:00:00,20.0,35,12.1,619.0
2025-06-01 09:00:00,20.7,19,13.2,695.0
2025-06-01 10:00:00,21.5,12,14.5,769.0
2025-06-01 11:00:00,22.1,18,14.1,813.0
2025-06-01 12:00:00,22.6,13,13.4,771.0
2025-06-01 13:00:00,23.1,20,12.2,690.0
2025-06-01 14:00:00,22.9,45,11.4,487.0
2025-06-01 15:00:00,22.4,14,9.7,340.0
2025-06-01 16:00:00,21.5,7,8.5,268.0
2025-06-01 17:00:00,19.5,11,5.6,129.0
2025-06-01 18:00:00,17.5,0,4.4,24.0
2025-06-01 19:00:00,16.0,4,5.8,0.0
2025-06-01 20:00:00,15.0,10,6.5,0.0
2025-06-01 21:00:00,14.4,5,5.7,0.0
2025-06-01 22:00:00,13.9,13,5.1,0.0
2025-06-01 23:00:00,13.1,11,5.3,0.0
2025-06-02 00:00:00,12.5,6,4.7,0.0
2025-06-02 01:00:00,12.2,2,2.2,0.0
2025-06-02 02:00:00,12.0,1,0.4,0.0
2025-06-02 03:00:00,12.5,12,1.8,35.0
2025-06-02 04:00:00,14.6,28,4.4,156.0
2025-06-02 05:00:00,17.1,0,2.2,313.0
2025-06-02 06:00:00,19.6,0,2.3,478.0
2025-06-02 07:00:00,21.5,1,3.5,630.0
2025-06-02 08:00:00,22.7,2,5.6,753.0
2025-06-02 09:00:00,23.5,15,7.9,831.0
2025-06-02 10:00:00,23.9,16,8.4,830.0
2025-06-02 11:00:00,23.9,22,8.9,791.0
2025-06-02 12:00:00,24.0,46,9.7,723.0
2025-06-02 13:00:00,25.0,100,9.8,689.0
2025-06-02 14:00:00,24.6,99,8.7,456.0
2025-06-02 15:00:00,23.0,98,12.1,349.0
2025-06-02 16:00:00,20.7,99,9.7,166.0
2025-06-02 17:00:00,19.8,100,3.5,85.0
2025-06-02 18:00:00,18.5,77,5.6,19.0
2025-06-02 19:00:00,18.0,1,6.8,0.0
2025-06-02 20:00:00,17.6,10,8.9,0.0
2025-06-02 21:00:00,17.4,52,10.4,0.0
2025-06-02 22:00:00,17.0,27,10.8,0.0
2025-06-02 23:00:00,16.8,93,11.6,0.0
2025-06-03 00:00:00,17.0,99,10.7,0.0
2025-06-03 01:00:00,16.9,100,9.0,0.0
2025-06-03 02:00:00,16.4,99,8.1,0.0
2025-06-03 03:00:00,16.9,83,9.5,34.0
2025-06-03 04:00:00,18.2,16,8.8,149.0
2025-06-03 05:00:00,19.9,26,7.4,303.0
2025-06-03 06:00:00,21.6,18,5.9,462.0
2025-06-03 07:00:00,23.2,62,5.8,611.0
2025-06-03 08:00:00,24.7,62,7.7,734.0
2025-06-03 09:00:00,25.8,6,9.5,809.0
2025-06-03 10:00:00,26.4,10,10.8,840.0
2025-06-03 11:00:00,26.8,14,12.9,843.0
2025-06-03 12:00:00,26.7,15,15.1,744.0
2025-06-03 13:00:00,27.5,54,16.6,677.0
2025-06-03 14:00:00,26.9,70,18.9,579.0
2025-06-03 15:00:00,26.3,46,15.9,406.0
2025-06-03 16:00:00,25.4,100,12.3,269.0
2025-06-03 17:00:00,23.8,100,12.2,122.0
2025-06-03 18:00:00,21.7,100,6.7,22.0
2025-06-03 19:00:00,20.9,100,10.1,0.0
2025-06-03 20:00:00,20.6,100,11.1,0.0
2025-06-03 21:00:00,19.8,77,13.8,0.0
2025-06-03 22:00:00,18.7,99,14.4,0.0
2025-06-03 23:00:00,18.0,100,13.9,0.0
2025-06-04 00:00:00,17.8,51,16.6,0.0
2025-06-04 01:00:00,17.2,100,15.8,0.0
2025-06-04 02:00:00,17.1,97,13.9,0.0
2025-06-04 03:00:00,17.1,51,19.1,21.0
2025-06-04 04:00:00,16.9,28,18.0,125.0
2025-06-04 05:00:00,17.4,17,17.4,291.0
2025-06-04 06:00:00,18.5,15,17.2,456.0
2025-06-04 07:00:00,19.5,15,16.3,595.0
2025-06-04 08:00:00,20.5,33,17.3,702.0
2025-06-04 09:00:00,21.3,35,16.1,697.0
2025-06-04 10:00:00,22.2,42,14.9,803.0
2025-06-04 11:00:00,22.4,42,14.1,764.0
2025-06-04 12:00:00,22.7,82,14.0,682.0
2025-06-04 13:00:00,22.4,27,12.3,646.0
2025-06-04 14:00:00,22.5,31,10.8,580.0
2025-06-04 15:00:00,22.1,24,8.9,392.0
2025-06-04 16:00:00,21.6,2,6.0,271.0
2025-06-04 17:00:00,20.4,0,3.0,142.0
2025-06-04 18:00:00,18.6,0,0.4,28.0
2025-06-04 19:00:00,17.0,1,3.2,0.0
2025-06-04 20:00:00,15.9,7,5.3,0.0
2025-06-04 21:00:00,15.1,13,7.1,0.0
2025-06-04 22:00:00,14.6,13,8.1,0.0
2025-06-04 23:00:00,13.9,11,7.2,0.0
2025-06-05 00:00:00,13.4,4,6.9,0.0
2025-06-05 01:00:00,12.8,0,8.5,0.0
2025-06-05 02:00:00,12.8,0,9.0,0.0
2025-06-05 03:00:00,13.8,0,10.6,37.0
2025-06-05 04:00:00,15.8,0,11.7,157.0
2025-06-05 05:00:00,17.9,0,10.3,313.0
2025-06-05 06:00:00,19.9,0,11.9,476.0
2025-06-05 07:00:00,21.2,8,14.6,626.0
2025-06-05 08:00:00,22.2,0,15.1,749.0
2025-06-05 09:00:00,23.0,1,14.7,836.0
2025-06-05 10:00:00,23.5,27,15.3,879.0
2025-06-05 11:00:00,24.0,10,15.4,874.0
2025-06-05 12:00:00,24.2,0,15.0,824.0
2025-06-05 13:00:00,25.2,20,15.2,736.0
2025-06-05 14:00:00,25.6,24,14.3,561.0
2025-06-05 15:00:00,25.4,79,11.4,393.0
2025-06-05 16:00:00,24.5,73,10.0,257.0
2025-06-05 17:00:00,22.8,100,8.3,124.0
2025-06-05 18:00:00,21.1,100,8.4,26.0
2025-06-05 19:00:00,20.7,4,11.6,0.0
2025-06-05 20:00:00,20.0,4,13.4,0.0
2025-06-05 21:00:00,19.5,0,13.2,0.0
2025-06-05 22:00:00,18.9,0,13.5,0.0
2025-06-05 23:00:00,18.6,0,13.6,0.0
2025-06-06 00:00:00,18.5,0,14.2,0.0
2025-06-06 01:00:00,18.8,0,15.6,0.0
2025-06-06 02:00:00,18.5,0,15.3,0.0
2025-06-06 03:00:00,18.7,0,15.3,36.0
2025-06-06 04:00:00,19.8,0,13.3,152.0
2025-06-06 05:00:00,21.2,0,14.1,305.0
2025-06-06 06:00:00,22.9,10,14.0,464.0
2025-06-06 07:00:00,24.5,88,15.0,610.0
2025-06-06 08:00:00,26.1,0,15.5,730.0
2025-06-06 09:00:00,27.5,38,16.7,818.0
2025-06-06 10:00:00,28.5,39,17.6,865.0
2025-06-06 11:00:00,28.5,39,16.5,816.0
2025-06-06 12:00:00,28.3,47,16.8,737.0
2025-06-06 13:00:00,28.0,98,16.1,662.0
2025-06-06 14:00:00,27.1,100,14.1,341.0
2025-06-06 15:00:00,27.4,100,12.1,345.0
2025-06-06 16:00:00,26.2,7,13.3,194.0
2025-06-06 17:00:00,24.7,0,11.8,135.0
2025-06-06 18:00:00,22.9,44,10.4,29.0
2025-06-06 19:00:00,22.0,0,11.2,0.0
2025-06-06 20:00:00,21.5,0,11.7,0.0
2025-06-06 21:00:00,21.0,0,12.2,0.0
2025-06-06 22:00:00,20.5,0,11.7,0.0
2025-06-06 23:00:00,20.0,1,11.0,0.0
2025-06-07 00:00:00,19.5,1,10.7,0.0
2025-06-07 01:00:00,18.9,0,10.9,0.0
2025-06-07 02:00:00,18.6,0,10.6,0.0
2025-06-07 03:00:00,19.0,0,11.7,37.0
2025-06-07 04:00:00,20.2,0,12.7,153.0
2025-06-07 05:00:00,21.8,0,12.4,305.0
2025-06-07 06:00:00,23.5,0,12.8,465.0
2025-06-07 07:00:00,25.2,0,12.3,613.0
2025-06-07 08:00:00,26.7,17,12.7,736.0
2025-06-07 09:00:00,27.9,3,14.4,821.0
2025-06-07 10:00:00,28.8,96,15.4,862.0
2025-06-07 11:00:00,29.4,85,15.0,839.0
2025-06-07 12:00:00,29.5,44,14.5,759.0
2025-06-07 13:00:00,29.0,53,15.5,672.0
2025-06-07 14:00:00,28.9,36,7.6,408.0
2025-06-07 15:00:00,28.6,36,8.7,341.0
2025-06-07 16:00:00,26.6,21,6.6,227.0
2025-06-07 17:00:00,26.0,15,5.3,128.0
2025-06-07 18:00:00,24.9,15,10.8,27.0
2025-06-07 19:00:00,24.0,9,12.2,0.0
2025-06-07 20:00:00,23.2,4,14.4,0.0
2025-06-07 21:00:00,22.6,3,14.8,0.0
2025-06-07 22:00:00,21.8,1,14.4,0.0
2025-06-07 23:00:00,21.1,1,15.5,0.0
2025-06-08 00:00:00,20.6,0,15.0,0.0
2025-06-08 01:00:00,19.6,0,15.3,0.0
2025-06-08 02:00:00,18.9,0,14.3,0.0
2025-06-08 03:00:00,18.8,0,14.4,38.0
2025-06-08 04:00:00,19.8,0,15.1,157.0
2025-06-08 05:00:00,21.1,0,14.8,311.0
2025-06-08 06:00:00,22.7,0,15.4,472.0
2025-06-08 07:00:00,24.4,0,16.5,624.0
2025-06-08 08:00:00,25.9,0,18.7,744.0
2025-06-08 09:00:00,27.1,0,20.5,827.0
2025-06-08 10:00:00,28.1,0,19.9,871.0
2025-06-08 11:00:00,28.9,0,18.6,872.0
2025-06-08 12:00:00,29.2,11,17.6,814.0
2025-06-08 13:00:00,29.6,22,18.5,651.0
2025-06-08 14:00:00,29.5,19,17.1,547.0
2025-06-08 15:00:00,28.9,22,13.6,411.0
2025-06-08 16:00:00,27.6,22,13.0,258.0
2025-06-08 17:00:00,26.4,28,15.6,124.0
2025-06-08 18:00:00,25.6,14,15.2,24.0
2025-06-08 19:00:00,24.4,17,15.5,0.0
2025-06-08 20:00:00,23.6,3,16.6,0.0
2025-06-08 21:00:00,23.1,0,17.2,0.0
2025-06-08 22:00:00,22.4,0,15.9,0.0
2025-06-08 23:00:00,21.2,0,15.7,0.0
2025-06-09 00:00:00,20.6,0,15.9,0.0
2025-06-09 01:00:00,19.8,19,16.1,0.0
2025-06-09 02:00:00,19.3,34,13.9,0.0
2025-06-09 03:00:00,18.9,9,11.6,37.0
2025-06-09 04:00:00,20.0,100,14.1,140.0
2025-06-09 05:00:00,20.0,21,15.7,237.0
2025-06-09 06:00:00,20.2,32,12.4,377.0
2025-06-09 07:00:00,21.0,16,13.4,556.0
2025-06-09 08:00:00,22.1,10,17.1,702.0
2025-06-09 09:00:00,22.9,9,13.4,806.0
2025-06-09 10:00:00,23.8,2,15.1,870.0
2025-06-09 11:00:00,24.2,16,16.7,871.0
2025-06-09 12:00:00,24.0,31,18.0,805.0
2025-06-09 13:00:00,23.0,70,20.1,501.0
2025-06-09 14:00:00,22.6,100,18.6,508.0
2025-06-09 15:00:00,21.6,45,16.1,327.0
2025-06-09 16:00:00,20.9,30,14.3,236.0
2025-06-09 17:00:00,19.6,29,13.1,142.0
2025-06-09 18:00:00,18.3,8,14.0,32.0
2025-06-09 19:00:00,17.3,1,14.5,0.0
2025-06-09 20:00:00,16.4,0,14.3,0.0
2025-06-09 21:00:00,15.4,7,11.6,0.0
2025-06-09 22:00:00,14.5,0,9.6,0.0
2025-06-09 23:00:00,13.8,3,10.0,0.0
2025-06-10 00:00:00,13.1,3,9.8,0.0
2025-06-10 01:00:00,11.9,0,9.1,0.0
2025-06-10 02:00:00,11.4,0,9.1,0.0
2025-06-10 03:00:00,11.9,0,9.5,40.0
2025-06-10 04:00:00,13.1,0,9.5,162.0
2025-06-10 05:00:00,14.4,0,10.4,320.0
2025-06-10 06:00:00,15.8,0,10.6,485.0
2025-06-10 07:00:00,17.0,28,13.8,638.0
2025-06-10 08:00:00,17.9,36,14.6,659.0
2025-06-10 09:00:00,18.6,60,14.6,721.0
2025-06-10 10:00:00,19.2,39,15.1,715.0
2025-06-10 11:00:00,20.0,42,15.4,829.0
2025-06-10 12:00:00,20.2,100,14.7,801.0
2025-06-10 13:00:00,20.1,100,13.0,643.0
2025-06-10 14:00:00,20.0,100,11.9,520.0
2025-06-10 15:00:00,19.8,97,9.4,386.0
2025-06-10 16:00:00,19.1,5,9.0,274.0
2025-06-10 17:00:00,17.6,12,9.0,152.0
2025-06-10 18:00:00,15.6,19,7.5,33.0
2025-06-10 19:00:00,14.3,0,4.9,0.0
2025-06-10 20:00:00,13.6,2,3.8,0.0
2025-06-10 21:00:00,12.9,0,4.3,0.0
2025-06-10 22:00:00,11.9,0,6.1,0.0
2025-06-10 23:00:00,11.1,0,6.5,0.0
2025-06-11 00:00:00,10.5,0,6.7,0.0
2025-06-11 01:00:00,9.1,11,4.3,0.0
2025-06-11 02:00:00,8.4,29,5.5,0.0
2025-06-11 03:00:00,9.9,39,6.5,41.0
2025-06-11 04:00:00,12.6,60,9.3,164.0
2025-06-11 05:00:00,15.0,100,8.7,320.0
2025-06-11 06:00:00,16.6,100,10.7,425.0
2025-06-11 07:00:00,17.6,100,12.7,456.0
2025-06-11 08:00:00,18.5,100,14.5,515.0
2025-06-11 09:00:00,19.4,100,15.2,614.0
2025-06-11 10:00:00,20.0,100,14.4,624.0
2025-06-11 11:00:00,19.8,100,15.1,458.0
2025-06-11 12:00:00,20.4,97,15.5,532.0
2025-06-11 13:00:00,20.5,89,12.1,283.0
2025-06-11 14:00:00,20.6,28,13.6,393.0
2025-06-11 15:00:00,20.6,87,12.0,406.0
2025-06-11 16:00:00,20.3,100,8.5,258.0
2025-06-11 17:00:00,16.9,100,17.0,60.0
2025-06-11 18:00:00,15.4,93,6.0,7.0
2025-06-11 19:00:00,14.2,42,3.1,0.0
2025-06-11 20:00:00,13.4,12,6.2,0.0
2025-06-11 21:00:00,13.2,12,7.4,0.0
2025-06-11 22:00:00,13.3,14,10.5,0.0
2025-06-11 23:00:00,13.1,10,13.2,0.0
2025-06-12 00:00:00,12.6,7,13.5,0.0
2025-06-12 01:00:00,12.2,18,13.9,0.0
2025-06-12 02:00:00,11.9,81,13.9,0.0
2025-06-12 03:00:00,12.5,93,15.5,30.0
2025-06-12 04:00:00,13.2,100,21.2,113.0
2025-06-12 05:00:00,14.1,100,22.0,172.0
2025-06-12 06:00:00,14.9,33,21.3,264.0
2025-06-12 07:00:00,15.6,48,23.3,510.0
2025-06-12 08:00:00,16.9,100,22.1,611.0
2025-06-12 09:00:00,16.8,72,24.3,456.0
2025-06-12 10:00:00,17.0,13,25.1,624.0
2025-06-12 11:00:00,18.5,7,25.7,844.0
2025-06-12 12:00:00,18.8,16,26.1,817.0
2025-06-12 13:00:00,18.2,58,28.9,711.0
2025-06-12 14:00:00,17.7,95,25.2,460.0
2025-06-12 15:00:00,17.0,15,20.5,211.0
2025-06-12 16:00:00,16.8,11,21.5,282.0
2025-06-12 17:00:00,15.8,23,19.2,143.0
2025-06-12 18:00:00,15.0,8,16.7,33.0
2025-06-12 19:00:00,14.1,1,14.9,0.0
2025-06-12 20:00:00,13.5,2,15.8,0.0
2025-06-12 21:00:00,12.9,1,15.6,0.0
2025-06-12 22:00:00,12.4,4,16.2,0.0
2025-06-12 23:00:00,12.0,19,16.2,0.0
2025-06-13 00:00:00,11.8,23,17.7,0.0
2025-06-13 01:00:00,11.1,37,19.5,0.0
2025-06-13 02:00:00,10.7,82,20.0,0.0
2025-06-13 03:00:00,10.9,100,20.6,33.0
2025-06-13 04:00:00,11.5,100,27.5,82.0
2025-06-13 05:00:00,12.2,100,25.3,115.0
2025-06-13 06:00:00,13.0,100,29.6,198.0
2025-06-13 07:00:00,13.4,99,27.5,203.0
2025-06-13 08:00:00,14.0,100,28.8,245.0
2025-06-13 09:00:00,14.1,100,28.3,197.0
2025-06-13 10:00:00,15.1,14,22.6,239.0
2025-06-13 11:00:00,18.6,100,25.6,874.0
2025-06-13 12:00:00,15.6,100,22.0,277.0
2025-06-13 13:00:00,16.6,99,19.5,495.0
2025-06-13 14:00:00,17.1,89,26.4,388.0
2025-06-13 15:00:00,16.1,89,17.8,261.0
2025-06-13 16:00:00,16.6,73,17.0,232.0
2025-06-13 17:00:00,16.2,40,21.2,117.0
2025-06-13 18:00:00,14.6,34,18.8,24.0
2025-06-13 19:00:00,13.8,19,16.9,0.0
2025-06-13 20:00:00,13.6,9,16.7,0.0
2025-06-13 21:00:00,13.2,10,15.7,0.0
2025-06-13 22:00:00,12.9,6,16.1,0.0
2025-06-13 23:00:00,12.6,4,15.9,0.0
2025-06-14 00:00:00,12.1,3,15.1,0.0
2025-06-14 01:00:00,11.8,29,15.5,0.0
2025-06-14 02:00:00,11.7,17,16.3,0.0
2025-06-14 03:00:00,12.1,25,16.7,37.0
2025-06-14 04:00:00,13.2,52,17.6,144.0
2025-06-14 05:00:00,14.1,100,21.8,232.0
2025-06-14 06:00:00,14.9,100,20.7,258.0
2025-06-14 07:00:00,15.8,100,19.5,344.0
2025-06-14 08:00:00,16.9,100,20.3,460.0
2025-06-14 09:00:00,17.2,100,20.7,399.0
2025-06-14 10:00:00,17.9,100,20.9,467.0
2025-06-14 11:00:00,18.5,75,19.4,487.0
2025-06-14 12:00:00,19.6,100,21.3,698.0
2025-06-14 13:00:00,19.6,58,22.4,514.0
2025-06-14 14:00:00,17.9,100,17.1,471.0
2025-06-14 15:00:00,17.7,86,14.9,208.0
2025-06-14 16:00:00,17.9,58,12.8,205.0
2025-06-14 17:00:00,17.5,62,16.0,133.0
2025-06-14 18:00:00,16.5,66,17.0,26.0
2025-06-14 19:00:00,14.9,41,10.7,0.0
2025-06-14 20:00:00,14.1,89,10.7,0.0
2025-06-14 21:00:00,13.8,96,14.4,0.0
2025-06-14 22:00:00,13.9,28,15.3,0.0
2025-06-14 23:00:00,13.2,100,14.8,0.0
2025-06-15 00:00:00,13.4,40,14.7,0.0
2025-06-15 01:00:00,13.5,99,17.1,0.0
2025-06-15 02:00:00,13.9,100,16.4,0.0
2025-06-15 03:00:00,13.9,96,17.0,29.0
2025-06-15 04:00:00,14.6,40,17.1,115.0
2025-06-15 05:00:00,15.7,83,18.9,304.0
2025-06-15 06:00:00,16.9,78,21.2,445.0
2025-06-15 07:00:00,18.1,20,18.8,604.0
2025-06-15 08:00:00,19.2,15,19.5,722.0
2025-06-15 09:00:00,19.9,38,21.4,748.0
2025-06-15 10:00:00,20.2,39,21.5,675.0
2025-06-15 11:00:00,20.5,24,22.4,738.0
2025-06-15 12:00:00,20.9,39,22.9,672.0
2025-06-15 13:00:00,21.2,17,20.9,599.0
2025-06-15 14:00:00,21.5,14,20.8,572.0
2025-06-15 15:00:00,21.1,22,18.7,440.0
2025-06-15 16:00:00,20.2,37,15.7,256.0
2025-06-15 17:00:00,18.8,17,11.6,126.0
2025-06-15 18:00:00,16.5,18,7.0,34.0
2025-06-15 19:00:00,15.6,99,6.2,0.0
2025-06-15 20:00:00,16.2,45,7.3,0.0
2025-06-15 21:00:00,15.5,23,9.0,0.0
2025-06-15 22:00:00,14.6,46,9.7,0.0
2025-06-15 23:00:00,14.6,10,10.7,0.0
2025-06-16 00:00:00,13.9,7,12.8,0.0
2025-06-16 01:00:00,12.6,0,12.4,0.0
2025-06-16 02:00:00,12.3,0,12.5,0.0
2025-06-16 03:00:00,12.8,0,12.9,40.0
2025-06-16 04:00:00,14.3,0,11.8,160.0
2025-06-16 05:00:00,15.9,0,12.1,316.0
2025-06-16 06:00:00,17.9,0,12.5,478.0
2025-06-16 07:00:00,19.5,0,14.7,628.0
2025-06-16 08:00:00,20.8,0,17.4,751.0
2025-06-16 09:00:00,22.1,94,21.5,840.0
2025-06-16 10:00:00,22.5,35,19.2,667.0
2025-06-16 11:00:00,23.2,61,18.8,743.0
2025-06-16 12:00:00,23.5,100,17.9,634.0
2025-06-16 13:00:00,24.3,47,15.5,531.0
2025-06-16 14:00:00,24.2,76,13.7,507.0
2025-06-16 15:00:00,23.4,98,10.2,351.0
2025-06-16 16:00:00,22.3,100,7.6,217.0
2025-06-16 17:00:00,20.9,100,5.2,124.0
2025-06-16 18:00:00,19.2,100,4.6,34.0
2025-06-16 19:00:00,19.4,100,2.7,0.0
2025-06-16 20:00:00,19.0,99,2.4,0.0
2025-06-16 21:00:00,17.6,25,3.9,0.0
2025-06-16 22:00:00,16.0,95,6.1,0.0
2025-06-16 23:00:00,15.5,23,7.9,0.0
2025-06-17 00:00:00,15.1,6,7.9,0.0
2025-06-17 01:00:00,14.1,4,8.1,0.0
2025-06-17 02:00:00,13.8,86,7.9,0.0
2025-06-17 03:00:00,14.6,5,9.8,40.0
2025-06-17 04:00:00,16.4,22,11.0,159.0
2025-06-17 05:00:00,18.5,25,8.6,313.0
2025-06-17 06:00:00,20.9,92,8.6,478.0
2025-06-17 07:00:00,22.8,80,11.0,605.0
2025-06-17 08:00:00,24.0,100,13.3,645.0
2025-06-17 09:00:00,24.6,100,16.6,673.0
2025-06-17 10:00:00,22.5,100,22.8,508.0
2025-06-17 11:00:00,21.0,100,20.9,341.0
2025-06-17 12:00:00,21.4,100,20.3,404.0
2025-06-17 13:00:00,21.2,99,22.6,504.0
2025-06-17 14:00:00,20.5,99,24.2,402.0
2025-06-17 15:00:00,20.6,60,19.2,314.0
2025-06-17 16:00:00,20.9,99,15.8,303.0
2025-06-17 17:00:00,19.7,27,19.2,111.0
2025-06-17 18:00:00,18.4,11,13.8,34.0
2025-06-17 19:00:00,17.4,89,11.7,0.0
2025-06-17 20:00:00,16.5,97,12.4,0.0
2025-06-17 21:00:00,16.3,22,14.3,0.0
2025-06-17 22:00:00,15.6,100,13.5,0.0
2025-06-17 23:00:00,15.1,100,13.7,0.0
2025-06-18 00:00:00,15.0,79,14.0,0.0
2025-06-18 01:00:00,13.9,0,15.0,0.0
2025-06-18 02:00:00,13.6,0,14.8,0.0
2025-06-18 03:00:00,14.0,0,14.7,39.0
2025-06-18 04:00:00,15.2,0,13.0,157.0
2025-06-18 05:00:00,16.6,0,15.5,311.0
2025-06-18 06:00:00,18.1,0,15.9,471.0
2025-06-18 07:00:00,19.5,0,16.2,621.0
2025-06-18 08:00:00,20.6,14,19.6,747.0
2025-06-18 09:00:00,21.3,3,20.0,796.0
2025-06-18 10:00:00,22.1,1,21.0,881.0
2025-06-18 11:00:00,22.9,11,21.0,885.0
2025-06-18 12:00:00,23.5,8,20.9,836.0
2025-06-18 13:00:00,24.1,100,22.0,745.0
2025-06-18 14:00:00,23.6,100,20.4,521.0
2025-06-18 15:00:00,23.5,100,12.1,395.0
2025-06-18 16:00:00,22.8,95,12.3,244.0
2025-06-18 17:00:00,21.4,18,14.8,135.0
2025-06-18 18:00:00,20.1,86,13.2,36.0
2025-06-18 19:00:00,20.1,97,15.5,0.0
2025-06-18 20:00:00,19.0,91,13.2,0.0
2025-06-18 21:00:00,18.7,99,14.6,0.0
2025-06-18 22:00:00,18.4,100,15.6,0.0
2025-06-18 23:00:00,17.9,100,10.8,0.0
2025-06-19 00:00:00,16.8,100,10.5,0.0
2025-06-19 01:00:00,17.8,100,16.4,0.0
2025-06-19 02:00:00,18.0,99,17.5,0.0
2025-06-19 03:00:00,17.9,100,15.3,16.0
2025-06-19 04:00:00,18.5,97,13.5,129.0
2025-06-19 05:00:00,19.4,78,14.0,231.0
2025-06-19 06:00:00,20.0,77,14.8,327.0
2025-06-19 07:00:00,21.1,29,15.1,465.0
2025-06-19 08:00:00,21.8,89,21.1,686.0
2025-06-19 09:00:00,22.1,61,25.5,688.0
2025-06-19 10:00:00,21.9,71,23.3,646.0
2025-06-19 11:00:00,22.5,27,23.4,714.0
2025-06-19 12:00:00,22.4,42,25.9,810.0
2025-06-19 13:00:00,22.5,19,25.6,748.0
2025-06-19 14:00:00,22.0,12,25.3,614.0
2025-06-19 15:00:00,21.2,40,22.5,462.0
2025-06-19 16:00:00,20.4,60,17.9,289.0
2025-06-19 17:00:00,19.2,100,12.3,136.0
2025-06-19 18:00:00,19.0,100,12.4,19.0
2025-06-19 19:00:00,19.0,85,14.6,0.0
2025-06-19 20:00:00,18.0,39,14.1,0.0
2025-06-19 21:00:00,17.2,100,15.3,0.0
2025-06-19 22:00:00,17.0,11,19.1,0.0
2025-06-19 23:00:00,15.4,24,19.6,0.0
2025-06-20 00:00:00,14.7,43,18.0,0.0
2025-06-20 01:00:00,13.5,1,20.8,0.0
2025-06-20 02:00:00,12.9,0,21.1,0.0
2025-06-20 03:00:00,12.6,0,23.6,40.0
2025-06-20 04:00:00,12.8,9,26.5,164.0
2025-06-20 05:00:00,13.1,36,28.4,316.0
2025-06-20 06:00:00,13.6,62,29.9,406.0
2025-06-20 07:00:00,14.8,100,29.6,533.0
2025-06-20 08:00:00,15.1,100,29.4,461.0
2025-06-20 09:00:00,15.3,63,28.8,424.0
2025-06-20 10:00:00,16.5,100,31.2,669.0
2025-06-20 11:00:00,16.6,100,28.6,478.0
2025-06-20 12:00:00,16.9,39,28.6,398.0
2025-06-20 13:00:00,17.5,42,26.8,545.0
2025-06-20 14:00:00,17.9,45,26.1,502.0
2025-06-20 15:00:00,17.8,28,23.5,391.0
2025-06-20 16:00:00,17.5,45,23.8,275.0
2025-06-20 17:00:00,15.4,20,21.5,103.0
2025-06-20 18:00:00,14.1,100,21.0,38.0
2025-06-20 19:00:00,14.1,96,20.1,0.0
2025-06-20 20:00:00,12.9,96,18.9,0.0
2025-06-20 21:00:00,13.1,100,20.3,0.0
2025-06-20 22:00:00,12.9,100,22.1,0.0
2025-06-20 23:00:00,12.4,94,19.2,0.0
2025-06-21 00:00:00,12.2,84,18.9,0.0
2025-06-21 01:00:00,12.2,100,19.0,0.0
2025-06-21 02:00:00,12.0,100,18.2,0.0
2025-06-21 03:00:00,12.2,100,16.1,14.0
2025-06-21 04:00:00,12.8,79,20.1,61.0
2025-06-21 05:00:00,13.6,100,20.9,199.0
2025-06-21 06:00:00,12.7,100,21.3,50.0
2025-06-21 07:00:00,13.8,100,19.2,140.0
2025-06-21 08:00:00,14.4,100,20.9,181.0
2025-06-21 09:00:00,15.2,100,22.6,254.0
2025-06-21 10:00:00,15.6,66,21.5,411.0
2025-06-21 11:00:00,17.4,72,22.5,644.0
2025-06-21 12:00:00,18.4,25,21.2,691.0
2025-06-21 13:00:00,18.3,55,23.5,647.0
2025-06-21 14:00:00,18.0,44,22.4,463.0
2025-06-21 15:00:00,17.9,47,20.6,345.0
2025-06-21 16:00:00,17.9,34,15.3,251.0
2025-06-21 17:00:00,17.1,21,11.7,123.0
2025-06-21 18:00:00,15.5,9,9.9,36.0
2025-06-21 19:00:00,14.3,4,9.5,0.0
2025-06-21 20:00:00,13.8,17,11.3,0.0
2025-06-21 21:00:00,13.3,2,10.9,0.0
2025-06-21 22:00:00,12.4,0,10.4,0.0
2025-06-21 23:00:00,11.8,0,10.3,0.0
2025-06-22 00:00:00,11.3,0,10.8,0.0
2025-06-22 01:00:00,10.6,0,11.7,0.0
2025-06-22 02:00:00,10.2,2,11.5,0.0
2025-06-22 03:00:00,11.1,16,12.2,39.0
2025-06-22 04:00:00,12.9,1,13.6,154.0
2025-06-22 05:00:00,15.0,0,12.5,310.0
2025-06-22 06:00:00,16.8,0,14.7,475.0
2025-06-22 07:00:00,18.5,12,15.4,626.0
2025-06-22 08:00:00,20.2,72,18.6,748.0
2025-06-22 09:00:00,20.2,89,22.9,703.0
2025-06-22 10:00:00,21.0,98,21.1,740.0
2025-06-22 11:00:00,20.1,99,23.0,507.0
2025-06-22 12:00:00,18.8,25,19.1,300.0
2025-06-22 13:00:00,20.2,80,21.3,541.0
2025-06-22 14:00:00,19.8,21,20.7,432.0
2025-06-22 15:00:00,20.5,39,20.2,464.0
2025-06-22 16:00:00,19.0,33,17.8,255.0
2025-06-22 17:00:00,18.1,9,14.5,130.0
2025-06-22 18:00:00,16.9,26,12.1,38.0
2025-06-22 19:00:00,16.2,24,13.0,0.0
2025-06-22 20:00:00,15.1,29,9.0,0.0
2025-06-22 21:00:00,14.4,30,9.4,0.0
2025-06-22 22:00:00,14.1,29,13.6,0.0
2025-06-22 23:00:00,13.9,14,13.9,0.0
2025-06-23 00:00:00,13.1,0,13.9,0.0
2025-06-23 01:00:00,11.6,0,14.2,0.0
2025-06-23 02:00:00,10.9,1,14.2,0.0
2025-06-23 03:00:00,11.1,0,15.0,39.0
2025-06-23 04:00:00,12.1,0,14.5,159.0
2025-06-23 05:00:00,13.1,27,18.6,316.0
2025-06-23 06:00:00,14.2,44,20.9,443.0
2025-06-23 07:00:00,15.4,72,21.4,527.0
2025-06-23 08:00:00,16.5,100,21.7,583.0
2025-06-23 09:00:00,16.8,100,20.8,503.0
2025-06-23 10:00:00,17.8,85,20.2,552.0
2025-06-23 11:00:00,19.1,96,17.9,727.0
2025-06-23 12:00:00,20.3,100,16.6,691.0
2025-06-23 13:00:00,20.8,41,14.2,570.0
2025-06-23 14:00:00,21.1,29,12.1,558.0
2025-06-23 15:00:00,21.0,25,9.7,412.0
2025-06-23 16:00:00,20.4,87,7.1,321.0
2025-06-23 17:00:00,18.6,97,6.0,150.0
2025-06-23 18:00:00,16.1,56,6.7,38.0
2025-06-23 19:00:00,15.4,72,5.1,0.0
2025-06-23 20:00:00,14.4,75,5.5,0.0
2025-06-23 21:00:00,13.3,59,6.3,0.0
2025-06-23 22:00:00,12.9,94,10.2,0.0
2025-06-23 23:00:00,13.2,100,10.8,0.0
2025-06-24 00:00:00,14.2,98,11.9,0.0
2025-06-24 01:00:00,12.5,53,13.4,0.0
2025-06-24 02:00:00,12.8,29,14.6,0.0
2025-06-24 03:00:00,13.5,31,16.7,37.0
2025-06-24 04:00:00,15.2,97,18.2,152.0
2025-06-24 05:00:00,17.1,97,16.9,298.0
2025-06-24 06:00:00,19.0,100,17.5,424.0
2025-06-24 07:00:00,20.0,100,17.3,442.0
2025-06-24 08:00:00,18.5,100,12.6,162.0
2025-06-24 09:00:00,18.4,100,14.8,167.0
2025-06-24 10:00:00,19.7,96,22.1,386.0
2025-06-24 11:00:00,21.2,95,16.8,581.0
2025-06-24 12:00:00,22.8,100,17.0,793.0
2025-06-24 13:00:00,22.6,18,16.3,501.0
2025-06-24 14:00:00,22.6,25,17.5,497.0
2025-06-24 15:00:00,22.9,0,16.2,435.0
2025-06-24 16:00:00,21.8,1,16.6,319.0
2025-06-24 17:00:00,20.1,9,14.8,162.0
2025-06-24 18:00:00,18.6,50,15.0,40.0
2025-06-24 19:00:00,17.8,2,15.6,0.0
2025-06-24 20:00:00,16.5,0,12.2,0.0
2025-06-24 21:00:00,15.1,40,9.8,0.0
2025-06-24 22:00:00,14.4,100,10.4,0.0
2025-06-24 23:00:00,14.7,100,10.1,0.0
2025-06-25 00:00:00,15.0,98,10.3,0.0
2025-06-25 01:00:00,13.9,100,12.1,0.0
2025-06-25 02:00:00,14.9,10,13.1,0.0
2025-06-25 03:00:00,15.0,26,15.6,33.0
2025-06-25 04:00:00,16.4,6,17.9,144.0
2025-06-25 05:00:00,18.1,0,15.0,302.0
2025-06-25 06:00:00,19.4,9,18.4,466.0
2025-06-25 07:00:00,20.6,84,21.4,612.0
2025-06-25 08:00:00,22.0,97,23.3,683.0
2025-06-25 09:00:00,22.2,100,24.8,579.0
2025-06-25 10:00:00,22.0,100,24.0,549.0
2025-06-25 11:00:00,23.3,51,18.9,757.0
2025-06-25 12:00:00,23.9,70,17.6,680.0
2025-06-25 13:00:00,24.8,43,20.3,712.0
2025-06-25 14:00:00,24.9,63,21.1,524.0
2025-06-25 15:00:00,23.2,15,18.3,248.0
2025-06-25 16:00:00,23.2,43,20.7,269.0
2025-06-25 17:00:00,22.1,73,17.7,137.0
2025-06-25 18:00:00,21.1,55,13.5,35.0
2025-06-25 19:00:00,19.9,30,10.1,0.0
2025-06-25 20:00:00,19.4,45,12.2,0.0
2025-06-25 21:00:00,19.2,99,14.5,0.0
2025-06-25 22:00:00,19.4,100,16.5,0.0
2025-06-25 23:00:00,19.2,67,24.0,0.0
2025-06-26 00:00:00,18.8,38,21.4,0.0
2025-06-26 01:00:00,17.9,23,25.2,0.0
2025-06-26 02:00:00,16.8,15,23.3,0.0
2025-06-26 03:00:00,16.1,7,22.0,33.0
2025-06-26 04:00:00,16.0,4,24.1,153.0
2025-06-26 05:00:00,16.2,20,25.0,305.0
2025-06-26 06:00:00,16.9,15,25.7,458.0
2025-06-26 07:00:00,18.0,17,26.9,611.0
2025-06-26 08:00:00,19.3,33,27.7,707.0
2025-06-26 09:00:00,20.3,85,28.6,742.0
2025-06-26 10:00:00,20.5,60,27.9,650.0
2025-06-26 11:00:00,21.2,32,27.2,720.0
2025-06-26 12:00:00,21.5,2,25.9,759.0
2025-06-26 13:00:00,21.6,0,23.7,713.0
2025-06-26 14:00:00,21.7,6,22.2,620.0
2025-06-26 15:00:00,21.3,5,20.7,477.0
2025-06-26 16:00:00,20.4,0,17.1,316.0
2025-06-26 17:00:00,19.1,0,14.5,164.0
2025-06-26 18:00:00,17.5,0,11.6,41.0
2025-06-26 19:00:00,16.4,0,10.2,0.0
2025-06-26 20:00:00,15.4,0,8.9,0.0
2025-06-26 21:00:00,14.4,0,8.1,0.0
2025-06-26 22:00:00,13.3,0,6.9,0.0
2025-06-26 23:00:00,13.1,0,8.2,0.0
2025-06-27 00:00:00,12.5,0,7.8,0.0
2025-06-27 01:00:00,10.8,0,8.1,0.0
2025-06-27 02:00:00,10.4,3,7.7,0.0
2025-06-27 03:00:00,11.4,36,9.2,37.0
2025-06-27 04:00:00,13.5,85,9.1,156.0
2025-06-27 05:00:00,15.9,8,5.0,300.0
2025-06-27 06:00:00,18.4,58,7.5,474.0
2025-06-27 07:00:00,20.0,87,6.3,621.0
2025-06-27 08:00:00,21.4,100,7.6,746.0
2025-06-27 09:00:00,21.5,100,8.7,543.0
2025-06-27 10:00:00,21.7,100,8.1,399.0
2025-06-27 11:00:00,22.5,100,7.7,483.0
2025-06-27 12:00:00,23.7,99,10.5,788.0
2025-06-27 13:00:00,23.5,100,11.0,303.0
2025-06-27 14:00:00,21.6,100,11.9,116.0
2025-06-27 15:00:00,21.5,100,8.5,253.0
2025-06-27 16:00:00,19.6,100,13.2,53.0
2025-06-27 17:00:00,19.2,100,13.3,48.0
2025-06-27 18:00:00,18.4,100,8.1,15.0
2025-06-27 19:00:00,18.0,75,11.4,0.0
2025-06-27 20:00:00,17.5,34,12.9,0.0
2025-06-27 21:00:00,17.6,10,14.4,0.0
2025-06-27 22:00:00,17.5,9,15.6,0.0
2025-06-27 23:00:00,17.0,5,13.6,0.0
2025-06-28 00:00:00,16.8,12,12.9,0.0
2025-06-28 01:00:00,16.6,94,15.0,0.0
2025-06-28 02:00:00,16.9,100,14.2,0.0
2025-06-28 03:00:00,17.0,100,13.4,28.0
2025-06-28 04:00:00,17.8,89,17.7,119.0
2025-06-28 05:00:00,18.2,100,19.9,149.0
2025-06-28 06:00:00,17.6,100,24.8,111.0
2025-06-28 07:00:00,17.1,100,22.9,114.0
2025-06-28 08:00:00,18.4,16,24.6,342.0
2025-06-28 09:00:00,20.6,10,25.8,789.0
2025-06-28 10:00:00,20.8,27,27.2,826.0
2025-06-28 11:00:00,21.3,7,27.8,811.0
2025-06-28 12:00:00,21.5,17,27.6,793.0
2025-06-28 13:00:00,20.8,24,27.9,651.0
2025-06-28 14:00:00,20.7,29,27.8,568.0
2025-06-28 15:00:00,19.7,57,25.3,361.0
2025-06-28 16:00:00,17.8,98,24.9,253.0
2025-06-28 17:00:00,17.0,19,23.1,115.0
2025-06-28 18:00:00,16.7,13,21.4,37.0
2025-06-28 19:00:00,16.4,6,21.5,0.0
2025-06-28 20:00:00,15.9,27,21.8,0.0
2025-06-28 21:00:00,15.8,22,21.2,0.0
2025-06-28 22:00:00,15.9,14,21.6,0.0
2025-06-28 23:00:00,15.6,3,21.7,0.0
2025-06-29 00:00:00,15.2,3,21.3,0.0
2025-06-29 01:00:00,14.3,2,21.1,0.0
2025-06-29 02:00:00,13.9,3,20.9,0.0
2025-06-29 03:00:00,14.0,1,20.5,34.0
2025-06-29 04:00:00,14.8,21,18.0,151.0
2025-06-29 05:00:00,15.9,27,20.9,307.0
2025-06-29 06:00:00,17.2,1,21.0,470.0
2025-06-29 07:00:00,18.5,3,21.0,624.0
2025-06-29 08:00:00,19.8,59,20.7,743.0
2025-06-29 09:00:00,21.0,93,20.4,825.0
2025-06-29 10:00:00,22.0,100,19.6,869.0
2025-06-29 11:00:00,23.0,100,24.5,760.0
2025-06-29 12:00:00,22.0,100,21.4,343.0
2025-06-29 13:00:00,21.4,100,20.6,287.0
2025-06-29 14:00:00,22.3,89,16.9,316.0
2025-06-29 15:00:00,22.6,62,18.3,331.0
2025-06-29 16:00:00,22.5,30,16.5,260.0
2025-06-29 17:00:00,21.9,30,15.7,139.0
2025-06-29 18:00:00,21.2,26,17.2,33.0
2025-06-29 19:00:00,20.8,30,17.3,0.0
2025-06-29 20:00:00,20.2,15,14.6,0.0
2025-06-29 21:00:00,19.6,48,15.1,0.0
2025-06-29 22:00:00,19.5,36,13.8,0.0
2025-06-29 23:00:00,19.0,20,15.6,0.0
2025-06-30 00:00:00,18.2,40,17.1,0.0
2025-06-30 01:00:00,17.5,81,14.9,0.0
2025-06-30 02:00:00,17.3,100,16.6,0.0
2025-06-30 03:00:00,17.6,3,17.9,13.0
2025-06-30 04:00:00,17.4,1,18.6,133.0
2025-06-30 05:00:00,17.4,0,21.3,309.0
2025-06-30 06:00:00,17.6,0,21.9,481.0
2025-06-30 07:00:00,18.5,25,23.9,634.0
2025-06-30 08:00:00,19.1,28,25.2,719.0
2025-06-30 09:00:00,19.9,26,26.7,796.0
2025-06-30 10:00:00,20.3,87,28.8,801.0
2025-06-30 11:00:00,19.7,72,26.6,496.0
2025-06-30 12:00:00,20.5,50,29.2,636.0
2025-06-30 13:00:00,20.8,34,28.6,446.0
2025-06-30 14:00:00,21.0,83,26.6,439.0
2025-06-30 15:00:00,20.4,64,23.2,255.0
2025-06-30 16:00:00,19.5,24,23.5,205.0
2025-06-30 17:00:00,18.6,23,22.0,144.0
2025-06-30 18:00:00,17.8,43,20.7,34.0
2025-06-30 19:00:00,17.0,59,17.6,0.0
2025-06-30 20:00:00,16.2,100,22.2,0.0
2025-06-30 21:00:00,15.6,6,20.1,0.0
2025-06-30 22:00:00,14.7,2,18.9,0.0
2025-06-30 23:00:00,14.3,0,19.1,0.0
2025-07-01 00:00:00,13.9,0,18.7,0.0
2025-07-01 01:00:00,12.8,0,18.7,0.0
2025-07-01 02:00:00,12.4,0,18.7,0.0
2025-07-01 03:00:00,12.6,1,19.2,34.0
2025-07-01 04:00:00,13.4,2,18.4,148.0
2025-07-01 05:00:00,14.4,3,21.4,299.0
2025-07-01 06:00:00,15.6,21,23.7,459.0
2025-07-01 07:00:00,16.8,99,24.7,588.0
2025-07-01 08:00:00,17.6,100,22.9,481.0
2025-07-01 09:00:00,18.2,91,22.2,414.0
2025-07-01 10:00:00,19.3,100,24.1,617.0
2025-07-01 11:00:00,19.4,90,23.2,440.0
2025-07-01 12:00:00,19.8,48,25.6,525.0
2025-07-01 13:00:00,20.9,30,24.6,636.0
2025-07-01 14:00:00,20.8,22,24.0,552.0
2025-07-01 15:00:00,20.4,43,22.0,438.0
2025-07-01 16:00:00,19.6,54,19.4,274.0
2025-07-01 17:00:00,18.1,7,16.4,136.0
2025-07-01 18:00:00,16.8,10,13.1,38.0
2025-07-01 19:00:00,16.0,6,13.2,0.0
2025-07-01 20:00:00,15.0,5,9.9,0.0
2025-07-01 21:00:00,14.2,11,9.7,0.0
2025-07-01 22:00:00,13.9,3,11.6,0.0
2025-07-01 23:00:00,13.7,3,13.1,0.0
2025-07-02 00:00:00,13.5,1,14.2,0.0
2025-07-02 01:00:00,13.1,1,14.6,0.0
2025-07-02 02:00:00,13.0,3,14.3,0.0
2025-07-02 03:00:00,13.4,5,14.9,32.0
2025-07-02 04:00:00,14.7,0,13.7,145.0
2025-07-02 05:00:00,16.3,15,15.4,300.0
2025-07-02 06:00:00,18.0,45,16.4,464.0
2025-07-02 07:00:00,19.5,6,17.9,616.0
2025-07-02 08:00:00,20.8,23,21.5,746.0
2025-07-02 09:00:00,21.6,74,22.3,762.0
2025-07-02 10:00:00,22.1,66,22.5,656.0
2025-07-02 11:00:00,23.3,63,23.6,779.0
2025-07-02 12:00:00,23.2,65,25.1,636.0
2025-07-02 13:00:00,24.0,33,25.4,579.0
2025-07-02 14:00:00,23.9,37,24.9,542.0
2025-07-02 15:00:00,23.4,50,21.6,345.0
2025-07-02 16:00:00,22.8,10,18.8,223.0
2025-07-02 17:00:00,21.6,11,15.4,155.0
2025-07-02 18:00:00,20.2,11,12.6,38.0
2025-07-02 19:00:00,18.8,2,10.6,0.0
2025-07-02 20:00:00,17.9,1,10.6,0.0
2025-07-02 21:00:00,16.6,1,8.8,0.0
2025-07-02 22:00:00,14.9,1,5.4,0.0
2025-07-02 23:00:00,14.2,2,4.7,0.0
2025-07-03 00:00:00,13.6,2,5.3,0.0
2025-07-03 01:00:00,12.2,0,6.0,0.0
2025-07-03 02:00:00,12.3,2,7.6,0.0
2025-07-03 03:00:00,13.4,0,9.1,31.0
2025-07-03 04:00:00,15.6,0,9.8,144.0
2025-07-03 05:00:00,18.1,0,7.7,296.0
2025-07-03 06:00:00,20.6,0,8.3,455.0
2025-07-03 07:00:00,22.9,0,9.3,603.0
2025-07-03 08:00:00,24.5,0,11.8,728.0
2025-07-03 09:00:00,25.7,27,14.9,818.0
2025-07-03 10:00:00,26.5,43,15.3,820.0
2025-07-03 11:00:00,27.1,17,14.1,771.0
2025-07-03 12:00:00,27.9,32,13.8,767.0
2025-07-03 13:00:00,28.8,2,12.1,695.0
2025-07-03 14:00:00,29.0,1,9.9,601.0
2025-07-03 15:00:00,28.8,11,7.4,461.0
2025-07-03 16:00:00,28.0,5,3.3,293.0
2025-07-03 17:00:00,25.6,8,5.0,147.0
2025-07-03 18:00:00,23.1,1,7.8,36.0
2025-07-03 19:00:00,21.4,0,6.6,0.0
2025-07-03 20:00:00,20.4,0,6.6,0.0
2025-07-03 21:00:00,19.5,0,6.5,0.0
2025-07-03 22:00:00,19.0,0,7.4,0.0
2025-07-03 23:00:00,18.5,0,7.5,0.0
2025-07-04 00:00:00,18.5,0,9.5,0.0
2025-07-04 01:00:00,17.5,0,9.6,0.0
2025-07-04 02:00:00,16.7,0,8.6,0.0
2025-07-04 03:00:00,16.9,0,8.3,31.0
2025-07-04 04:00:00,18.9,0,8.7,146.0
2025-07-04 05:00:00,21.9,0,7.6,300.0
2025-07-04 06:00:00,24.8,0,6.7,462.0
2025-07-04 07:00:00,27.1,0,7.2,614.0
2025-07-04 08:00:00,28.6,0,7.2,741.0
2025-07-04 09:00:00,29.5,0,7.5,832.0
2025-07-04 10:00:00,30.4,0,7.3,877.0
2025-07-04 11:00:00,30.8,3,7.2,877.0
2025-07-04 12:00:00,31.2,10,7.8,807.0
2025-07-04 13:00:00,32.0,18,8.2,702.0
2025-07-04 14:00:00,31.1,64,15.7,555.0
2025-07-04 15:00:00,28.9,29,12.2,338.0
2025-07-04 16:00:00,28.1,11,11.0,250.0
2025-07-04 17:00:00,26.5,11,11.3,146.0
2025-07-04 18:00:00,24.6,2,10.4,34.0
2025-07-04 19:00:00,23.1,2,9.4,0.0
2025-07-04 20:00:00,22.2,11,11.1,0.0
2025-07-04 21:00:00,21.1,10,12.3,0.0
2025-07-04 22:00:00,19.9,82,12.7,0.0
2025-07-04 23:00:00,19.4,91,15.7,0.0
2025-07-05 00:00:00,18.5,100,16.3,0.0
2025-07-05 01:00:00,16.5,95,15.8,0.0
2025-07-05 02:00:00,16.4,59,15.4,0.0
2025-07-05 03:00:00,15.9,62,13.2,23.0
2025-07-05 04:00:00,15.9,34,13.8,80.0
2025-07-05 05:00:00,16.6,2,14.5,240.0
2025-07-05 06:00:00,18.1,0,12.4,461.0
2025-07-05 07:00:00,19.9,0,13.0,613.0
2025-07-05 08:00:00,21.5,33,15.3,744.0
2025-07-05 09:00:00,22.5,60,14.0,838.0
2025-07-05 10:00:00,23.2,48,11.7,881.0
2025-07-05 11:00:00,23.8,94,11.0,884.0
2025-07-05 12:00:00,24.0,84,10.4,798.0
2025-07-05 13:00:00,24.8,89,8.5,707.0
2025-07-05 14:00:00,24.7,26,7.9,595.0
2025-07-05 15:00:00,24.5,16,4.7,438.0
2025-07-05 16:00:00,23.9,34,4.9,275.0
2025-07-05 17:00:00,22.0,16,7.3,130.0
2025-07-05 18:00:00,20.0,4,9.1,35.0
2025-07-05 19:00:00,19.2,0,10.1,0.0
2025-07-05 20:00:00,18.3,0,10.0,0.0
2025-07-05 21:00:00,17.4,1,8.1,0.0
2025-07-05 22:00:00,16.5,0,7.4,0.0
2025-07-05 23:00:00,16.1,0,8.1,0.0
2025-07-06 00:00:00,15.9,0,10.4,0.0
2025-07-06 01:00:00,14.2,0,9.2,0.0
2025-07-06 02:00:00,13.9,0,9.7,0.0
2025-07-06 03:00:00,14.5,0,11.0,29.0
2025-07-06 04:00:00,16.1,2,12.2,143.0
2025-07-06 05:00:00,18.4,2,10.9,297.0
2025-07-06 06:00:00,20.6,6,10.9,460.0
2025-07-06 07:00:00,22.6,14,13.9,613.0
2025-07-06 08:00:00,24.0,0,15.7,739.0
2025-07-06 09:00:00,25.2,0,14.7,827.0
2025-07-06 10:00:00,26.0,0,13.8,870.0
2025-07-06 11:00:00,27.2,77,13.5,876.0
2025-07-06 12:00:00,27.0,100,11.9,478.0
2025-07-06 13:00:00,27.5,100,14.6,501.0
2025-07-06 14:00:00,27.4,100,11.0,363.0
2025-07-06 15:00:00,27.0,100,12.1,335.0
2025-07-06 16:00:00,25.6,100,13.2,234.0
2025-07-06 17:00:00,24.0,100,16.6,115.0
2025-07-06 18:00:00,21.9,100,5.7,22.0
2025-07-06 19:00:00,21.5,100,8.8,0.0
2025-07-06 20:00:00,21.0,100,11.1,0.0
2025-07-06 21:00:00,20.6,31,13.8,0.0
2025-07-06 22:00:00,20.6,40,11.3,0.0
2025-07-06 23:00:00,20.2,29,11.0,0.0
2025-07-07 00:00:00,19.8,0,11.2,0.0
2025-07-07 01:00:00,18.7,0,11.9,0.0
2025-07-07 02:00:00,18.1,0,10.5,0.0
2025-07-07 03:00:00,18.1,0,9.9,28.0
2025-07-07 04:00:00,19.4,0,9.0,139.0
2025-07-07 05:00:00,20.9,0,8.3,292.0
2025-07-07 06:00:00,22.8,3,8.0,451.0
2025-07-07 07:00:00,24.8,0,7.2,599.0
2025-07-07 08:00:00,26.8,5,8.7,723.0
2025-07-07 09:00:00,28.2,0,11.9,814.0
2025-07-07 10:00:00,29.5,0,12.6,861.0
2025-07-07 11:00:00,30.5,2,14.0,866.0
2025-07-07 12:00:00,31.2,23,16.6,805.0
2025-07-07 13:00:00,32.3,16,15.9,689.0
2025-07-07 14:00:00,32.0,5,14.8,569.0
2025-07-07 15:00:00,31.1,10,13.0,440.0
2025-07-07 16:00:00,29.9,14,10.2,287.0
2025-07-07 17:00:00,28.2,11,11.5,141.0
2025-07-07 18:00:00,26.9,6,12.9,33.0
2025-07-07 19:00:00,26.0,33,16.5,0.0
2025-07-07 20:00:00,26.5,3,23.3,0.0
2025-07-07 21:00:00,26.0,1,23.4,0.0
2025-07-07 22:00:00,25.2,1,20.8,0.0
2025-07-07 23:00:00,24.2,0,19.8,0.0
2025-07-08 00:00:00,23.5,7,20.0,0.0
2025-07-08 01:00:00,22.6,6,18.1,0.0
2025-07-08 02:00:00,22.1,66,18.3,0.0
2025-07-08 03:00:00,21.9,2,19.6,24.0
2025-07-08 04:00:00,22.4,3,19.4,135.0
2025-07-08 05:00:00,23.6,58,18.4,276.0
2025-07-08 06:00:00,25.0,99,19.2,431.0
2025-07-08 07:00:00,26.1,79,18.8,483.0
2025-07-08 08:00:00,27.6,20,16.9,665.0
2025-07-08 09:00:00,28.8,14,16.9,774.0
2025-07-08 10:00:00,30.1,7,15.4,831.0
2025-07-08 11:00:00,30.8,5,14.6,839.0
2025-07-08 12:00:00,31.2,18,13.9,801.0
2025-07-08 13:00:00,30.0,51,10.0,553.0
2025-07-08 14:00:00,30.5,59,11.0,551.0
2025-07-08 15:00:00,30.3,4,14.8,392.0
2025-07-08 16:00:00,29.0,3,9.5,293.0
2025-07-08 17:00:00,27.5,8,5.3,145.0
2025-07-08 18:00:00,25.4,4,7.1,33.0
2025-07-08 19:00:00,24.4,15,7.9,0.0
2025-07-08 20:00:00,24.8,51,13.7,0.0
2025-07-08 21:00:00,25.0,7,14.0,0.0
2025-07-08 22:00:00,24.0,88,14.6,0.0
2025-07-08 23:00:00,23.2,52,14.5,0.0
2025-07-09 00:00:00,22.3,24,15.4,0.0
2025-07-09 01:00:00,21.2,29,14.5,0.0
2025-07-09 02:00:00,20.9,100,13.6,0.0
2025-07-09 03:00:00,20.4,75,13.1,26.0
2025-07-09 04:00:00,21.4,100,11.9,128.0
2025-07-09 05:00:00,22.5,100,12.5,213.0
2025-07-09 06:00:00,23.6,100,10.2,253.0
2025-07-09 07:00:00,24.2,100,9.4,274.0
2025-07-09 08:00:00,24.5,13,7.8,258.0
2025-07-09 09:00:00,27.0,26,7.3,788.0
2025-07-09 10:00:00,28.4,70,6.2,852.0
2025-07-09 11:00:00,29.8,83,6.0,743.0
2025-07-09 12:00:00,31.1,32,12.6,719.0
2025-07-09 13:00:00,31.9,55,9.2,632.0
2025-07-09 14:00:00,31.7,66,14.4,498.0
2025-07-09 15:00:00,30.8,100,14.5,343.0
2025-07-09 16:00:00,29.4,83,12.6,198.0
2025-07-09 17:00:00,27.6,86,9.8,115.0
2025-07-09 18:00:00,25.6,99,1.8,26.0
2025-07-09 19:00:00,23.1,100,5.4,0.0
2025-07-09 20:00:00,21.6,100,1.2,0.0
2025-07-09 21:00:00,20.5,49,5.7,0.0
2025-07-09 22:00:00,20.1,95,7.6,0.0
2025-07-09 23:00:00,20.5,0,9.8,0.0
2025-07-10 00:00:00,19.5,81,7.1,0.0
2025-07-10 01:00:00,16.4,94,5.7,0.0
2025-07-10 02:00:00,17.6,23,11.8,0.0
2025-07-10 03:00:00,18.6,7,14.2,24.0
2025-07-10 04:00:00,19.6,1,12.1,131.0
2025-07-10 05:00:00,21.0,0,9.4,283.0
2025-07-10 06:00:00,22.6,1,12.5,444.0
2025-07-10 07:00:00,24.1,68,16.2,595.0
2025-07-10 08:00:00,24.3,100,16.2,476.0
2025-07-10 09:00:00,24.8,99,14.7,489.0
2025-07-10 10:00:00,25.5,42,15.0,632.0
2025-07-10 11:00:00,25.9,34,17.5,723.0
2025-07-10 12:00:00,25.9,35,16.7,706.0
2025-07-10 13:00:00,26.8,6,15.9,641.0
2025-07-10 14:00:00,27.3,26,14.8,569.0
2025-07-10 15:00:00,26.4,36,17.8,418.0
2025-07-10 16:00:00,25.1,4,15.2,269.0
2025-07-10 17:00:00,23.8,8,12.6,141.0
2025-07-10 18:00:00,22.1,4,18.0,32.0
2025-07-10 19:00:00,20.4,0,19.1,0.0
2025-07-10 20:00:00,18.9,0,18.0,0.0
2025-07-10 21:00:00,17.9,3,15.8,0.0
2025-07-10 22:00:00,16.9,1,13.7,0.0
2025-07-10 23:00:00,16.0,0,12.4,0.0
2025-07-11 00:00:00,15.4,0,13.1,0.0
2025-07-11 01:00:00,14.1,0,12.3,0.0
2025-07-11 02:00:00,13.7,1,10.9,0.0
2025-07-11 03:00:00,14.0,0,12.1,24.0
2025-07-11 04:00:00,15.2,0,12.7,131.0
2025-07-11 05:00:00,16.8,53,17.1,282.0
2025-07-11 06:00:00,18.2,42,15.3,407.0
2025-07-11 07:00:00,19.5,49,14.7,531.0
2025-07-11 08:00:00,20.9,39,13.7,627.0
2025-07-11 09:00:00,22.2,59,12.3,720.0
2025-07-11 10:00:00,23.2,32,11.8,759.0
2025-07-11 11:00:00,24.0,25,11.4,749.0
2025-07-11 12:00:00,24.6,38,11.2,741.0
2025-07-11 13:00:00,25.2,28,10.3,632.0
2025-07-11 14:00:00,25.3,53,9.4,568.0
2025-07-11 15:00:00,25.0,95,8.1,394.0
2025-07-11 16:00:00,23.9,97,7.6,204.0
2025-07-11 17:00:00,22.4,13,6.1,112.0
2025-07-11 18:00:00,20.1,5,6.7,31.0
2025-07-11 19:00:00,19.3,10,7.3,0.0
2025-07-11 20:00:00,18.9,1,14.1,0.0
2025-07-11 21:00:00,18.1,1,13.4,0.0
2025-07-11 22:00:00,17.2,9,11.2,0.0
2025-07-11 23:00:00,16.6,22,10.8,0.0
2025-07-12 00:00:00,16.2,66,9.7,0.0
2025-07-12 01:00:00,14.9,2,9.2,0.0
2025-07-12 02:00:00,14.4,4,7.6,0.0
2025-07-12 03:00:00,14.6,5,7.0,22.0
2025-07-12 04:00:00,16.0,0,7.8,129.0
2025-07-12 05:00:00,17.8,0,8.3,281.0
2025-07-12 06:00:00,19.5,0,9.5,442.0
2025-07-12 07:00:00,21.3,0,10.1,593.0
2025-07-12 08:00:00,22.6,0,9.1,721.0
2025-07-12 09:00:00,23.7,0,7.9,813.0
2025-07-12 10:00:00,24.4,11,5.8,839.0
2025-07-12 11:00:00,24.6,25,5.1,798.0
2025-07-12 12:00:00,25.1,8,4.1,776.0
2025-07-12 13:00:00,25.7,10,4.1,701.0
2025-07-12 14:00:00,25.7,20,4.0,583.0
2025-07-12 15:00:00,25.5,33,3.6,430.0
2025-07-12 16:00:00,24.3,56,2.2,262.0
2025-07-12 17:00:00,22.9,42,3.2,114.0
2025-07-12 18:00:00,21.5,47,4.0,26.0
2025-07-12 19:00:00,21.5,89,1.5,0.0
2025-07-12 20:00:00,21.3,11,0.3,0.0
2025-07-12 21:00:00,20.1,8,0.7,0.0
2025-07-12 22:00:00,18.9,1,2.8,0.0
2025-07-12 23:00:00,17.4,1,5.6,0.0
2025-07-13 00:00:00,16.5,1,6.1,0.0
2025-07-13 01:00:00,15.1,0,4.3,0.0
2025-07-13 02:00:00,14.6,0,3.3,0.0
2025-07-13 03:00:00,14.9,0,2.5,22.0
2025-07-13 04:00:00,16.9,0,2.4,128.0
2025-07-13 05:00:00,19.4,4,2.1,278.0
2025-07-13 06:00:00,21.8,80,1.5,437.0
2025-07-13 07:00:00,23.5,61,1.0,577.0
2025-07-13 08:00:00,24.8,0,1.5,703.0
2025-07-13 09:00:00,25.8,19,3.1,812.0
2025-07-13 10:00:00,26.1,14,4.9,761.0
2025-07-13 11:00:00,26.5,10,5.4,774.0
2025-07-13 12:00:00,27.0,11,4.5,782.0
2025-07-13 13:00:00,27.7,15,3.1,698.0
2025-07-13 14:00:00,27.5,27,4.2,556.0
2025-07-13 15:00:00,27.0,19,6.5,428.0
2025-07-13 16:00:00,26.0,15,6.6,279.0
2025-07-13 17:00:00,24.4,6,5.4,126.0
2025-07-13 18:00:00,22.7,3,4.4,29.0
2025-07-13 19:00:00,21.7,7,3.1,0.0
2025-07-13 20:00:00,20.6,5,2.1,0.0
2025-07-13 21:00:00,19.6,2,2.0,0.0
2025-07-13 22:00:00,19.0,0,2.0,0.0
2025-07-13 23:00:00,18.3,0,2.3,0.0
2025-07-14 00:00:00,17.6,0,3.2,0.0
2025-07-14 01:00:00,15.6,0,6.0,0.0
2025-07-14 02:00:00,15.2,0,6.1,0.0
2025-07-14 03:00:00,15.5,0,5.6,21.0
2025-07-14 04:00:00,18.0,0,7.3,126.0
2025-07-14 05:00:00,20.9,0,4.8,277.0
2025-07-14 06:00:00,23.3,0,4.8,439.0
2025-07-14 07:00:00,25.0,0,5.7,591.0
2025-07-14 08:00:00,26.0,78,4.5,718.0
2025-07-14 09:00:00,27.0,61,5.1,807.0
2025-07-14 10:00:00,27.6,76,5.5,856.0
2025-07-14 11:00:00,28.1,45,4.2,842.0
2025-07-14 12:00:00,28.5,14,3.2,806.0
2025-07-14 13:00:00,29.1,52,4.0,659.0
2025-07-14 14:00:00,29.2,36,4.9,590.0
2025-07-14 15:00:00,29.0,17,3.7,405.0
2025-07-14 16:00:00,27.9,43,3.1,279.0
2025-07-14 17:00:00,25.8,16,3.9,118.0
2025-07-14 18:00:00,23.5,33,1.2,28.0
2025-07-14 19:00:00,22.1,59,4.3,0.0
2025-07-14 20:00:00,21.8,6,4.8,0.0
2025-07-14 21:00:00,21.4,40,9.4,0.0
2025-07-14 22:00:00,21.7,23,10.3,0.0
2025-07-14 23:00:00,20.1,70,6.0,0.0
2025-07-15 00:00:00,18.8,54,4.3,0.0
2025-07-15 01:00:00,18.2,0,6.8,0.0
2025-07-15 02:00:00,17.8,5,7.6,0.0
2025-07-15 03:00:00,18.1,96,9.8,19.0
2025-07-15 04:00:00,19.6,93,9.4,116.0
2025-07-15 05:00:00,21.4,100,8.1,256.0
2025-07-15 06:00:00,23.1,99,9.8,372.0
2025-07-15 07:00:00,24.8,100,11.1,546.0
2025-07-15 08:00:00,26.1,99,11.7,680.0
2025-07-15 09:00:00,27.1,7,13.0,759.0
2025-07-15 10:00:00,27.6,12,13.6,795.0
2025-07-15 11:00:00,28.0,17,13.8,798.0
2025-07-15 12:00:00,28.1,26,13.6,735.0
2025-07-15 13:00:00,29.1,10,13.1,704.0
2025-07-15 14:00:00,29.0,67,13.2,593.0
2025-07-15 15:00:00,28.3,65,12.8,450.0
2025-07-15 16:00:00,27.2,28,12.1,291.0
2025-07-15 17:00:00,25.5,2,12.6,140.0
2025-07-15 18:00:00,24.1,0,12.5,28.0
2025-07-15 19:00:00,22.9,2,11.2,0.0
2025-07-15 20:00:00,22.2,17,12.7,0.0
2025-07-15 21:00:00,21.2,15,9.8,0.0
2025-07-15 22:00:00,19.9,66,7.3,0.0
2025-07-15 23:00:00,18.9,89,6.4,0.0
2025-07-16 00:00:00,18.5,6,7.1,0.0
2025-07-16 01:00:00,17.0,0,6.2,0.0
2025-07-16 02:00:00,16.7,0,7.2,0.0
2025-07-16 03:00:00,17.1,7,7.2,18.0
2025-07-16 04:00:00,18.9,41,7.5,120.0
2025-07-16 05:00:00,21.0,61,5.6,267.0
2025-07-16 06:00:00,23.2,100,6.3,424.0
2025-07-16 07:00:00,24.7,44,7.9,554.0
2025-07-16 08:00:00,25.5,14,7.7,633.0
2025-07-16 09:00:00,26.2,9,7.1,745.0
2025-07-16 10:00:00,27.0,50,7.1,787.0
2025-07-16 11:00:00,27.5,97,7.5,803.0
2025-07-16 12:00:00,26.0,100,13.5,681.0
2025-07-16 13:00:00,22.0,7,6.1,266.0
2025-07-16 14:00:00,24.5,100,5.3,473.0
2025-07-16 15:00:00,23.5,100,12.0,204.0
2025-07-16 16:00:00,21.9,100,9.9,128.0
2025-07-16 17:00:00,21.4,100,3.9,105.0
2025-07-16 18:00:00,19.8,100,4.1,24.0
2025-07-16 19:00:00,19.6,97,5.7,0.0
2025-07-16 20:00:00,19.6,100,7.4,0.0
2025-07-16 21:00:00,19.0,100,5.6,0.0
2025-07-16 22:00:00,18.7,100,5.4,0.0
2025-07-16 23:00:00,18.2,100,8.9,0.0
2025-07-17 00:00:00,17.0,100,9.6,0.0
2025-07-17 01:00:00,17.6,100,5.4,0.0
2025-07-17 02:00:00,17.5,100,5.4,0.0
2025-07-17 03:00:00,17.6,100,7.8,10.0
2025-07-17 04:00:00,18.0,100,9.4,70.0
2025-07-17 05:00:00,18.6,100,7.6,158.0
2025-07-17 06:00:00,19.5,100,6.6,275.0
2025-07-17 07:00:00,19.4,100,7.9,153.0
2025-07-17 08:00:00,20.4,100,8.2,320.0
2025-07-17 09:00:00,21.3,96,10.0,424.0
2025-07-17 10:00:00,23.3,28,8.6,772.0
2025-07-17 11:00:00,24.2,30,8.0,804.0
2025-07-17 12:00:00,24.6,78,8.0,768.0
2025-07-17 13:00:00,22.6,63,17.8,599.0
2025-07-17 14:00:00,20.6,25,4.8,374.0
2025-07-17 15:00:00,21.9,44,5.8,369.0
2025-07-17 16:00:00,21.5,17,6.5,228.0
2025-07-17 17:00:00,20.8,92,2.7,118.0
2025-07-17 18:00:00,19.5,16,0.9,26.0
2025-07-17 19:00:00,18.5,20,2.1,0.0
2025-07-17 20:00:00,17.5,42,6.3,0.0
2025-07-17 21:00:00,16.8,93,5.8,0.0
2025-07-17 22:00:00,16.5,100,2.0,0.0
2025-07-17 23:00:00,16.2,100,3.3,0.0
2025-07-18 00:00:00,16.0,100,4.5,0.0
2025-07-18 01:00:00,15.9,100,6.0,0.0
2025-07-18 02:00:00,15.7,100,5.2,0.0
2025-07-18 03:00:00,15.9,100,6.5,11.0
2025-07-18 04:00:00,16.7,100,9.6,66.0
2025-07-18 05:00:00,17.1,100,11.6,52.0
2025-07-18 06:00:00,17.5,100,13.7,74.0
2025-07-18 07:00:00,18.4,100,13.7,108.0
2025-07-18 08:00:00,19.0,100,15.8,182.0
2025-07-18 09:00:00,19.9,96,13.3,186.0
2025-07-18 10:00:00,21.2,100,18.2,306.0
2025-07-18 11:00:00,22.5,96,22.3,494.0
2025-07-18 12:00:00,21.5,73,20.6,290.0
2025-07-18 13:00:00,20.0,100,12.1,266.0
2025-07-18 14:00:00,19.7,94,17.5,265.0
2025-07-18 15:00:00,18.5,15,14.4,188.0
2025-07-18 16:00:00,18.3,27,12.6,231.0
2025-07-18 17:00:00,18.5,7,11.1,117.0
2025-07-18 18:00:00,17.6,27,7.5,24.0
2025-07-18 19:00:00,17.5,6,8.0,0.0
2025-07-18 20:00:00,17.0,0,7.4,0.0
2025-07-18 21:00:00,16.7,0,9.0,0.0
2025-07-18 22:00:00,16.0,15,9.9,0.0
2025-07-18 23:00:00,15.1,74,9.8,0.0
2025-07-19 00:00:00,14.5,53,10.5,0.0
2025-07-19 01:00:00,13.9,83,6.5,0.0
2025-07-19 02:00:00,14.2,100,7.1,0.0
2025-07-19 03:00:00,14.8,100,7.7,3.0
2025-07-19 04:00:00,15.1,100,6.1,22.0
2025-07-19 05:00:00,15.6,100,9.0,68.0
2025-07-19 06:00:00,16.1,100,12.9,104.0
2025-07-19 07:00:00,17.5,100,13.9,230.0
2025-07-19 08:00:00,18.7,83,11.6,288.0
2025-07-19 09:00:00,19.7,76,15.6,489.0
2025-07-19 10:00:00,21.6,100,14.6,645.0
2025-07-19 11:00:00,20.2,40,17.2,418.0
2025-07-19 12:00:00,21.0,52,19.4,558.0
2025-07-19 13:00:00,21.4,100,23.6,621.0
2025-07-19 14:00:00,20.9,99,21.8,421.0
2025-07-19 15:00:00,21.0,86,20.8,334.0
2025-07-19 16:00:00,20.2,32,20.2,183.0
2025-07-19 17:00:00,19.4,32,17.1,112.0
2025-07-19 18:00:00,18.5,18,16.3,19.0
2025-07-19 19:00:00,17.4,60,16.5,0.0
2025-07-19 20:00:00,17.0,33,14.9,0.0
2025-07-19 21:00:00,17.0,32,14.8,0.0
2025-07-19 22:00:00,16.7,26,15.1,0.0
2025-07-19 23:00:00,16.4,5,16.6,0.0
2025-07-20 00:00:00,15.9,14,16.7,0.0
2025-07-20 01:00:00,15.9,100,16.8,0.0
2025-07-20 02:00:00,15.9,100,17.4,0.0
2025-07-20 03:00:00,16.4,100,16.8,9.0
2025-07-20 04:00:00,17.0,100,14.0,53.0
2025-07-20 05:00:00,17.9,96,16.7,158.0
2025-07-20 06:00:00,19.2,100,20.5,306.0
2025-07-20 07:00:00,19.5,100,19.5,217.0
2025-07-20 08:00:00,20.5,100,19.0,323.0
2025-07-20 09:00:00,21.1,34,18.7,381.0
2025-07-20 10:00:00,23.1,91,17.5,754.0
2025-07-20 11:00:00,24.0,100,18.1,755.0
2025-07-20 12:00:00,24.8,100,18.2,725.0
2025-07-20 13:00:00,23.2,91,19.8,512.0
2025-07-20 14:00:00,23.5,99,18.0,439.0
2025-07-20 15:00:00,20.6,100,14.3,221.0
2025-07-20 16:00:00,20.6,100,6.0,130.0
2025-07-20 17:00:00,20.4,99,6.0,70.0
2025-07-20 18:00:00,19.6,100,9.8,15.0
2025-07-20 19:00:00,19.5,100,8.6,0.0
2025-07-20 20:00:00,18.8,100,12.1,0.0
2025-07-20 21:00:00,18.6,98,11.7,0.0
2025-07-20 22:00:00,17.9,22,12.2,0.0
2025-07-20 23:00:00,17.2,15,11.7,0.0
2025-07-21 00:00:00,17.0,25,10.9,0.0
2025-07-21 01:00:00,17.4,25,7.6,0.0
2025-07-21 02:00:00,16.9,37,10.2,0.0
2025-07-21 03:00:00,16.9,100,11.1,11.0
2025-07-21 04:00:00,17.7,100,13.9,71.0
2025-07-21 05:00:00,18.3,100,15.2,116.0
2025-07-21 06:00:00,19.0,80,14.1,138.0
2025-07-21 07:00:00,20.9,24,14.6,378.0
2025-07-21 08:00:00,22.6,17,14.7,603.0
2025-07-21 09:00:00,23.8,20,13.9,722.0
2025-07-21 10:00:00,24.6,22,15.5,754.0
2025-07-21 11:00:00,25.2,18,16.9,756.0
2025-07-21 12:00:00,25.7,18,17.3,724.0
2025-07-21 13:00:00,26.8,16,15.7,686.0
2025-07-21 14:00:00,26.5,17,16.1,561.0
2025-07-21 15:00:00,26.0,17,15.0,413.0
2025-07-21 16:00:00,25.1,14,12.4,248.0
2025-07-21 17:00:00,23.8,7,9.0,119.0
2025-07-21 18:00:00,21.4,8,6.4,21.0
2025-07-21 19:00:00,20.4,6,6.5,0.0
2025-07-21 20:00:00,19.8,3,6.9,0.0
2025-07-21 21:00:00,19.4,3,8.2,0.0
2025-07-21 22:00:00,19.0,1,7.3,0.0
2025-07-21 23:00:00,18.5,23,7.7,0.0
2025-07-22 00:00:00,18.0,9,7.3,0.0
2025-07-22 01:00:00,17.7,29,8.2,0.0
2025-07-22 02:00:00,17.5,58,8.7,0.0
2025-07-22 03:00:00,17.9,45,8.5,12.0
2025-07-22 04:00:00,19.5,11,8.4,104.0
2025-07-22 05:00:00,21.5,44,6.6,250.0
2025-07-22 06:00:00,23.8,0,7.4,407.0
2025-07-22 07:00:00,25.7,1,9.3,559.0
2025-07-22 08:00:00,26.9,41,11.6,684.0
2025-07-22 09:00:00,27.6,33,12.3,715.0
2025-07-22 10:00:00,28.1,89,14.7,752.0
2025-07-22 11:00:00,28.8,100,12.1,729.0
2025-07-22 12:00:00,29.6,38,12.9,660.0
2025-07-22 13:00:00,27.7,21,8.7,451.0
2025-07-22 14:00:00,28.5,81,4.7,546.0
2025-07-22 15:00:00,27.5,100,9.4,264.0
2025-07-22 16:00:00,27.3,66,3.1,190.0
2025-07-22 17:00:00,25.4,10,2.6,92.0
2025-07-22 18:00:00,23.0,78,2.1,20.0
2025-07-22 19:00:00,22.6,94,8.8,0.0
2025-07-22 20:00:00,21.7,13,15.4,0.0
2025-07-22 21:00:00,20.8,27,15.4,0.0
2025-07-22 22:00:00,20.3,11,12.8,0.0
2025-07-22 23:00:00,19.6,9,13.6,0.0
2025-07-23 00:00:00,19.2,12,14.8,0.0
2025-07-23 01:00:00,18.5,42,14.0,0.0
2025-07-23 02:00:00,18.1,66,13.8,0.0
2025-07-23 03:00:00,18.0,13,16.3,12.0
2025-07-23 04:00:00,19.0,0,15.7,102.0
2025-07-23 05:00:00,20.6,0,18.4,253.0
2025-07-23 06:00:00,22.4,0,21.1,415.0
2025-07-23 07:00:00,23.6,0,24.0,570.0
2025-07-23 08:00:00,24.8,0,23.4,698.0
2025-07-23 09:00:00,25.9,22,24.6,793.0
2025-07-23 10:00:00,26.5,100,26.6,751.0
2025-07-23 11:00:00,26.5,97,24.6,518.0
2025-07-23 12:00:00,26.5,81,22.4,391.0
2025-07-23 13:00:00,27.5,33,21.6,666.0
2025-07-23 14:00:00,26.8,19,20.4,507.0
2025-07-23 15:00:00,26.4,11,17.9,392.0
2025-07-23 16:00:00,25.5,4,15.6,264.0
2025-07-23 17:00:00,24.2,1,11.9,124.0
2025-07-23 18:00:00,22.4,0,9.8,20.0
2025-07-23 19:00:00,21.2,0,9.9,0.0
2025-07-23 20:00:00,20.5,0,9.7,0.0
2025-07-23 21:00:00,19.9,1,10.0,0.0
2025-07-23 22:00:00,19.4,0,11.1,0.0
2025-07-23 23:00:00,18.7,0,10.4,0.0
2025-07-24 00:00:00,18.0,0,9.7,0.0
2025-07-24 01:00:00,16.9,0,9.0,0.0
2025-07-24 02:00:00,16.5,0,9.2,0.0
2025-07-24 03:00:00,16.4,0,8.8,11.0
2025-07-24 04:00:00,17.8,0,8.3,104.0
2025-07-24 05:00:00,19.8,0,6.3,252.0
2025-07-24 06:00:00,22.0,0,5.8,414.0
2025-07-24 07:00:00,23.9,0,6.1,567.0
2025-07-24 08:00:00,25.1,0,6.8,696.0
2025-07-24 09:00:00,26.2,0,7.3,789.0
2025-07-24 10:00:00,27.1,93,8.3,840.0
2025-07-24 11:00:00,28.0,99,9.5,840.0
2025-07-24 12:00:00,28.5,89,10.4,776.0
2025-07-24 13:00:00,29.1,63,12.5,643.0
2025-07-24 14:00:00,29.0,92,11.5,547.0
2025-07-24 15:00:00,28.5,6,8.9,367.0
2025-07-24 16:00:00,27.8,8,7.9,269.0
2025-07-24 17:00:00,25.5,19,6.3,119.0
2025-07-24 18:00:00,23.0,11,6.2,18.0
2025-07-24 19:00:00,21.5,97,5.8,0.0
2025-07-24 20:00:00,20.7,89,6.2,0.0
2025-07-24 21:00:00,20.4,74,5.7,0.0
2025-07-24 22:00:00,19.9,76,6.9,0.0
2025-07-24 23:00:00,19.5,96,6.5,0.0
2025-07-25 00:00:00,18.8,38,6.4,0.0
2025-07-25 01:00:00,18.6,17,7.7,0.0
2025-07-25 02:00:00,18.9,18,8.7,0.0
2025-07-25 03:00:00,18.9,0,9.3,10.0
2025-07-25 04:00:00,20.2,1,9.7,99.0
2025-07-25 05:00:00,22.2,95,8.0,244.0
2025-07-25 06:00:00,24.1,100,5.4,384.0
2025-07-25 07:00:00,25.8,92,3.8,507.0
2025-07-25 08:00:00,27.4,75,3.8,639.0
2025-07-25 09:00:00,29.0,99,4.0,774.0
2025-07-25 10:00:00,29.8,89,4.5,796.0
2025-07-25 11:00:00,30.2,3,3.8,747.0
2025-07-25 12:00:00,30.8,43,3.7,771.0
2025-07-25 13:00:00,30.9,67,8.1,654.0
2025-07-25 14:00:00,30.4,64,8.3,402.0
2025-07-25 15:00:00,29.6,30,7.7,311.0
2025-07-25 16:00:00,28.2,30,10.6,253.0
2025-07-25 17:00:00,26.0,7,10.0,106.0
2025-07-25 18:00:00,23.9,30,7.6,17.0
2025-07-25 19:00:00,22.6,50,6.8,0.0
2025-07-25 20:00:00,21.6,48,6.1,0.0
2025-07-25 21:00:00,21.0,100,6.4,0.0
2025-07-25 22:00:00,20.3,82,4.9,0.0
2025-07-25 23:00:00,20.0,68,2.8,0.0
2025-07-26 00:00:00,20.3,91,8.9,0.0
2025-07-26 01:00:00,19.6,99,9.1,0.0
2025-07-26 02:00:00,19.5,100,10.5,0.0
2025-07-26 03:00:00,19.3,97,9.4,7.0
2025-07-26 04:00:00,20.1,63,4.9,85.0
2025-07-26 05:00:00,21.9,8,4.5,228.0
2025-07-26 06:00:00,23.5,71,5.0,390.0
2025-07-26 07:00:00,25.2,87,7.4,540.0
2025-07-26 08:00:00,26.4,16,6.2,659.0
2025-07-26 09:00:00,27.6,57,7.1,763.0
2025-07-26 10:00:00,28.5,100,7.6,772.0
2025-07-26 11:00:00,28.6,100,7.1,732.0
2025-07-26 12:00:00,28.6,99,7.8,620.0
2025-07-26 13:00:00,28.1,59,7.5,410.0
2025-07-26 14:00:00,28.6,38,8.1,494.0
2025-07-26 15:00:00,28.4,48,8.8,348.0
2025-07-26 16:00:00,27.4,48,7.8,222.0
2025-07-26 17:00:00,25.7,73,5.6,96.0
2025-07-26 18:00:00,23.6,100,5.2,15.0
2025-07-26 19:00:00,23.0,39,1.0,0.0
2025-07-26 20:00:00,22.3,99,0.4,0.0
2025-07-26 21:00:00,21.6,100,0.4,0.0
2025-07-26 22:00:00,20.8,100,0.7,0.0
2025-07-26 23:00:00,20.2,100,2.8,0.0
2025-07-27 00:00:00,19.9,97,4.9,0.0
2025-07-27 01:00:00,19.6,100,4.6,0.0
2025-07-27 02:00:00,19.5,100,4.9,0.0
2025-07-27 03:00:00,19.5,100,3.2,6.0
2025-07-27 04:00:00,20.5,100,12.0,39.0
2025-07-27 05:00:00,21.8,88,8.9,138.0
2025-07-27 06:00:00,23.9,100,10.5,326.0
2025-07-27 07:00:00,25.6,100,7.5,450.0
2025-07-27 08:00:00,26.8,100,7.7,585.0
2025-07-27 09:00:00,27.4,100,5.9,577.0
2025-07-27 10:00:00,27.4,100,5.6,400.0
2025-07-27 11:00:00,28.0,100,7.6,479.0
2025-07-27 12:00:00,28.5,100,10.7,521.0
2025-07-27 13:00:00,28.0,100,11.8,328.0
2025-07-27 14:00:00,28.2,72,11.3,389.0
2025-07-27 15:00:00,28.2,45,10.3,316.0
2025-07-27 16:00:00,27.8,100,8.1,250.0
2025-07-27 17:00:00,25.9,100,12.1,89.0
2025-07-27 18:00:00,24.6,100,13.4,10.0
2025-07-27 19:00:00,23.6,80,13.2,0.0
2025-07-27 20:00:00,23.0,3,14.8,0.0
2025-07-27 21:00:00,22.6,100,15.4,0.0
2025-07-27 22:00:00,22.4,46,15.9,0.0
2025-07-27 23:00:00,22.0,49,14.1,0.0
2025-07-28 00:00:00,21.6,100,8.7,0.0
2025-07-28 01:00:00,19.6,100,3.8,0.0
2025-07-28 02:00:00,19.1,100,8.9,0.0
2025-07-28 03:00:00,19.0,100,9.7,2.0
2025-07-28 04:00:00,19.3,100,8.0,30.0
2025-07-28 05:00:00,20.0,98,11.2,80.0
2025-07-28 06:00:00,21.8,100,10.5,268.0
2025-07-28 07:00:00,23.9,98,12.0,434.0
2025-07-28 08:00:00,25.2,37,10.3,453.0
2025-07-28 09:00:00,24.3,100,13.0,586.0
2025-07-28 10:00:00,23.9,39,9.5,220.0
2025-07-28 11:00:00,23.4,100,13.7,682.0
2025-07-28 12:00:00,23.4,97,15.2,329.0
2025-07-28 13:00:00,28.5,99,11.3,384.0
2025-07-28 14:00:00,28.0,100,10.0,212.0
2025-07-28 15:00:00,27.0,81,5.0,136.0
2025-07-28 16:00:00,24.9,100,9.5,155.0
2025-07-28 17:00:00,23.4,100,7.1,32.0
2025-07-28 18:00:00,22.5,100,7.6,3.0
2025-07-28 19:00:00,22.1,99,7.1,0.0
2025-07-28 20:00:00,22.4,99,10.5,0.0
2025-07-28 21:00:00,21.6,100,8.7,0.0
2025-07-28 22:00:00,21.4,95,11.6,0.0
2025-07-28 23:00:00,21.3,97,15.1,0.0
2025-07-29 00:00:00,21.0,60,15.4,0.0
2025-07-29 01:00:00,19.5,100,13.8,0.0
2025-07-29 02:00:00,19.1,28,11.6,0.0
2025-07-29 03:00:00,18.9,6,12.3,7.0
2025-07-29 04:00:00,19.8,99,13.7,91.0
2025-07-29 05:00:00,21.4,100,12.1,217.0
2025-07-29 06:00:00,22.6,100,12.4,325.0
2025-07-29 07:00:00,23.6,100,14.5,392.0
2025-07-29 08:00:00,25.1,100,15.5,566.0
2025-07-29 09:00:00,25.5,100,16.8,461.0
2025-07-29 10:00:00,25.3,100,15.0,273.0
2025-07-29 11:00:00,25.3,100,10.1,193.0
2025-07-29 12:00:00,22.6,100,15.8,412.0
2025-07-29 13:00:00,24.0,100,12.6,423.0
2025-07-29 14:00:00,23.0,60,9.0,129.0
2025-07-29 15:00:00,22.0,100,13.4,208.0
2025-07-29 16:00:00,21.4,90,10.1,131.0
2025-07-29 17:00:00,20.1,99,12.7,81.0
2025-07-29 18:00:00,19.4,88,7.4,7.0
2025-07-29 19:00:00,18.8,100,7.4,0.0
2025-07-29 20:00:00,18.6,100,2.3,0.0
2025-07-29 21:00:00,18.6,100,5.2,0.0
2025-07-29 22:00:00,18.8,94,6.7,0.0
2025-07-29 23:00:00,18.5,59,1.8,0.0
2025-07-30 00:00:00,18.1,100,8.0,0.0
2025-07-30 01:00:00,18.8,100,7.5,0.0
2025-07-30 02:00:00,18.3,99,10.0,0.0
2025-07-30 03:00:00,18.1,100,10.1,4.0
2025-07-30 04:00:00,18.0,100,12.8,40.0
2025-07-30 05:00:00,18.0,100,12.4,35.0
2025-07-30 06:00:00,18.7,100,13.1,160.0
2025-07-30 07:00:00,19.0,100,14.9,210.0
2025-07-30 08:00:00,19.2,100,16.7,214.0
2025-07-30 09:00:00,20.2,100,19.0,356.0
2025-07-30 10:00:00,21.3,87,20.7,522.0
2025-07-30 11:00:00,21.4,69,22.4,521.0
2025-07-30 12:00:00,21.4,33,23.0,601.0
2025-07-30 13:00:00,20.5,100,21.7,467.0
2025-07-30 14:00:00,19.9,89,20.4,295.0
2025-07-30 15:00:00,20.0,47,19.6,308.0
2025-07-30 16:00:00,19.4,75,19.2,187.0
2025-07-30 17:00:00,18.7,42,17.8,86.0
2025-07-30 18:00:00,18.0,22,16.4,11.0
2025-07-30 19:00:00,17.7,3,15.4,0.0
2025-07-30 20:00:00,17.1,6,15.3,0.0
2025-07-30 21:00:00,16.8,4,15.7,0.0
2025-07-30 22:00:00,16.5,1,15.2,0.0
2025-07-30 23:00:00,16.2,1,15.6,0.0
2025-07-31 00:00:00,16.1,0,15.9,0.0
2025-07-31 01:00:00,15.2,0,15.2,0.0
2025-07-31 02:00:00,15.1,0,16.2,0.0
2025-07-31 03:00:00,15.0,0,16.9,6.0
2025-07-31 04:00:00,15.8,0,18.2,86.0
2025-07-31 05:00:00,17.0,0,17.8,231.0
2025-07-31 06:00:00,18.2,0,20.9,396.0
2025-07-31 07:00:00,19.4,0,22.3,552.0
2025-07-31 08:00:00,20.5,0,23.5,686.0
2025-07-31 09:00:00,21.4,0,23.9,784.0
2025-07-31 10:00:00,22.0,0,23.7,832.0
2025-07-31 11:00:00,22.5,4,23.8,842.0
2025-07-31 12:00:00,22.7,8,24.5,783.0
2025-07-31 13:00:00,23.0,5,23.9,704.0
2025-07-31 14:00:00,22.9,9,23.6,562.0
2025-07-31 15:00:00,22.2,9,20.5,408.0
2025-07-31 16:00:00,21.4,6,16.1,248.0
2025-07-31 17:00:00,20.1,0,14.0,104.0
2025-07-31 18:00:00,18.8,4,12.3,11.0
2025-07-31 19:00:00,17.8,0,10.8,0.0
2025-07-31 20:00:00,16.8,66,9.8,0.0
2025-07-31 21:00:00,16.0,75,10.0,0.0
2025-07-31 22:00:00,15.6,49,10.9,0.0
2025-07-31 23:00:00,15.1,75,10.7,0.0
2025-08-01 00:00:00,14.6,25,10.4,0.0
2025-08-01 01:00:00,14.0,0,12.2,0.0
2025-08-01 02:00:00,13.7,0,12.2,0.0
2025-08-01 03:00:00,13.6,0,11.3,5.0
2025-08-01 04:00:00,14.7,0,11.9,86.0
2025-08-01 05:00:00,16.4,0,10.0,231.0
2025-08-01 06:00:00,18.4,0,10.2,394.0
2025-08-01 07:00:00,20.1,0,10.6,547.0
2025-08-01 08:00:00,21.6,0,10.5,676.0
2025-08-01 09:00:00,22.7,21,14.1,763.0
2025-08-01 10:00:00,23.3,27,14.4,737.0
2025-08-01 11:00:00,23.9,38,14.7,712.0
2025-08-01 12:00:00,23.8,25,14.7,650.0
2025-08-01 13:00:00,24.0,12,13.5,588.0
2025-08-01 14:00:00,24.1,10,11.9,540.0
2025-08-01 15:00:00,23.8,13,10.7,386.0
2025-08-01 16:00:00,22.9,1,6.6,237.0
2025-08-01 17:00:00,21.0,5,4.6,103.0
2025-08-01 18:00:00,19.2,4,3.9,10.0
2025-08-01 19:00:00,17.8,0,6.1,0.0
2025-08-01 20:00:00,17.2,0,7.5,0.0
2025-08-01 21:00:00,16.4,0,7.0,0.0
2025-08-01 22:00:00,15.6,0,6.4,0.0
2025-08-01 23:00:00,15.2,0,5.9,0.0
2025-08-02 00:00:00,15.1,0,3.8,0.0
2025-08-02 01:00:00,14.2,0,2.7,0.0
2025-08-02 02:00:00,13.8,0,3.3,0.0
2025-08-02 03:00:00,13.6,0,2.9,5.0
2025-08-02 04:00:00,15.4,0,4.5,83.0
2025-08-02 05:00:00,18.2,0,1.7,228.0
2025-08-02 06:00:00,20.6,0,1.9,391.0
2025-08-02 07:00:00,22.4,0,3.0,546.0
2025-08-02 08:00:00,23.5,0,4.2,676.0
2025-08-02 09:00:00,24.4,0,5.5,771.0
2025-08-02 10:00:00,25.0,11,6.1,827.0
2025-08-02 11:00:00,25.8,54,6.0,816.0
2025-08-02 12:00:00,26.0,71,6.4,724.0
2025-08-02 13:00:00,26.2,17,6.1,653.0
2025-08-02 14:00:00,25.9,28,6.8,515.0
2025-08-02 15:00:00,25.4,25,8.2,391.0
2025-08-02 16:00:00,24.1,30,9.1,238.0
2025-08-02 17:00:00,22.2,17,9.9,96.0
2025-08-02 18:00:00,20.8,9,8.9,9.0
2025-08-02 19:00:00,19.5,3,6.9,0.0
2025-08-02 20:00:00,18.6,2,6.4,0.0
2025-08-02 21:00:00,17.8,1,6.4,0.0
2025-08-02 22:00:00,17.0,0,6.7,0.0
2025-08-02 23:00:00,16.5,0,6.5,0.0
2025-08-03 00:00:00,16.1,0,6.5,0.0
2025-08-03 01:00:00,15.7,0,7.8,0.0
2025-08-03 02:00:00,15.4,0,7.0,0.0
2025-08-03 03:00:00,15.4,0,7.2,4.0
2025-08-03 04:00:00,17.2,0,8.9,80.0
2025-08-03 05:00:00,19.4,0,6.0,225.0
2025-08-03 06:00:00,21.4,0,6.4,387.0
2025-08-03 07:00:00,22.9,0,7.8,542.0
2025-08-03 08:00:00,24.1,0,8.4,674.0
2025-08-03 09:00:00,25.0,4,9.6,769.0
2025-08-03 10:00:00,25.7,17,11.6,783.0
2025-08-03 11:00:00,26.0,19,12.5,753.0
2025-08-03 12:00:00,26.0,16,12.6,700.0
2025-08-03 13:00:00,26.6,20,11.1,609.0
2025-08-03 14:00:00,26.2,23,13.3,480.0
2025-08-03 15:00:00,25.7,38,12.2,391.0
2025-08-03 16:00:00,24.5,7,6.8,223.0
2025-08-03 17:00:00,22.6,1,4.8,91.0
2025-08-03 18:00:00,20.7,2,5.5,8.0
2025-08-03 19:00:00,19.5,1,5.9,0.0
2025-08-03 20:00:00,18.8,4,7.1,0.0
2025-08-03 21:00:00,18.5,8,7.9,0.0
2025-08-03 22:00:00,18.0,13,7.8,0.0
2025-08-03 23:00:00,17.5,17,7.8,0.0
2025-08-04 00:00:00,16.9,21,6.9,0.0
2025-08-04 01:00:00,16.5,0,8.5,0.0
2025-08-04 02:00:00,16.3,0,9.0,0.0
2025-08-04 03:00:00,16.1,0,8.9,4.0
2025-08-04 04:00:00,17.5,0,9.9,78.0
2025-08-04 05:00:00,19.5,5,7.7,221.0
2025-08-04 06:00:00,21.9,6,8.1,383.0
2025-08-04 07:00:00,24.0,0,9.4,533.0
2025-08-04 08:00:00,25.5,2,11.0,670.0
2025-08-04 09:00:00,26.4,21,12.4,751.0
2025-08-04 10:00:00,26.8,20,13.0,766.0
2025-08-04 11:00:00,27.0,49,14.5,750.0
2025-08-04 12:00:00,26.7,57,15.5,554.0
2025-08-04 13:00:00,27.3,49,15.9,534.0
2025-08-04 14:00:00,26.9,2,15.4,519.0
2025-08-04 15:00:00,26.5,0,12.3,372.0
2025-08-04 16:00:00,25.4,0,10.2,235.0
2025-08-04 17:00:00,23.2,0,7.4,93.0
2025-08-04 18:00:00,21.2,1,7.0,7.0
2025-08-04 19:00:00,21.0,0,8.3,0.0
2025-08-04 20:00:00,21.0,0,10.4,0.0
2025-08-04 21:00:00,20.1,0,9.0,0.0
2025-08-04 22:00:00,19.0,0,7.3,0.0
2025-08-04 23:00:00,18.0,0,6.1,0.0
2025-08-05 00:00:00,17.5,0,6.1,0.0
2025-08-05 01:00:00,16.8,0,6.8,0.0
2025-08-05 02:00:00,16.5,0,6.8,0.0
2025-08-05 03:00:00,16.5,0,7.3,3.0
2025-08-05 04:00:00,17.9,0,9.0,72.0
2025-08-05 05:00:00,19.9,0,7.5,211.0
2025-08-05 06:00:00,21.8,0,7.7,369.0
2025-08-05 07:00:00,23.7,0,7.9,521.0
2025-08-05 08:00:00,25.1,6,8.9,650.0
2025-08-05 09:00:00,26.0,18,11.5,724.0
2025-08-05 10:00:00,26.5,11,11.4,696.0
2025-08-05 11:00:00,27.2,4,10.1,758.0
2025-08-05 12:00:00,27.9,4,10.3,742.0
2025-08-05 13:00:00,28.8,10,11.0,640.0
2025-08-05 14:00:00,28.4,20,11.5,513.0
2025-08-05 15:00:00,27.7,17,11.6,357.0
2025-08-05 16:00:00,26.6,6,6.4,219.0
2025-08-05 17:00:00,24.9,6,3.2,85.0
2025-08-05 18:00:00,22.8,3,4.0,6.0
2025-08-05 19:00:00,21.7,0,4.9,0.0
2025-08-05 20:00:00,21.1,0,4.8,0.0
2025-08-05 21:00:00,20.4,0,4.7,0.0
2025-08-05 22:00:00,19.8,0,3.2,0.0
2025-08-05 23:00:00,19.2,0,2.9,0.0
2025-08-06 00:00:00,19.0,2,1.8,0.0
2025-08-06 01:00:00,18.2,5,0.4,0.0
2025-08-06 02:00:00,18.0,4,0.5,0.0
2025-08-06 03:00:00,17.8,3,1.9,2.0
2025-08-06 04:00:00,19.3,2,6.4,69.0
2025-08-06 05:00:00,22.1,0,5.5,207.0
2025-08-06 06:00:00,24.6,0,6.3,366.0
2025-08-06 07:00:00,26.1,0,7.7,519.0
2025-08-06 08:00:00,27.4,2,7.8,648.0
2025-08-06 09:00:00,28.0,39,7.9,732.0
2025-08-06 10:00:00,28.4,37,9.3,748.0
2025-08-06 11:00:00,28.9,32,10.1,758.0
2025-08-06 12:00:00,29.1,73,9.3,710.0
2025-08-06 13:00:00,23.9,60,15.3,446.0
2025-08-06 14:00:00,25.1,35,4.1,452.0
2025-08-06 15:00:00,25.5,37,9.3,325.0
2025-08-06 16:00:00,24.9,87,8.4,209.0
2025-08-06 17:00:00,23.5,53,9.7,77.0
2025-08-06 18:00:00,21.5,100,13.1,5.0
2025-08-06 19:00:00,20.1,90,13.0,0.0
2025-08-06 20:00:00,19.5,100,12.3,0.0
2025-08-06 21:00:00,19.0,53,15.1,0.0
2025-08-06 22:00:00,18.2,99,15.5,0.0
2025-08-06 23:00:00,17.8,68,16.2,0.0
2025-08-07 00:00:00,17.2,15,17.2,0.0
2025-08-07 01:00:00,15.1,4,15.4,0.0
2025-08-07 02:00:00,14.4,0,13.4,0.0
2025-08-07 03:00:00,13.9,1,14.1,2.0
2025-08-07 04:00:00,14.4,0,13.3,69.0
2025-08-07 05:00:00,15.8,7,14.3,212.0
2025-08-07 06:00:00,17.5,41,15.3,378.0
2025-08-07 07:00:00,19.1,64,16.3,537.0
2025-08-07 08:00:00,20.5,38,16.6,671.0
2025-08-07 09:00:00,21.5,7,16.8,770.0
2025-08-07 10:00:00,22.4,12,16.2,822.0
2025-08-07 11:00:00,23.0,0,16.3,825.0
2025-08-07 12:00:00,23.1,0,16.9,778.0
2025-08-07 13:00:00,23.3,6,15.8,652.0
2025-08-07 14:00:00,22.8,0,15.0,539.0
2025-08-07 15:00:00,22.1,0,15.0,401.0
2025-08-07 16:00:00,21.4,0,10.9,236.0
2025-08-07 17:00:00,19.4,2,7.3,88.0
2025-08-07 18:00:00,17.9,6,8.5,5.0
2025-08-07 19:00:00,16.7,6,7.9,0.0
2025-08-07 20:00:00,15.8,9,7.6,0.0
2025-08-07 21:00:00,15.4,6,8.5,0.0
2025-08-07 22:00:00,14.9,0,7.4,0.0
2025-08-07 23:00:00,13.9,0,6.6,0.0
2025-08-08 00:00:00,13.4,0,6.4,0.0
2025-08-08 01:00:00,11.2,0,5.9,0.0
2025-08-08 02:00:00,10.9,0,5.1,0.0
2025-08-08 03:00:00,10.7,0,5.2,2.0
2025-08-08 04:00:00,12.8,9,6.9,70.0
2025-08-08 05:00:00,15.4,8,4.7,215.0
2025-08-08 06:00:00,17.6,0,4.5,380.0
2025-08-08 07:00:00,19.4,5,5.3,538.0
2025-08-08 08:00:00,20.5,18,4.7,672.0
2025-08-08 09:00:00,21.4,18,4.5,767.0
2025-08-08 10:00:00,22.0,11,4.0,819.0
2025-08-08 11:00:00,22.5,48,3.0,822.0
2025-08-08 12:00:00,22.9,28,2.8,769.0
2025-08-08 13:00:00,23.5,88,3.1,670.0
2025-08-08 14:00:00,23.3,88,3.4,539.0
2025-08-08 15:00:00,23.0,99,3.1,384.0
2025-08-08 16:00:00,22.0,54,3.8,208.0
2025-08-08 17:00:00,19.8,65,4.4,82.0
2025-08-08 18:00:00,17.9,99,5.7,4.0
2025-08-08 19:00:00,17.0,100,6.1,0.0
2025-08-08 20:00:00,18.0,68,8.0,0.0
2025-08-08 21:00:00,17.2,21,8.7,0.0
2025-08-08 22:00:00,16.0,59,7.9,0.0
2025-08-08 23:00:00,16.0,100,8.3,0.0
2025-08-09 00:00:00,16.8,100,9.6,0.0
2025-08-09 01:00:00,16.4,97,9.8,0.0
2025-08-09 02:00:00,15.8,35,11.7,0.0
2025-08-09 03:00:00,15.1,37,10.8,1.0
2025-08-09 04:00:00,16.1,33,11.5,58.0
2025-08-09 05:00:00,17.9,27,10.4,165.0
2025-08-09 06:00:00,20.0,0,6.2,327.0
2025-08-09 07:00:00,21.8,5,9.9,525.0
2025-08-09 08:00:00,23.5,0,10.7,652.0
2025-08-09 09:00:00,24.8,9,13.7,753.0
2025-08-09 10:00:00,25.5,12,16.9,782.0
2025-08-09 11:00:00,25.8,12,19.0,743.0
2025-08-09 12:00:00,26.0,7,19.3,717.0
2025-08-09 13:00:00,26.4,10,19.1,631.0
2025-08-09 14:00:00,25.9,11,17.7,511.0
2025-08-09 15:00:00,25.0,8,16.7,366.0
2025-08-09 16:00:00,23.8,4,12.0,218.0
2025-08-09 17:00:00,21.7,1,8.8,78.0
2025-08-09 18:00:00,20.1,1,8.9,4.0
2025-08-09 19:00:00,19.4,1,8.6,0.0
2025-08-09 20:00:00,18.0,0,6.9,0.0
2025-08-09 21:00:00,16.9,0,6.2,0.0
2025-08-09 22:00:00,16.4,0,4.9,0.0
2025-08-09 23:00:00,16.0,0,3.2,0.0
2025-08-10 00:00:00,15.6,0,2.7,0.0
2025-08-10 01:00:00,13.2,0,4.1,0.0
2025-08-10 02:00:00,12.7,0,4.9,0.0
2025-08-10 03:00:00,12.6,0,4.7,1.0
2025-08-10 04:00:00,14.7,0,6.9,63.0
2025-08-10 05:00:00,17.5,0,3.5,204.0
2025-08-10 06:00:00,20.1,6,2.9,367.0
2025-08-10 07:00:00,21.9,7,1.2,523.0
2025-08-10 08:00:00,23.1,0,1.3,656.0
2025-08-10 09:00:00,24.0,3,3.4,754.0
2025-08-10 10:00:00,25.1,31,5.6,799.0
2025-08-10 11:00:00,25.8,28,7.7,734.0
2025-08-10 12:00:00,26.0,9,11.2,675.0
2025-08-10 13:00:00,26.5,3,13.2,595.0
2025-08-10 14:00:00,26.3,4,10.3,462.0
2025-08-10 15:00:00,26.2,33,4.8,359.0
2025-08-10 16:00:00,25.2,91,4.5,216.0
2025-08-10 17:00:00,23.0,10,8.0,64.0
2025-08-10 18:00:00,21.4,17,8.0,3.0
2025-08-10 19:00:00,21.1,94,10.3,0.0
2025-08-10 20:00:00,21.4,100,11.8,0.0
2025-08-10 21:00:00,20.2,50,10.2,0.0
2025-08-10 22:00:00,17.9,81,13.2,0.0
2025-08-10 23:00:00,18.0,89,9.3,0.0
2025-08-11 00:00:00,18.0,31,12.9,0.0
2025-08-11 01:00:00,17.5,30,9.4,0.0
2025-08-11 02:00:00,17.9,45,14.5,0.0
2025-08-11 03:00:00,17.2,100,18.2,1.0
2025-08-11 04:00:00,16.9,100,20.8,33.0
2025-08-11 05:00:00,16.8,100,21.0,78.0
2025-08-11 06:00:00,17.5,38,21.7,267.0
2025-08-11 07:00:00,18.8,19,21.3,472.0
2025-08-11 08:00:00,20.0,4,21.7,635.0
2025-08-11 09:00:00,21.2,9,22.7,736.0
2025-08-11 10:00:00,22.4,11,23.4,791.0
2025-08-11 11:00:00,22.7,20,23.7,777.0
2025-08-11 12:00:00,23.0,30,23.0,721.0
2025-08-11 13:00:00,21.7,24,22.3,421.0
2025-08-11 14:00:00,21.8,11,23.6,488.0
2025-08-11 15:00:00,21.0,6,22.6,366.0
2025-08-11 16:00:00,20.2,8,18.7,217.0
2025-08-11 17:00:00,19.0,4,16.1,72.0
2025-08-11 18:00:00,17.8,0,14.7,2.0
2025-08-11 19:00:00,16.5,0,10.6,0.0
2025-08-11 20:00:00,15.6,1,11.0,0.0
2025-08-11 21:00:00,15.2,0,11.5,0.0
2025-08-11 22:00:00,14.7,0,11.6,0.0
2025-08-11 23:00:00,14.4,0,11.9,0.0
2025-08-12 00:00:00,14.0,6,12.1,0.0
2025-08-12 01:00:00,12.6,41,10.7,0.0
2025-08-12 02:00:00,12.3,91,11.4,0.0
2025-08-12 03:00:00,12.4,18,11.3,1.0
2025-08-12 04:00:00,13.4,1,11.8,58.0
2025-08-12 05:00:00,15.1,0,10.2,198.0
2025-08-12 06:00:00,17.2,12,10.9,361.0
2025-08-12 07:00:00,19.2,98,11.4,518.0
2025-08-12 08:00:00,20.9,99,12.6,634.0
2025-08-12 09:00:00,21.8,100,15.1,699.0
2025-08-12 10:00:00,22.5,38,16.0,702.0
2025-08-12 11:00:00,23.0,74,15.8,714.0
2025-08-12 12:00:00,23.0,69,15.6,555.0
2025-08-12 13:00:00,23.5,85,14.6,417.0
2025-08-12 14:00:00,23.5,46,14.5,357.0
2025-08-12 15:00:00,23.2,19,12.7,312.0
2025-08-12 16:00:00,22.1,9,9.1,186.0
2025-08-12 17:00:00,19.9,0,7.6,69.0
2025-08-12 18:00:00,18.1,2,7.6,2.0
2025-08-12 19:00:00,17.5,6,8.6,0.0
2025-08-12 20:00:00,16.9,3,8.5,0.0
2025-08-12 21:00:00,16.1,4,7.7,0.0
2025-08-12 22:00:00,15.4,0,7.4,0.0
2025-08-12 23:00:00,14.8,17,3.9,0.0
2025-08-13 00:00:00,14.4,0,2.7,0.0
2025-08-13 01:00:00,11.9,0,5.2,0.0
2025-08-13 02:00:00,11.8,0,6.0,0.0
2025-08-13 03:00:00,11.8,0,6.4,0.0
2025-08-13 04:00:00,13.8,0,7.8,56.0
2025-08-13 05:00:00,16.6,0,6.1,193.0
2025-08-13 06:00:00,19.3,0,5.5,355.0
2025-08-13 07:00:00,21.2,0,6.8,511.0
2025-08-13 08:00:00,22.5,4,7.6,643.0
2025-08-13 09:00:00,23.5,0,7.8,739.0
2025-08-13 10:00:00,24.4,4,9.2,791.0
2025-08-13 11:00:00,25.1,31,11.4,767.0
2025-08-13 12:00:00,25.2,60,11.5,635.0
2025-08-13 13:00:00,25.4,56,11.7,356.0
2025-08-13 14:00:00,25.5,37,10.6,420.0
2025-08-13 15:00:00,24.8,24,8.7,241.0
2025-08-13 16:00:00,23.5,52,4.1,171.0
2025-08-13 17:00:00,21.8,36,5.5,50.0
2025-08-13 18:00:00,20.9,0,12.6,1.0
2025-08-13 19:00:00,19.5,1,9.9,0.0
2025-08-13 20:00:00,17.6,0,6.4,0.0
2025-08-13 21:00:00,17.0,0,5.2,0.0
2025-08-13 22:00:00,16.1,0,5.4,0.0
2025-08-13 23:00:00,15.4,2,5.8,0.0
2025-08-14 00:00:00,14.9,1,6.2,0.0
2025-08-14 01:00:00,13.6,1,5.3,0.0
2025-08-14 02:00:00,13.4,0,4.6,0.0
2025-08-14 03:00:00,13.1,0,4.5,0.0
2025-08-14 04:00:00,14.9,0,6.1,53.0
2025-08-14 05:00:00,17.6,0,5.2,189.0
2025-08-14 06:00:00,20.4,0,4.7,350.0
2025-08-14 07:00:00,22.7,0,6.6,504.0
2025-08-14 08:00:00,24.2,0,9.3,635.0
2025-08-14 09:00:00,25.0,0,10.7,729.0
2025-08-14 10:00:00,25.9,55,14.1,781.0
2025-08-14 11:00:00,25.7,87,14.1,615.0
2025-08-14 12:00:00,25.5,86,14.3,450.0
2025-08-14 13:00:00,26.4,44,14.3,521.0
2025-08-14 14:00:00,26.2,62,14.0,407.0
2025-08-14 15:00:00,25.8,8,11.8,291.0
2025-08-14 16:00:00,24.4,1,7.2,193.0
2025-08-14 17:00:00,21.5,0,7.9,62.0
2025-08-14 18:00:00,19.3,0,7.2,1.0
2025-08-14 19:00:00,19.0,0,9.5,0.0
2025-08-14 20:00:00,18.5,0,12.6,0.0
2025-08-14 21:00:00,17.8,1,12.0,0.0
2025-08-14 22:00:00,16.9,0,11.1,0.0
2025-08-14 23:00:00,16.1,0,10.2,0.0
2025-08-15 00:00:00,15.1,0,8.2,0.0
2025-08-15 01:00:00,14.0,0,8.8,0.0
2025-08-15 02:00:00,13.2,0,8.2,0.0
2025-08-15 03:00:00,12.7,0,8.5,0.0
2025-08-15 04:00:00,13.6,0,10.0,52.0
2025-08-15 05:00:00,15.2,0,8.5,191.0
2025-08-15 06:00:00,17.4,0,8.0,356.0
2025-08-15 07:00:00,19.4,0,8.6,515.0
2025-08-15 08:00:00,20.9,0,10.9,648.0
2025-08-15 09:00:00,21.8,0,11.8,743.0
2025-08-15 10:00:00,22.4,0,11.4,794.0
2025-08-15 11:00:00,22.8,0,12.5,796.0
2025-08-15 12:00:00,23.0,0,11.7,748.0
2025-08-15 13:00:00,23.8,0,12.1,654.0
2025-08-15 14:00:00,23.6,0,11.7,522.0
2025-08-15 15:00:00,23.0,0,11.3,366.0
2025-08-15 16:00:00,21.9,0,4.1,201.0
2025-08-15 17:00:00,19.7,1,7.4,61.0
2025-08-15 18:00:00,18.5,0,8.0,1.0
2025-08-15 19:00:00,16.8,0,5.6,0.0
2025-08-15 20:00:00,16.6,0,1.2,0.0
2025-08-15 21:00:00,16.1,0,3.1,0.0
2025-08-15 22:00:00,15.9,0,2.5,0.0
2025-08-15 23:00:00,15.9,0,0.6,0.0
2025-08-16 00:00:00,15.1,0,0.6,0.0
2025-08-16 01:00:00,12.6,0,1.1,0.0
2025-08-16 02:00:00,12.6,0,1.9,0.0
2025-08-16 03:00:00,12.7,0,1.2,0.0
2025-08-16 04:00:00,14.2,0,2.6,50.0
2025-08-16 05:00:00,17.1,0,4.0,188.0
2025-08-16 06:00:00,19.8,0,4.2,352.0
2025-08-16 07:00:00,21.5,0,5.5,510.0
2025-08-16 08:00:00,22.8,0,6.2,643.0
2025-08-16 09:00:00,23.8,0,6.3,736.0
2025-08-16 10:00:00,24.5,0,6.6,785.0
2025-08-16 11:00:00,25.0,0,7.4,786.0
2025-08-16 12:00:00,25.4,0,8.8,737.0
2025-08-16 13:00:00,26.5,0,8.6,644.0
2025-08-16 14:00:00,26.4,0,9.0,515.0
2025-08-16 15:00:00,25.9,0,9.3,360.0
2025-08-16 16:00:00,24.1,0,8.0,198.0
2025-08-16 17:00:00,21.8,0,8.6,58.0
2025-08-16 18:00:00,20.6,0,9.4,0.0
2025-08-16 19:00:00,19.5,0,11.3,0.0
2025-08-16 20:00:00,19.0,0,12.1,0.0
2025-08-16 21:00:00,18.2,0,11.7,0.0
2025-08-16 22:00:00,17.5,0,9.9,0.0
2025-08-16 23:00:00,16.6,0,9.7,0.0
2025-08-17 00:00:00,16.0,0,10.3,0.0
2025-08-17 01:00:00,15.1,0,9.8,0.0
2025-08-17 02:00:00,14.6,0,8.9,0.0
2025-08-17 03:00:00,14.6,0,9.5,0.0
2025-08-17 04:00:00,15.9,0,10.0,48.0
2025-08-17 05:00:00,18.1,0,11.2,186.0
2025-08-17 06:00:00,20.8,0,10.4,349.0
2025-08-17 07:00:00,23.4,0,12.0,504.0
2025-08-17 08:00:00,25.3,0,13.7,632.0
2025-08-17 09:00:00,26.6,0,13.0,722.0
2025-08-17 10:00:00,27.5,1,13.1,770.0
2025-08-17 11:00:00,27.7,20,14.9,741.0
2025-08-17 12:00:00,26.6,51,16.0,599.0
2025-08-17 13:00:00,27.1,55,13.3,539.0
2025-08-17 14:00:00,25.6,25,14.2,387.0
2025-08-17 15:00:00,25.5,68,13.4,304.0
2025-08-17 16:00:00,24.5,39,10.2,114.0
2025-08-17 17:00:00,23.0,24,16.2,45.0
2025-08-17 18:00:00,21.5,13,16.2,0.0
2025-08-17 19:00:00,20.2,32,15.3,0.0
2025-08-17 20:00:00,19.4,17,15.2,0.0
2025-08-17 21:00:00,18.3,21,13.6,0.0
2025-08-17 22:00:00,17.0,50,8.7,0.0
2025-08-17 23:00:00,15.9,61,9.0,0.0
2025-08-18 00:00:00,14.9,93,6.9,0.0
2025-08-18 01:00:00,15.8,100,6.9,0.0
2025-08-18 02:00:00,15.1,100,4.7,0.0
2025-08-18 03:00:00,14.5,100,9.7,0.0
2025-08-18 04:00:00,14.4,100,10.5,30.0
2025-08-18 05:00:00,15.4,96,9.4,121.0
2025-08-18 06:00:00,17.2,100,10.2,287.0
2025-08-18 07:00:00,18.5,99,11.7,434.0
2025-08-18 08:00:00,19.8,21,13.3,610.0
2025-08-18 09:00:00,20.9,26,17.4,727.0
2025-08-18 10:00:00,21.3,51,19.0,663.0
2025-08-18 11:00:00,21.2,74,17.4,488.0
2025-08-18 12:00:00,22.0,76,16.3,528.0
2025-08-18 13:00:00,22.1,56,18.5,547.0
2025-08-18 14:00:00,20.9,24,17.6,289.0
2025-08-18 15:00:00,20.8,70,18.1,310.0
2025-08-18 16:00:00,19.6,25,14.2,132.0
2025-08-18 17:00:00,18.0,6,9.1,49.0
2025-08-18 18:00:00,16.8,32,10.0,0.0
2025-08-18 19:00:00,16.2,46,10.4,0.0
2025-08-18 20:00:00,15.4,15,7.4,0.0
2025-08-18 21:00:00,13.9,3,6.4,0.0
2025-08-18 22:00:00,13.6,10,7.5,0.0
2025-08-18 23:00:00,13.1,7,7.0,0.0
2025-08-19 00:00:00,12.4,3,6.2,0.0
2025-08-19 01:00:00,10.6,0,5.9,0.0
2025-08-19 02:00:00,10.1,0,5.6,0.0
2025-08-19 03:00:00,9.8,0,5.8,0.0
2025-08-19 04:00:00,11.1,0,8.4,43.0
2025-08-19 05:00:00,13.1,0,7.0,179.0
2025-08-19 06:00:00,15.5,0,7.3,343.0
2025-08-19 07:00:00,17.5,0,8.0,501.0
2025-08-19 08:00:00,19.0,0,8.5,635.0
2025-08-19 09:00:00,20.2,51,8.0,733.0
2025-08-19 10:00:00,20.7,74,7.4,683.0
2025-08-19 11:00:00,21.1,0,7.3,695.0
2025-08-19 12:00:00,21.4,48,7.9,713.0
2025-08-19 13:00:00,22.1,5,9.2,609.0
2025-08-19 14:00:00,22.0,65,8.9,497.0
2025-08-19 15:00:00,21.7,4,6.7,346.0
2025-08-19 16:00:00,20.8,46,2.7,167.0
2025-08-19 17:00:00,19.2,100,2.4,39.0
2025-08-19 18:00:00,18.4,72,4.0,0.0
2025-08-19 19:00:00,17.1,10,2.2,0.0
2025-08-19 20:00:00,15.9,15,1.9,0.0
2025-08-19 21:00:00,14.5,13,3.6,0.0
2025-08-19 22:00:00,13.6,82,2.5,0.0
2025-08-19 23:00:00,14.3,77,3.1,0.0
2025-08-20 00:00:00,13.7,4,2.3,0.0
2025-08-20 01:00:00,10.9,4,3.4,0.0
2025-08-20 02:00:00,10.4,3,5.3,0.0
2025-08-20 03:00:00,10.2,15,5.8,0.0
2025-08-20 04:00:00,12.2,0,7.2,41.0
2025-08-20 05:00:00,15.2,0,7.8,176.0
2025-08-20 06:00:00,17.9,0,7.8,339.0
2025-08-20 07:00:00,19.7,0,8.3,496.0
2025-08-20 08:00:00,21.0,0,8.0,630.0
2025-08-20 09:00:00,22.0,5,8.7,727.0
2025-08-20 10:00:00,23.0,94,9.9,779.0
2025-08-20 11:00:00,23.6,92,10.6,756.0
2025-08-20 12:00:00,23.8,89,10.1,646.0
2025-08-20 13:00:00,24.3,96,11.0,541.0
2025-08-20 14:00:00,24.0,51,9.5,364.0
2025-08-20 15:00:00,23.8,61,6.9,257.0
2025-08-20 16:00:00,22.5,55,2.8,111.0
2025-08-20 17:00:00,20.1,30,4.1,35.0
2025-08-20 18:00:00,18.6,9,5.3,0.0
2025-08-20 19:00:00,18.8,4,0.5,0.0
2025-08-20 20:00:00,17.4,6,2.7,0.0
2025-08-20 21:00:00,16.0,12,7.9,0.0
2025-08-20 22:00:00,16.1,15,8.7,0.0
2025-08-20 23:00:00,16.3,10,10.3,0.0
2025-08-21 00:00:00,15.9,10,10.8,0.0
2025-08-21 01:00:00,15.4,40,11.2,0.0
2025-08-21 02:00:00,15.6,1,10.5,0.0
2025-08-21 03:00:00,15.2,7,11.2,0.0
2025-08-21 04:00:00,16.0,10,11.5,37.0
2025-08-21 05:00:00,17.9,0,9.4,164.0
2025-08-21 06:00:00,19.8,0,8.3,327.0
2025-08-21 07:00:00,22.0,0,6.9,485.0
2025-08-21 08:00:00,23.6,0,6.4,618.0
2025-08-21 09:00:00,25.0,28,9.6,713.0
2025-08-21 10:00:00,25.5,21,12.8,652.0
2025-08-21 11:00:00,26.2,8,10.6,688.0
2025-08-21 12:00:00,26.7,38,8.3,679.0
2025-08-21 13:00:00,27.4,64,9.5,571.0
2025-08-21 14:00:00,27.2,34,7.9,401.0
2025-08-21 15:00:00,26.6,29,8.1,300.0
2025-08-21 16:00:00,24.8,18,5.6,156.0
2025-08-21 17:00:00,22.4,46,5.7,35.0
2025-08-21 18:00:00,21.5,30,2.6,0.0
2025-08-21 19:00:00,20.1,73,7.5,0.0
2025-08-21 20:00:00,19.2,70,12.4,0.0
2025-08-21 21:00:00,18.4,74,8.2,0.0
2025-08-21 22:00:00,17.5,100,7.6,0.0
2025-08-21 23:00:00,18.5,99,8.5,0.0
2025-08-22 00:00:00,19.4,100,12.0,0.0
2025-08-22 01:00:00,17.9,100,6.0,0.0
2025-08-22 02:00:00,18.2,99,11.1,0.0
2025-08-22 03:00:00,18.8,100,15.6,0.0
2025-08-22 04:00:00,19.9,86,19.1,19.0
2025-08-22 05:00:00,21.3,86,18.8,120.0
2025-08-22 06:00:00,21.9,47,16.1,165.0
2025-08-22 07:00:00,24.0,26,19.3,434.0
2025-08-22 08:00:00,25.5,40,20.6,596.0
2025-08-22 09:00:00,26.9,86,23.4,698.0
2025-08-22 10:00:00,27.8,100,23.5,659.0
2025-08-22 11:00:00,27.6,95,23.9,494.0
2025-08-22 12:00:00,25.6,100,17.6,404.0
2025-08-22 13:00:00,22.6,100,9.0,368.0
2025-08-22 14:00:00,22.1,100,2.2,216.0
2025-08-22 15:00:00,21.0,99,3.3,92.0
2025-08-22 16:00:00,20.8,100,6.4,94.0
2025-08-22 17:00:00,18.9,100,13.2,21.0
2025-08-22 18:00:00,18.4,100,8.7,0.0
2025-08-22 19:00:00,17.8,100,8.7,0.0
2025-08-22 20:00:00,17.4,100,10.8,0.0
2025-08-22 21:00:00,17.0,100,15.5,0.0
2025-08-22 22:00:00,16.4,100,17.2,0.0
2025-08-22 23:00:00,15.8,100,16.4,0.0
2025-08-23 00:00:00,15.6,100,14.5,0.0
2025-08-23 01:00:00,14.9,100,15.6,0.0
2025-08-23 02:00:00,14.8,100,16.5,0.0
2025-08-23 03:00:00,14.6,100,18.9,0.0
2025-08-23 04:00:00,14.6,100,18.9,6.0
2025-08-23 05:00:00,15.0,100,20.2,45.0
2025-08-23 06:00:00,15.8,100,18.4,129.0
2025-08-23 07:00:00,17.0,86,19.3,335.0
2025-08-23 08:00:00,18.5,21,20.0,551.0
2025-08-23 09:00:00,20.0,1,21.1,723.0
2025-08-23 10:00:00,21.2,23,19.8,773.0
2025-08-23 11:00:00,21.5,60,18.9,686.0
2025-08-23 12:00:00,21.5,76,18.3,537.0
2025-08-23 13:00:00,21.3,74,16.3,437.0
2025-08-23 14:00:00,20.9,83,15.4,275.0
2025-08-23 15:00:00,20.2,43,15.4,206.0
2025-08-23 16:00:00,19.3,61,14.9,119.0
2025-08-23 17:00:00,18.0,55,17.2,26.0
2025-08-23 18:00:00,16.5,59,12.6,0.0
2025-08-23 19:00:00,15.4,1,9.2,0.0
2025-08-23 20:00:00,14.6,99,7.6,0.0
2025-08-23 21:00:00,15.1,99,10.0,0.0
2025-08-23 22:00:00,15.2,52,11.4,0.0
2025-08-23 23:00:00,14.1,7,13.2,0.0
2025-08-24 00:00:00,13.0,25,11.6,0.0
2025-08-24 01:00:00,12.1,43,10.7,0.0
2025-08-24 02:00:00,11.2,29,10.1,0.0
2025-08-24 03:00:00,10.8,86,9.7,0.0
2025-08-24 04:00:00,11.4,1,9.7,29.0
2025-08-24 05:00:00,13.0,2,8.9,162.0
2025-08-24 06:00:00,14.8,0,10.3,326.0
2025-08-24 07:00:00,16.5,29,9.0,483.0
2025-08-24 08:00:00,17.5,87,15.1,593.0
2025-08-24 09:00:00,16.7,100,15.7,437.0
2025-08-24 10:00:00,15.0,99,19.0,218.0
2025-08-24 11:00:00,14.6,61,12.1,208.0
2025-08-24 12:00:00,16.4,100,10.0,497.0
2025-08-24 13:00:00,14.1,100,18.4,173.0
2025-08-24 14:00:00,12.5,100,20.6,96.0
2025-08-24 15:00:00,11.4,100,18.2,36.0
2025-08-24 16:00:00,11.4,96,16.7,51.0
2025-08-24 17:00:00,10.8,70,16.2,24.0
2025-08-24 18:00:00,10.2,100,15.8,0.0
2025-08-24 19:00:00,10.7,92,14.4,0.0
2025-08-24 20:00:00,10.8,69,17.3,0.0
2025-08-24 21:00:00,10.0,0,16.0,0.0
2025-08-24 22:00:00,9.6,0,14.8,0.0
2025-08-24 23:00:00,9.4,1,14.4,0.0
2025-08-25 00:00:00,9.4,2,16.2,0.0
2025-08-25 01:00:00,9.0,0,16.1,0.0
2025-08-25 02:00:00,8.9,0,15.3,0.0
2025-08-25 03:00:00,8.9,0,15.4,0.0
2025-08-25 04:00:00,9.4,0,16.2,30.0
2025-08-25 05:00:00,11.1,0,14.3,159.0
2025-08-25 06:00:00,13.1,0,16.2,322.0
2025-08-25 07:00:00,15.1,0,16.9,481.0
2025-08-25 08:00:00,16.9,15,18.3,615.0
2025-08-25 09:00:00,18.1,19,19.7,665.0
2025-08-25 10:00:00,19.0,36,20.7,675.0
2025-08-25 11:00:00,19.5,98,22.5,660.0
2025-08-25 12:00:00,19.2,60,21.1,467.0
2025-08-25 13:00:00,19.2,100,22.3,448.0
2025-08-25 14:00:00,18.7,83,22.0,274.0
2025-08-25 15:00:00,18.3,9,19.9,292.0
2025-08-25 16:00:00,17.1,11,15.5,145.0
2025-08-25 17:00:00,15.9,14,16.5,29.0
2025-08-25 18:00:00,15.3,22,16.5,0.0
2025-08-25 19:00:00,13.8,34,11.9,0.0
2025-08-25 20:00:00,13.0,8,12.3,0.0
2025-08-25 21:00:00,12.4,48,12.4,0.0
2025-08-25 22:00:00,12.0,100,12.1,0.0
2025-08-25 23:00:00,11.9,17,12.5,0.0
2025-08-26 00:00:00,11.3,96,12.5,0.0
2025-08-26 01:00:00,10.8,75,12.3,0.0
2025-08-26 02:00:00,10.8,98,13.9,0.0
2025-08-26 03:00:00,11.2,97,13.1,0.0
2025-08-26 04:00:00,11.0,87,11.7,14.0
2025-08-26 05:00:00,12.2,63,12.9,95.0
2025-08-26 06:00:00,14.1,36,12.9,290.0
2025-08-26 07:00:00,15.8,100,15.4,440.0
2025-08-26 08:00:00,15.2,89,18.9,370.0
2025-08-26 09:00:00,17.0,23,18.0,481.0
2025-08-26 10:00:00,18.0,100,22.6,600.0
2025-08-26 11:00:00,15.1,59,19.8,444.0
2025-08-26 12:00:00,17.5,39,19.3,474.0
2025-08-26 13:00:00,18.0,21,18.7,485.0
2025-08-26 14:00:00,18.2,35,18.3,437.0
2025-08-26 15:00:00,17.8,13,14.6,285.0
2025-08-26 16:00:00,16.5,21,7.5,144.0
2025-08-26 17:00:00,14.1,48,5.9,26.0
2025-08-26 18:00:00,13.2,99,7.2,0.0
2025-08-26 19:00:00,12.6,100,6.8,0.0
2025-08-26 20:00:00,12.4,63,7.1,0.0
2025-08-26 21:00:00,11.6,97,8.6,0.0
2025-08-26 22:00:00,11.2,0,8.3,0.0
2025-08-26 23:00:00,10.6,90,9.6,0.0
2025-08-27 00:00:00,10.8,96,11.3,0.0
2025-08-27 01:00:00,9.7,61,9.4,0.0
2025-08-27 02:00:00,10.6,99,10.4,0.0
2025-08-27 03:00:00,12.9,90,12.5,0.0
2025-08-27 04:00:00,13.4,100,10.6,18.0
2025-08-27 05:00:00,14.3,65,11.2,80.0
2025-08-27 06:00:00,16.0,43,9.8,227.0
2025-08-27 07:00:00,18.1,100,12.4,412.0
2025-08-27 08:00:00,19.5,100,13.1,535.0
2025-08-27 09:00:00,20.5,88,14.1,617.0
2025-08-27 10:00:00,21.6,100,12.5,729.0
2025-08-27 11:00:00,22.2,100,10.3,732.0
2025-08-27 12:00:00,22.5,99,11.5,645.0
2025-08-27 13:00:00,22.4,99,12.3,279.0
2025-08-27 14:00:00,22.6,100,13.3,402.0
2025-08-27 15:00:00,21.4,100,10.9,243.0
2025-08-27 16:00:00,19.5,26,9.3,98.0
2025-08-27 17:00:00,17.3,64,9.0,24.0
2025-08-27 18:00:00,16.2,0,8.9,0.0
2025-08-27 19:00:00,15.1,0,10.7,0.0
2025-08-27 20:00:00,14.5,0,11.5,0.0
2025-08-27 21:00:00,13.8,0,10.0,0.0
2025-08-27 22:00:00,13.2,0,9.5,0.0
2025-08-27 23:00:00,12.6,0,9.1,0.0
2025-08-28 00:00:00,12.2,0,8.9,0.0
2025-08-28 01:00:00,10.9,0,8.3,0.0
2025-08-28 02:00:00,10.6,0,7.4,0.0
2025-08-28 03:00:00,10.1,0,6.8,0.0
2025-08-28 04:00:00,10.9,0,8.4,25.0
2025-08-28 05:00:00,13.1,0,7.5,149.0
2025-08-28 06:00:00,15.7,0,5.5,311.0
2025-08-28 07:00:00,18.3,0,6.3,468.0
2025-08-28 08:00:00,20.5,0,7.0,601.0
2025-08-28 09:00:00,22.1,0,6.6,697.0
2025-08-28 10:00:00,23.2,0,6.1,746.0
2025-08-28 11:00:00,23.8,2,5.4,745.0
2025-08-28 12:00:00,24.2,11,6.3,694.0
2025-08-28 13:00:00,25.7,14,6.3,596.0
2025-08-28 14:00:00,25.3,0,8.4,462.0
2025-08-28 15:00:00,24.2,0,9.3,305.0
2025-08-28 16:00:00,21.9,0,6.1,145.0
2025-08-28 17:00:00,19.5,0,9.1,23.0
2025-08-28 18:00:00,18.9,0,11.4,0.0
2025-08-28 19:00:00,18.5,0,13.6,0.0
2025-08-28 20:00:00,18.0,0,13.7,0.0
2025-08-28 21:00:00,17.8,0,14.2,0.0
2025-08-28 22:00:00,17.9,0,15.2,0.0
2025-08-28 23:00:00,17.4,0,15.5,0.0
2025-08-29 00:00:00,16.9,0,14.9,0.0
2025-08-29 01:00:00,16.2,0,13.6,0.0
2025-08-29 02:00:00,15.8,0,12.0,0.0
2025-08-29 03:00:00,15.1,0,11.0,0.0
2025-08-29 04:00:00,15.1,0,11.9,24.0
2025-08-29 05:00:00,16.9,0,13.2,149.0
2025-08-29 06:00:00,19.1,0,11.2,314.0
2025-08-29 07:00:00,21.8,0,11.3,474.0
2025-08-29 08:00:00,24.0,0,13.8,608.0
2025-08-29 09:00:00,25.5,0,16.9,705.0
2025-08-29 10:00:00,26.3,0,20.5,754.0
2025-08-29 11:00:00,26.8,0,21.2,752.0
2025-08-29 12:00:00,27.2,0,21.1,698.0
2025-08-29 13:00:00,28.4,0,19.9,601.0
2025-08-29 14:00:00,27.9,0,17.1,466.0
2025-08-29 15:00:00,26.5,0,13.3,307.0
2025-08-29 16:00:00,24.2,0,11.6,144.0
2025-08-29 17:00:00,22.2,0,13.8,22.0
2025-08-29 18:00:00,21.4,0,14.7,0.0
2025-08-29 19:00:00,20.8,0,15.2,0.0
2025-08-29 20:00:00,20.3,0,15.7,0.0
2025-08-29 21:00:00,20.0,0,16.1,0.0
2025-08-29 22:00:00,19.3,0,15.0,0.0
2025-08-29 23:00:00,18.2,0,12.4,0.0
2025-08-30 00:00:00,17.2,0,11.3,0.0
2025-08-30 01:00:00,16.1,0,11.5,0.0
2025-08-30 02:00:00,15.7,0,10.9,0.0
2025-08-30 03:00:00,15.1,0,10.7,0.0
2025-08-30 04:00:00,15.3,0,10.7,23.0
2025-08-30 05:00:00,17.2,0,10.9,148.0
2025-08-30 06:00:00,19.8,0,8.6,312.0
2025-08-30 07:00:00,22.6,0,11.0,472.0
2025-08-30 08:00:00,25.3,0,12.5,606.0
2025-08-30 09:00:00,27.0,0,14.5,704.0
2025-08-30 10:00:00,28.0,0,15.8,753.0
2025-08-30 11:00:00,28.5,0,16.6,751.0
2025-08-30 12:00:00,28.6,0,15.3,696.0
2025-08-30 13:00:00,29.6,0,15.1,596.0
2025-08-30 14:00:00,29.2,0,11.3,460.0
2025-08-30 15:00:00,28.0,0,6.0,300.0
2025-08-30 16:00:00,25.9,0,3.1,138.0
2025-08-30 17:00:00,23.0,0,11.1,19.0
2025-08-30 18:00:00,22.4,0,10.4,0.0
2025-08-30 19:00:00,21.0,0,9.3,0.0
2025-08-30 20:00:00,20.1,0,8.3,0.0
2025-08-30 21:00:00,18.9,0,7.8,0.0
2025-08-30 22:00:00,18.1,0,7.8,0.0
2025-08-30 23:00:00,17.1,0,7.4,0.0
2025-08-31 00:00:00,17.2,0,8.1,0.0
2025-08-31 01:00:00,15.8,0,7.3,0.0
2025-08-31 02:00:00,15.9,0,8.5,0.0
2025-08-31 03:00:00,15.7,2,8.2,0.0
2025-08-31 04:00:00,16.2,9,6.6,20.0
2025-08-31 05:00:00,18.6,8,4.0,137.0
2025-08-31 06:00:00,21.0,6,2.8,295.0
2025-08-31 07:00:00,23.5,1,4.8,451.0
2025-08-31 08:00:00,25.6,4,5.5,588.0
2025-08-31 09:00:00,27.1,1,8.3,682.0
2025-08-31 10:00:00,27.9,0,10.1,731.0
2025-08-31 11:00:00,28.5,0,10.4,728.0
2025-08-31 12:00:00,28.9,0,9.6,676.0
2025-08-31 13:00:00,29.6,0,12.2,575.0
2025-08-31 14:00:00,29.2,0,11.6,441.0
2025-08-31 15:00:00,28.4,0,7.9,285.0
2025-08-31 16:00:00,26.1,0,4.7,128.0
2025-08-31 17:00:00,23.8,0,6.0,16.0
2025-08-31 18:00:00,22.4,0,6.2,0.0
2025-08-31 19:00:00,21.0,0,6.6,0.0
2025-08-31 20:00:00,20.8,15,7.5,0.0
2025-08-31 21:00:00,20.6,38,8.6,0.0
2025-08-31 22:00:00,20.1,42,8.3,0.0
2025-08-31 23:00:00,18.6,91,6.1,0.0
2025-09-01 00:00:00,18.8,55,2.8,0.0
2025-09-01 01:00:00,17.5,88,5.0,0.0
2025-09-01 02:00:00,16.9,100,5.7,0.0
2025-09-01 03:00:00,16.6,56,7.7,0.0
2025-09-01 04:00:00,17.0,99,8.0,17.0
2025-09-01 05:00:00,18.9,99,6.7,119.0
2025-09-01 06:00:00,21.3,74,5.4,268.0
2025-09-01 07:00:00,23.5,98,6.1,408.0
2025-09-01 08:00:00,25.4,84,5.8,487.0
2025-09-01 09:00:00,26.5,99,5.7,552.0
2025-09-01 10:00:00,27.2,100,6.3,600.0
2025-09-01 11:00:00,27.5,46,9.1,538.0
2025-09-01 12:00:00,27.0,78,5.6,501.0
2025-09-01 13:00:00,24.4,100,12.6,400.0
2025-09-01 14:00:00,20.5,100,7.3,136.0
2025-09-01 15:00:00,21.7,99,6.8,113.0
2025-09-01 16:00:00,21.8,28,10.8,99.0
2025-09-01 17:00:00,21.3,29,12.2,14.0
2025-09-01 18:00:00,22.4,42,15.2,0.0
2025-09-01 19:00:00,22.7,30,16.2,0.0
2025-09-01 20:00:00,22.3,3,18.0,0.0
2025-09-01 21:00:00,21.4,1,16.2,0.0
2025-09-01 22:00:00,20.6,5,16.7,0.0
2025-09-01 23:00:00,20.0,0,17.3,0.0
2025-09-02 00:00:00,19.4,0,16.6,0.0
2025-09-02 01:00:00,18.7,3,15.6,0.0
2025-09-02 02:00:00,18.0,0,14.7,0.0
2025-09-02 03:00:00,17.4,0,14.6,0.0
2025-09-02 04:00:00,17.1,0,14.2,17.0
2025-09-02 05:00:00,18.0,0,13.9,130.0
2025-09-02 06:00:00,19.2,0,14.6,287.0
2025-09-02 07:00:00,20.6,0,14.4,441.0
2025-09-02 08:00:00,22.2,0,14.2,574.0
2025-09-02 09:00:00,23.5,0,15.4,672.0
2025-09-02 10:00:00,24.4,27,16.0,726.0
2025-09-02 11:00:00,25.0,57,16.5,727.0
2025-09-02 12:00:00,25.1,20,16.0,679.0
2025-09-02 13:00:00,25.6,0,15.1,580.0
2025-09-02 14:00:00,25.0,0,14.9,444.0
2025-09-02 15:00:00,24.1,0,13.2,285.0
2025-09-02 16:00:00,22.2,0,9.8,124.0
2025-09-02 17:00:00,20.0,0,9.1,13.0
2025-09-02 18:00:00,18.9,0,9.5,0.0
2025-09-02 19:00:00,18.2,0,10.4,0.0
2025-09-02 20:00:00,17.4,0,10.0,0.0
2025-09-02 21:00:00,16.5,0,8.1,0.0
2025-09-02 22:00:00,15.7,0,7.5,0.0
2025-09-02 23:00:00,15.1,0,7.3,0.0
2025-09-03 00:00:00,14.4,0,6.5,0.0
2025-09-03 01:00:00,13.0,0,6.3,0.0
2025-09-03 02:00:00,12.5,0,6.1,0.0
2025-09-03 03:00:00,12.4,0,7.3,0.0
2025-09-03 04:00:00,12.8,0,7.8,17.0
2025-09-03 05:00:00,14.9,0,6.8,134.0
2025-09-03 06:00:00,17.0,0,5.3,298.0
2025-09-03 07:00:00,19.1,0,4.8,457.0
2025-09-03 08:00:00,20.8,0,6.9,591.0
2025-09-03 09:00:00,21.7,0,8.1,687.0
2025-09-03 10:00:00,22.5,0,7.8,736.0
2025-09-03 11:00:00,23.1,0,7.0,735.0
2025-09-03 12:00:00,23.6,0,6.6,682.0
2025-09-03 13:00:00,24.5,1,8.0,583.0
2025-09-03 14:00:00,24.3,19,8.1,446.0
2025-09-03 15:00:00,23.4,6,8.3,284.0
2025-09-03 16:00:00,20.9,0,5.6,122.0
2025-09-03 17:00:00,18.2,0,6.9,12.0
2025-09-03 18:00:00,17.1,0,6.4,0.0
2025-09-03 19:00:00,16.5,0,5.9,0.0
2025-09-03 20:00:00,15.9,0,4.2,0.0
2025-09-03 21:00:00,15.1,1,3.9,0.0
2025-09-03 22:00:00,14.3,0,4.4,0.0
2025-09-03 23:00:00,13.9,0,3.5,0.0
2025-09-04 00:00:00,13.4,0,4.3,0.0
2025-09-04 01:00:00,11.9,0,3.3,0.0
2025-09-04 02:00:00,11.4,0,3.3,0.0
2025-09-04 03:00:00,11.1,1,2.3,0.0
2025-09-04 04:00:00,11.4,15,3.5,15.0
2025-09-04 05:00:00,13.8,1,5.6,121.0
2025-09-04 06:00:00,17.1,0,3.8,295.0
2025-09-04 07:00:00,19.6,0,3.6,455.0
2025-09-04 08:00:00,21.5,0,4.7,589.0
2025-09-04 09:00:00,22.6,0,6.4,684.0
2025-09-04 10:00:00,23.4,0,7.3,732.0
2025-09-04 11:00:00,24.0,0,7.2,729.0
2025-09-04 12:00:00,24.4,0,7.3,675.0
2025-09-04 13:00:00,25.4,0,6.9,572.0
2025-09-04 14:00:00,25.1,0,7.3,435.0
2025-09-04 15:00:00,24.3,0,7.2,275.0
2025-09-04 16:00:00,21.5,0,5.4,115.0
2025-09-04 17:00:00,19.0,0,6.9,10.0
2025-09-04 18:00:00,17.9,0,6.7,0.0
2025-09-04 19:00:00,17.0,0,4.7,0.0
2025-09-04 20:00:00,15.9,0,6.1,0.0
2025-09-04 21:00:00,15.6,0,7.7,0.0
2025-09-04 22:00:00,15.6,0,9.0,0.0
2025-09-04 23:00:00,14.9,0,8.5,0.0
2025-09-05 00:00:00,13.9,0,7.2,0.0
2025-09-05 01:00:00,12.4,0,7.4,0.0
2025-09-05 02:00:00,11.9,0,6.9,0.0
2025-09-05 03:00:00,11.5,0,6.4,0.0
2025-09-05 04:00:00,12.0,0,7.3,14.0
2025-09-05 05:00:00,14.2,0,7.9,126.0
2025-09-05 06:00:00,16.6,0,7.2,286.0
2025-09-05 07:00:00,18.6,0,8.3,442.0
2025-09-05 08:00:00,20.0,0,9.9,574.0
2025-09-05 09:00:00,20.9,0,10.0,668.0
2025-09-05 10:00:00,21.6,0,9.6,717.0
2025-09-05 11:00:00,22.2,0,9.3,714.0
2025-09-05 12:00:00,22.5,0,9.6,661.0
2025-09-05 13:00:00,23.5,0,10.2,564.0
2025-09-05 14:00:00,23.0,0,10.6,427.0
2025-09-05 15:00:00,22.1,0,9.7,268.0
2025-09-05 16:00:00,20.0,0,5.0,109.0
2025-09-05 17:00:00,17.6,0,5.8,8.0
2025-09-05 18:00:00,16.6,0,7.0,0.0
2025-09-05 19:00:00,16.2,0,8.1,0.0
2025-09-05 20:00:00,15.3,0,6.5,0.0
2025-09-05 21:00:00,14.8,0,5.6,0.0
2025-09-05 22:00:00,14.1,0,6.0,0.0
2025-09-05 23:00:00,13.6,0,5.9,0.0
2025-09-06 00:00:00,13.2,0,5.8,0.0
2025-09-06 01:00:00,11.9,0,4.5,0.0
2025-09-06 02:00:00,11.8,0,2.9,0.0
2025-09-06 03:00:00,11.4,0,2.3,0.0
2025-09-06 04:00:00,11.8,0,3.2,12.0
2025-09-06 05:00:00,14.6,0,6.0,119.0
2025-09-06 06:00:00,17.5,1,5.7,275.0
2025-09-06 07:00:00,19.3,1,7.7,429.0
2025-09-06 08:00:00,20.5,0,10.4,559.0
2025-09-06 09:00:00,21.2,0,12.1,652.0
2025-09-06 10:00:00,22.0,2,12.7,698.0
2025-09-06 11:00:00,22.6,3,12.7,695.0
2025-09-06 12:00:00,22.9,2,12.6,645.0
2025-09-06 13:00:00,23.2,32,12.4,533.0
2025-09-06 14:00:00,22.8,14,12.4,403.0
2025-09-06 15:00:00,22.0,0,12.7,252.0
2025-09-06 16:00:00,20.3,1,9.0,101.0
2025-09-06 17:00:00,18.5,0,8.4,7.0
2025-09-06 18:00:00,17.7,0,8.8,0.0
2025-09-06 19:00:00,16.8,0,8.5,0.0
2025-09-06 20:00:00,15.8,0,7.5,0.0
2025-09-06 21:00:00,14.9,0,6.9,0.0
2025-09-06 22:00:00,13.9,0,6.4,0.0
2025-09-06 23:00:00,13.3,0,6.3,0.0
2025-09-07 00:00:00,12.9,0,6.4,0.0
2025-09-07 01:00:00,11.5,0,6.8,0.0
2025-09-07 02:00:00,11.2,0,7.3,0.0
2025-09-07 03:00:00,11.0,0,8.0,0.0
2025-09-07 04:00:00,11.4,0,8.9,11.0
2025-09-07 05:00:00,13.5,0,10.1,117.0
2025-09-07 06:00:00,15.8,0,9.7,274.0
2025-09-07 07:00:00,17.9,0,9.6,432.0
2025-09-07 08:00:00,19.6,0,12.0,564.0
2025-09-07 09:00:00,20.9,5,13.2,659.0
2025-09-07 10:00:00,21.9,96,14.9,698.0
2025-09-07 11:00:00,22.4,35,14.2,644.0
2025-09-07 12:00:00,22.6,95,17.2,595.0
2025-09-07 13:00:00,22.5,82,17.9,483.0
2025-09-07 14:00:00,21.8,67,15.6,308.0
2025-09-07 15:00:00,21.5,32,12.4,165.0
2025-09-07 16:00:00,20.3,98,13.0,73.0
2025-09-07 17:00:00,18.9,11,9.3,4.0
2025-09-07 18:00:00,17.7,70,9.7,0.0
2025-09-07 19:00:00,16.9,16,9.7,0.0
2025-09-07 20:00:00,16.5,68,10.7,0.0
2025-09-07 21:00:00,16.7,65,12.4,0.0
2025-09-07 22:00:00,16.6,2,11.9,0.0
2025-09-07 23:00:00,15.4,0,10.9,0.0
2025-09-08 00:00:00,14.9,0,10.1,0.0
2025-09-08 01:00:00,12.9,0,9.2,0.0
2025-09-08 02:00:00,12.6,0,9.7,0.0
2025-09-08 03:00:00,12.4,0,10.2,0.0
2025-09-08 04:00:00,12.4,0,10.8,10.0
2025-09-08 05:00:00,14.2,0,11.6,114.0
2025-09-08 06:00:00,16.4,0,10.9,270.0
2025-09-08 07:00:00,18.6,0,10.6,425.0
2025-09-08 08:00:00,20.5,0,10.8,555.0
2025-09-08 09:00:00,22.1,5,12.0,647.0
2025-09-08 10:00:00,23.0,26,13.1,648.0
2025-09-08 11:00:00,23.2,21,12.9,598.0
2025-09-08 12:00:00,23.3,47,12.1,545.0
2025-09-08 13:00:00,23.9,18,11.7,444.0
2025-09-08 14:00:00,18.8,81,20.0,309.0
2025-09-08 15:00:00,18.9,25,6.2,141.0
2025-09-08 16:00:00,18.5,18,9.7,81.0
2025-09-08 17:00:00,17.5,15,9.9,4.0
2025-09-08 18:00:00,16.5,6,9.8,0.0
2025-09-08 19:00:00,15.9,1,10.8,0.0
2025-09-08 20:00:00,15.5,0,10.9,0.0
2025-09-08 21:00:00,15.2,0,11.0,0.0
2025-09-08 22:00:00,14.9,0,10.6,0.0
2025-09-08 23:00:00,14.6,1,10.8,0.0
2025-09-09 00:00:00,14.4,0,10.4,0.0
2025-09-09 01:00:00,13.7,0,10.1,0.0
2025-09-09 02:00:00,13.4,5,10.3,0.0
2025-09-09 03:00:00,13.2,6,9.6,0.0
2025-09-09 04:00:00,13.4,0,10.3,9.0
2025-09-09 05:00:00,15.0,0,10.2,108.0
2025-09-09 06:00:00,17.0,0,10.0,263.0
2025-09-09 07:00:00,19.0,1,10.9,416.0
2025-09-09 08:00:00,21.0,1,11.7,546.0
2025-09-09 09:00:00,22.5,0,13.3,639.0
2025-09-09 10:00:00,23.7,2,14.5,684.0
2025-09-09 11:00:00,24.4,6,15.0,677.0
2025-09-09 12:00:00,24.5,10,14.9,613.0
2025-09-09 13:00:00,24.7,27,12.7,503.0
2025-09-09 14:00:00,24.6,33,12.0,353.0
2025-09-09 15:00:00,23.2,33,10.1,221.0
2025-09-09 16:00:00,21.1,49,6.7,69.0
2025-09-09 17:00:00,20.4,61,11.0,3.0
2025-09-09 18:00:00,19.4,52,11.0,0.0
2025-09-09 19:00:00,18.6,14,11.9,0.0
2025-09-09 20:00:00,17.6,16,8.7,0.0
2025-09-09 21:00:00,16.8,14,7.0,0.0
2025-09-09 22:00:00,15.9,19,6.2,0.0
2025-09-09 23:00:00,15.4,32,6.7,0.0
2025-09-10 00:00:00,15.1,87,6.6,0.0
2025-09-10 01:00:00,15.0,100,5.3,0.0
2025-09-10 02:00:00,15.9,100,1.3,0.0
2025-09-10 03:00:00,15.4,100,4.5,0.0
2025-09-10 04:00:00,14.8,100,5.6,7.0
2025-09-10 05:00:00,16.5,2,6.8,92.0
2025-09-10 06:00:00,18.8,25,8.9,257.0
2025-09-10 07:00:00,20.9,18,6.6,411.0
2025-09-10 08:00:00,22.5,16,6.7,534.0
2025-09-10 09:00:00,23.5,8,7.6,627.0
2025-09-10 10:00:00,24.3,11,11.1,674.0
2025-09-10 11:00:00,24.7,48,12.1,673.0
2025-09-10 12:00:00,24.6,45,13.4,591.0
2025-09-10 13:00:00,24.6,44,11.7,461.0
2025-09-10 14:00:00,24.0,60,13.9,324.0
2025-09-10 15:00:00,22.5,29,12.1,187.0
2025-09-10 16:00:00,21.2,9,7.2,72.0
2025-09-10 17:00:00,18.9,6,6.4,3.0
2025-09-10 18:00:00,18.2,3,7.9,0.0
2025-09-10 19:00:00,17.9,1,9.0,0.0
2025-09-10 20:00:00,17.0,0,8.7,0.0
2025-09-10 21:00:00,16.8,0,10.7,0.0
2025-09-10 22:00:00,16.7,0,12.4,0.0
2025-09-10 23:00:00,16.4,0,13.5,0.0
2025-09-11 00:00:00,15.8,0,13.9,0.0
2025-09-11 01:00:00,14.5,0,13.8,0.0
2025-09-11 02:00:00,14.1,0,14.0,0.0
2025-09-11 03:00:00,13.7,1,13.2,0.0
2025-09-11 04:00:00,13.4,4,12.9,7.0
2025-09-11 05:00:00,14.7,0,13.2,105.0
2025-09-11 06:00:00,16.4,0,14.3,265.0
2025-09-11 07:00:00,18.0,0,14.5,425.0
2025-09-11 08:00:00,19.7,28,13.8,560.0
2025-09-11 09:00:00,21.0,22,15.0,652.0
2025-09-11 10:00:00,21.7,12,16.1,703.0
2025-09-11 11:00:00,22.1,27,15.1,700.0
2025-09-11 12:00:00,22.5,17,15.4,643.0
2025-09-11 13:00:00,23.2,72,15.9,535.0
2025-09-11 14:00:00,23.0,85,15.5,378.0
2025-09-11 15:00:00,22.0,44,11.1,212.0
2025-09-11 16:00:00,19.6,55,9.2,79.0
2025-09-11 17:00:00,18.0,94,15.8,2.0
2025-09-11 18:00:00,17.8,94,18.3,0.0
2025-09-11 19:00:00,17.4,100,17.3,0.0
2025-09-11 20:00:00,17.3,99,17.9,0.0
2025-09-11 21:00:00,16.7,100,16.7,0.0
2025-09-11 22:00:00,16.4,98,16.5,0.0
2025-09-11 23:00:00,15.8,91,15.7,0.0
2025-09-12 00:00:00,15.4,86,14.7,0.0
2025-09-12 01:00:00,14.4,14,13.9,0.0
2025-09-12 02:00:00,13.7,26,12.9,0.0
2025-09-12 03:00:00,13.2,100,12.4,0.0
2025-09-12 04:00:00,13.6,100,12.8,5.0
2025-09-12 05:00:00,14.4,99,12.9,57.0
2025-09-12 06:00:00,15.9,100,12.5,228.0
2025-09-12 07:00:00,17.0,100,12.1,238.0
2025-09-12 08:00:00,18.4,100,11.9,280.0
2025-09-12 09:00:00,19.9,100,13.1,379.0
2025-09-12 10:00:00,20.6,100,13.0,365.0
2025-09-12 11:00:00,21.1,100,13.5,341.0
2025-09-12 12:00:00,21.0,100,10.9,224.0
2025-09-12 13:00:00,22.2,100,8.7,191.0
2025-09-12 14:00:00,21.8,100,4.6,141.0
2025-09-12 15:00:00,20.9,100,1.8,70.0
2025-09-12 16:00:00,19.4,100,1.7,20.0
2025-09-12 17:00:00,18.3,100,7.4,1.0
2025-09-12 18:00:00,17.9,100,8.6,0.0
2025-09-12 19:00:00,17.0,100,7.6,0.0
2025-09-12 20:00:00,17.0,100,9.1,0.0
2025-09-12 21:00:00,17.1,100,10.2,0.0
2025-09-12 22:00:00,17.1,100,10.7,0.0
2025-09-12 23:00:00,16.9,100,9.6,0.0
2025-09-13 00:00:00,16.5,100,9.8,0.0
2025-09-13 01:00:00,15.7,100,7.6,0.0
2025-09-13 02:00:00,15.1,99,3.1,0.0
2025-09-13 03:00:00,13.9,99,3.3,0.0
2025-09-13 04:00:00,13.9,100,5.2,3.0
2025-09-13 05:00:00,14.9,100,8.1,47.0
2025-09-13 06:00:00,16.1,99,9.9,139.0
2025-09-13 07:00:00,18.0,74,10.7,329.0
2025-09-13 08:00:00,20.0,6,10.8,525.0
2025-09-13 09:00:00,21.8,40,11.5,644.0
2025-09-13 10:00:00,22.8,87,12.1,669.0
2025-09-13 11:00:00,23.1,86,12.7,587.0
2025-09-13 12:00:00,23.3,74,12.6,472.0
2025-09-13 13:00:00,24.2,61,11.9,414.0
2025-09-13 14:00:00,23.8,28,12.3,353.0
2025-09-13 15:00:00,22.5,98,9.7,194.0
2025-09-13 16:00:00,20.3,92,17.6,48.0
2025-09-13 17:00:00,19.0,95,20.4,1.0
2025-09-13 18:00:00,17.9,100,18.8,0.0
2025-09-13 19:00:00,17.0,100,18.3,0.0
2025-09-13 20:00:00,16.4,100,17.5,0.0
2025-09-13 21:00:00,15.8,100,16.9,0.0
2025-09-13 22:00:00,15.1,99,15.7,0.0
2025-09-13 23:00:00,14.3,6,14.4,0.0
2025-09-14 00:00:00,13.5,0,13.7,0.0
2025-09-14 01:00:00,12.4,12,13.3,0.0
2025-09-14 02:00:00,11.9,55,13.4,0.0
2025-09-14 03:00:00,11.4,85,13.1,0.0
2025-09-14 04:00:00,11.2,100,12.6,5.0
2025-09-14 05:00:00,12.5,63,13.4,93.0
2025-09-14 06:00:00,14.4,5,12.5,256.0
2025-09-14 07:00:00,16.4,0,14.2,419.0
2025-09-14 08:00:00,18.4,0,16.7,552.0
2025-09-14 09:00:00,19.4,0,18.8,646.0
2025-09-14 10:00:00,19.9,0,19.7,691.0
2025-09-14 11:00:00,20.2,0,19.7,685.0
2025-09-14 12:00:00,20.4,0,19.6,629.0
2025-09-14 13:00:00,21.0,0,19.2,524.0
2025-09-14 14:00:00,20.5,2,19.2,385.0
2025-09-14 15:00:00,19.6,0,15.8,224.0
2025-09-14 16:00:00,17.9,0,12.4,70.0
2025-09-14 17:00:00,16.2,0,11.3,1.0
2025-09-14 18:00:00,15.6,0,12.0,0.0
2025-09-14 19:00:00,15.2,0,11.1,0.0
2025-09-14 20:00:00,14.6,19,12.3,0.0
2025-09-14 21:00:00,14.5,100,15.1,0.0
2025-09-14 22:00:00,14.3,100,14.0,0.0
2025-09-14 23:00:00,14.1,100,12.9,0.0
2025-09-15 00:00:00,13.6,98,13.6,0.0
2025-09-15 01:00:00,12.2,100,12.8,0.0
2025-09-15 02:00:00,11.8,100,13.3,0.0
2025-09-15 03:00:00,11.6,76,13.9,0.0
2025-09-15 04:00:00,11.6,100,14.0,4.0
2025-09-15 05:00:00,13.1,100,16.3,80.0
2025-09-15 06:00:00,14.7,100,15.2,171.0
2025-09-15 07:00:00,16.5,100,17.6,273.0
2025-09-15 08:00:00,18.2,100,20.4,401.0
2025-09-15 09:00:00,19.9,100,22.1,539.0
2025-09-15 10:00:00,21.0,90,23.1,624.0
2025-09-15 11:00:00,21.5,55,22.1,640.0
2025-09-15 12:00:00,21.9,100,19.5,596.0
2025-09-15 13:00:00,22.5,100,18.8,398.0
2025-09-15 14:00:00,22.0,90,15.4,209.0
2025-09-15 15:00:00,21.0,100,10.4,134.0
2025-09-15 16:00:00,18.7,100,5.8,24.0
2025-09-15 17:00:00,17.7,100,9.8,0.0
2025-09-15 18:00:00,16.4,100,9.4,0.0
2025-09-15 19:00:00,15.3,100,7.3,0.0
2025-09-15 20:00:00,14.6,100,7.7,0.0
2025-09-15 21:00:00,14.6,100,8.7,0.0
2025-09-15 22:00:00,14.4,100,5.8,0.0
2025-09-15 23:00:00,14.1,100,0.9,0.0
2025-09-16 00:00:00,14.0,100,2.8,0.0
2025-09-16 01:00:00,13.4,100,4.3,0.0
2025-09-16 02:00:00,12.4,3,2.4,0.0
2025-09-16 03:00:00,11.9,0,7.5,0.0
2025-09-16 04:00:00,11.4,0,6.6,3.0
2025-09-16 05:00:00,13.6,0,8.0,90.0
2025-09-16 06:00:00,16.6,0,7.5,245.0
2025-09-16 07:00:00,19.1,0,8.8,402.0
2025-09-16 08:00:00,21.0,0,7.4,532.0
2025-09-16 09:00:00,22.0,0,7.6,624.0
2025-09-16 10:00:00,22.8,0,10.7,670.0
2025-09-16 11:00:00,23.2,0,12.2,666.0
2025-09-16 12:00:00,23.4,0,12.5,610.0
2025-09-16 13:00:00,24.0,1,12.0,508.0
2025-09-16 14:00:00,23.5,97,10.9,369.0
2025-09-16 15:00:00,21.8,98,7.3,199.0
2025-09-16 16:00:00,19.1,100,8.7,55.0
2025-09-16 17:00:00,18.1,100,9.7,0.0
2025-09-16 18:00:00,16.9,100,9.4,0.0
2025-09-16 19:00:00,16.6,100,11.4,0.0
2025-09-16 20:00:00,16.5,100,12.7,0.0
2025-09-16 21:00:00,16.1,100,13.1,0.0
2025-09-16 22:00:00,15.8,22,13.1,0.0
2025-09-16 23:00:00,15.0,11,12.9,0.0
2025-09-17 00:00:00,14.3,50,12.9,0.0
2025-09-17 01:00:00,13.4,100,10.6,0.0
2025-09-17 02:00:00,13.1,97,11.4,0.0
2025-09-17 03:00:00,13.2,99,9.2,0.0
2025-09-17 04:00:00,12.4,100,5.7,2.0
2025-09-17 05:00:00,13.6,100,9.6,35.0
2025-09-17 06:00:00,14.1,100,9.1,48.0
2025-09-17 07:00:00,14.9,100,7.7,82.0
2025-09-17 08:00:00,14.7,100,8.1,88.0
2025-09-17 09:00:00,13.6,100,5.9,51.0
2025-09-17 10:00:00,13.9,100,6.9,89.0
2025-09-17 11:00:00,14.3,100,5.4,81.0
2025-09-17 12:00:00,14.4,100,5.4,72.0
2025-09-17 13:00:00,14.1,100,2.2,46.0
2025-09-17 14:00:00,13.9,100,5.0,52.0
2025-09-17 15:00:00,13.6,100,7.8,23.0
2025-09-17 16:00:00,13.1,100,8.1,6.0
2025-09-17 17:00:00,12.7,100,8.9,0.0
2025-09-17 18:00:00,12.5,100,10.7,0.0
2025-09-17 19:00:00,12.5,100,12.2,0.0
2025-09-17 20:00:00,12.6,100,12.6,0.0
2025-09-17 21:00:00,12.4,100,12.5,0.0
2025-09-17 22:00:00,12.1,100,14.7,0.0
2025-09-17 23:00:00,11.7,100,15.3,0.0
2025-09-18 00:00:00,11.3,100,15.9,0.0
2025-09-18 01:00:00,11.6,100,16.2,0.0
2025-09-18 02:00:00,11.1,100,17.3,0.0
2025-09-18 03:00:00,10.6,100,17.0,0.0
2025-09-18 04:00:00,10.1,100,18.0,2.0
2025-09-18 05:00:00,10.7,100,20.4,65.0
2025-09-18 06:00:00,11.9,99,19.9,197.0
2025-09-18 07:00:00,13.5,49,19.6,341.0
2025-09-18 08:00:00,15.3,97,21.3,523.0
2025-09-18 09:00:00,16.6,45,26.4,605.0
2025-09-18 10:00:00,17.5,49,27.8,585.0
2025-09-18 11:00:00,17.9,64,28.1,506.0
2025-09-18 12:00:00,18.2,73,26.8,420.0
2025-09-18 13:00:00,18.4,16,24.5,436.0
2025-09-18 14:00:00,18.4,52,23.9,322.0
2025-09-18 15:00:00,17.6,68,18.3,135.0
2025-09-18 16:00:00,16.2,14,16.3,43.0
2025-09-18 17:00:00,15.1,15,15.9,0.0
2025-09-18 18:00:00,14.3,3,14.3,0.0
2025-09-18 19:00:00,13.2,3,13.4,0.0
2025-09-18 20:00:00,12.6,0,13.4,0.0
2025-09-18 21:00:00,12.2,1,13.2,0.0
2025-09-18 22:00:00,11.8,1,12.4,0.0
2025-09-18 23:00:00,11.1,0,11.3,0.0
2025-09-19 00:00:00,10.6,0,11.3,0.0
2025-09-19 01:00:00,9.7,0,11.0,0.0
2025-09-19 02:00:00,9.3,0,9.6,0.0
2025-09-19 03:00:00,9.0,0,9.6,0.0
2025-09-19 04:00:00,8.8,97,9.7,2.0
2025-09-19 05:00:00,10.1,99,11.6,80.0
2025-09-19 06:00:00,12.4,52,8.5,233.0
2025-09-19 07:00:00,15.2,10,8.3,381.0
2025-09-19 08:00:00,17.4,31,10.8,518.0
2025-09-19 09:00:00,18.8,97,13.0,585.0
2025-09-19 10:00:00,18.8,100,12.9,359.0
2025-09-19 11:00:00,19.1,33,13.1,253.0
2025-09-19 12:00:00,20.5,100,17.5,459.0
2025-09-19 13:00:00,20.3,89,20.0,304.0
2025-09-19 14:00:00,19.9,88,19.3,217.0
2025-09-19 15:00:00,19.2,39,16.9,142.0
2025-09-19 16:00:00,17.8,14,11.8,37.0
2025-09-19 17:00:00,15.9,8,9.2,0.0
2025-09-19 18:00:00,15.1,28,10.1,0.0
2025-09-19 19:00:00,14.7,34,12.5,0.0
2025-09-19 20:00:00,14.6,61,12.2,0.0
2025-09-19 21:00:00,14.6,100,13.2,0.0
2025-09-19 22:00:00,15.1,95,15.4,0.0
2025-09-19 23:00:00,15.0,100,16.0,0.0
2025-09-20 00:00:00,15.4,72,16.8,0.0
2025-09-20 01:00:00,15.8,100,15.3,0.0
2025-09-20 02:00:00,14.9,100,15.4,0.0
2025-09-20 03:00:00,14.8,2,15.3,0.0
2025-09-20 04:00:00,13.4,0,14.0,2.0
2025-09-20 05:00:00,14.3,1,12.8,76.0
2025-09-20 06:00:00,15.8,0,13.7,227.0
2025-09-20 07:00:00,17.1,6,14.7,382.0
2025-09-20 08:00:00,18.4,25,18.6,512.0
2025-09-20 09:00:00,19.2,34,17.9,556.0
2025-09-20 10:00:00,19.9,45,16.8,556.0
2025-09-20 11:00:00,20.3,8,13.4,563.0
2025-09-20 12:00:00,20.5,12,12.8,574.0
2025-09-20 13:00:00,20.8,9,11.8,467.0
2025-09-20 14:00:00,20.4,3,11.1,334.0
2025-09-20 15:00:00,19.4,0,8.2,179.0
2025-09-20 16:00:00,16.5,0,6.1,42.0
2025-09-20 17:00:00,15.6,0,4.5,0.0
2025-09-20 18:00:00,15.1,0,3.0,0.0
2025-09-20 19:00:00,14.4,0,2.0,0.0
2025-09-20 20:00:00,13.6,64,2.7,0.0
2025-09-20 21:00:00,12.8,60,4.0,0.0
2025-09-20 22:00:00,12.0,70,5.1,0.0
2025-09-20 23:00:00,11.9,8,6.2,0.0
2025-09-21 00:00:00,11.9,0,7.2,0.0
2025-09-21 01:00:00,11.1,0,8.5,0.0
2025-09-21 02:00:00,11.1,0,9.0,0.0
2025-09-21 03:00:00,11.4,0,9.8,0.0
2025-09-21 04:00:00,11.4,0,10.1,1.0
2025-09-21 05:00:00,13.4,0,12.6,73.0
2025-09-21 06:00:00,15.9,0,11.0,221.0
2025-09-21 07:00:00,18.6,1,11.6,374.0
2025-09-21 08:00:00,20.8,3,13.4,503.0
2025-09-21 09:00:00,22.2,49,13.9,593.0
2025-09-21 10:00:00,23.3,72,14.3,636.0
2025-09-21 11:00:00,24.0,43,14.4,628.0
2025-09-21 12:00:00,24.4,87,14.6,570.0
2025-09-21 13:00:00,25.5,100,13.8,467.0
2025-09-21 14:00:00,24.9,57,12.8,325.0
2025-09-21 15:00:00,23.2,11,10.5,174.0
2025-09-21 16:00:00,20.5,4,10.6,39.0
2025-09-21 17:00:00,19.2,0,11.6,0.0
2025-09-21 18:00:00,18.1,0,12.0,0.0
2025-09-21 19:00:00,17.4,0,12.7,0.0
2025-09-21 20:00:00,16.8,0,13.0,0.0
2025-09-21 21:00:00,16.2,0,12.8,0.0
2025-09-21 22:00:00,15.8,0,12.7,0.0
2025-09-21 23:00:00,15.4,0,12.6,0.0
2025-09-22 00:00:00,15.0,0,13.1,0.0
2025-09-22 01:00:00,14.6,0,13.7,0.0
2025-09-22 02:00:00,14.2,0,13.5,0.0
2025-09-22 03:00:00,13.7,0,13.6,0.0
2025-09-22 04:00:00,13.4,0,14.2,1.0
2025-09-22 05:00:00,14.7,0,15.8,72.0
2025-09-22 06:00:00,16.9,0,14.1,222.0
2025-09-22 07:00:00,19.2,0,14.9,377.0
2025-09-22 08:00:00,21.4,0,17.4,508.0
2025-09-22 09:00:00,22.8,0,18.5,599.0
2025-09-22 10:00:00,23.8,0,19.0,642.0
2025-09-22 11:00:00,24.4,0,19.0,634.0
2025-09-22 12:00:00,24.6,0,19.1,576.0
2025-09-22 13:00:00,25.6,0,18.8,472.0
2025-09-22 14:00:00,24.8,0,16.9,333.0
2025-09-22 15:00:00,23.1,0,15.5,175.0
2025-09-22 16:00:00,20.9,0,14.4,36.0
2025-09-22 17:00:00,19.4,0,13.5,0.0
2025-09-22 18:00:00,18.2,0,14.1,0.0
2025-09-22 19:00:00,17.8,0,16.6,0.0
2025-09-22 20:00:00,17.5,0,18.3,0.0
2025-09-22 21:00:00,16.8,0,18.2,0.0
2025-09-22 22:00:00,15.8,0,17.5,0.0
2025-09-22 23:00:00,14.9,0,15.8,0.0
2025-09-23 00:00:00,14.3,0,15.4,0.0
2025-09-23 01:00:00,13.4,0,14.6,0.0
2025-09-23 02:00:00,13.1,0,14.3,0.0
2025-09-23 03:00:00,12.6,0,14.7,0.0
2025-09-23 04:00:00,12.2,0,15.3,1.0
2025-09-23 05:00:00,13.4,0,16.5,70.0
2025-09-23 06:00:00,15.4,0,15.0,223.0
2025-09-23 07:00:00,17.6,0,15.6,380.0
2025-09-23 08:00:00,19.9,0,16.6,512.0
2025-09-23 09:00:00,21.6,0,18.5,603.0
2025-09-23 10:00:00,22.9,0,19.5,647.0
2025-09-23 11:00:00,23.8,0,19.3,639.0
2025-09-23 12:00:00,24.1,0,18.2,580.0
2025-09-23 13:00:00,24.9,0,16.4,473.0
2025-09-23 14:00:00,24.2,0,12.7,330.0
2025-09-23 15:00:00,22.1,0,7.6,169.0
2025-09-23 16:00:00,18.8,8,7.3,32.0
2025-09-23 17:00:00,17.5,1,7.3,0.0
2025-09-23 18:00:00,16.7,5,7.2,0.0
2025-09-23 19:00:00,16.1,73,7.1,0.0
2025-09-23 20:00:00,15.7,19,6.9,0.0
2025-09-23 21:00:00,15.6,4,9.4,0.0
2025-09-23 22:00:00,15.1,46,13.9,0.0
2025-09-23 23:00:00,14.7,88,14.6,0.0
2025-09-24 00:00:00,13.9,98,14.4,0.0
2025-09-24 01:00:00,12.4,99,15.7,0.0
2025-09-24 02:00:00,11.9,45,15.9,0.0
2025-09-24 03:00:00,11.8,100,15.1,0.0
2025-09-24 04:00:00,12.5,100,16.2,0.0
2025-09-24 05:00:00,12.7,100,16.7,20.0
2025-09-24 06:00:00,12.8,100,17.0,56.0
2025-09-24 07:00:00,13.2,100,17.4,116.0
2025-09-24 08:00:00,13.8,100,17.1,179.0
2025-09-24 09:00:00,14.6,100,17.8,279.0
2025-09-24 10:00:00,15.3,100,18.9,363.0
2025-09-24 11:00:00,15.8,100,19.2,404.0
2025-09-24 12:00:00,15.9,100,19.5,395.0
2025-09-24 13:00:00,14.7,100,21.1,245.0
2025-09-24 14:00:00,13.9,100,22.5,186.0
2025-09-24 15:00:00,12.9,100,21.0,69.0
2025-09-24 16:00:00,12.2,100,18.2,14.0
2025-09-24 17:00:00,12.1,100,18.9,0.0
2025-09-24 18:00:00,11.7,100,18.7,0.0
2025-09-24 19:00:00,11.3,100,17.2,0.0
2025-09-24 20:00:00,10.9,100,14.1,0.0
2025-09-24 21:00:00,11.2,100,14.7,0.0
2025-09-24 22:00:00,11.1,100,18.5,0.0
2025-09-24 23:00:00,10.7,100,18.0,0.0
2025-09-25 00:00:00,10.1,0,17.6,0.0
2025-09-25 01:00:00,7.9,1,16.3,0.0
2025-09-25 02:00:00,6.8,0,14.7,0.0
2025-09-25 03:00:00,5.8,0,13.6,0.0
2025-09-25 04:00:00,5.3,0,13.0,0.0
2025-09-25 05:00:00,6.2,0,12.3,65.0
2025-09-25 06:00:00,7.8,0,13.5,218.0
2025-09-25 07:00:00,9.8,0,14.3,376.0
2025-09-25 08:00:00,11.3,0,15.7,509.0
2025-09-25 09:00:00,12.4,0,16.2,603.0
2025-09-25 10:00:00,13.1,0,17.1,648.0
2025-09-25 11:00:00,13.5,0,17.5,638.0
2025-09-25 12:00:00,13.6,0,18.0,576.0
2025-09-25 13:00:00,13.9,0,17.6,468.0
2025-09-25 14:00:00,13.2,0,17.3,324.0
2025-09-25 15:00:00,12.1,0,13.2,163.0
2025-09-25 16:00:00,10.1,0,9.7,28.0
2025-09-25 17:00:00,8.9,0,9.7,0.0
2025-09-25 18:00:00,8.2,0,9.8,0.0
2025-09-25 19:00:00,7.7,0,10.6,0.0
2025-09-25 20:00:00,7.2,0,10.2,0.0
2025-09-25 21:00:00,6.6,0,8.8,0.0
2025-09-25 22:00:00,6.0,0,8.1,0.0
2025-09-25 23:00:00,5.5,0,7.7,0.0
2025-09-26 00:00:00,5.0,0,7.9,0.0
2025-09-26 01:00:00,3.3,0,7.6,0.0
2025-09-26 02:00:00,3.0,0,7.5,0.0
2025-09-26 03:00:00,2.8,0,7.4,0.0
2025-09-26 04:00:00,2.5,0,7.6,0.0
2025-09-26 05:00:00,4.2,0,10.3,61.0
2025-09-26 06:00:00,6.7,0,8.2,212.0
2025-09-26 07:00:00,9.1,0,8.1,369.0
2025-09-26 08:00:00,11.1,0,9.1,500.0
2025-09-26 09:00:00,12.1,0,10.1,591.0
2025-09-26 10:00:00,12.9,0,10.1,633.0
2025-09-26 11:00:00,13.4,0,11.2,623.0
2025-09-26 12:00:00,13.6,0,12.4,561.0
2025-09-26 13:00:00,14.1,0,11.8,454.0
2025-09-26 14:00:00,13.6,0,12.1,312.0
2025-09-26 15:00:00,12.4,0,9.3,153.0
2025-09-26 16:00:00,9.6,0,7.0,24.0
2025-09-26 17:00:00,8.6,0,7.5,0.0
2025-09-26 18:00:00,7.5,0,6.6,0.0
2025-09-26 19:00:00,6.8,0,6.6,0.0
2025-09-26 20:00:00,6.2,0,6.4,0.0
2025-09-26 21:00:00,5.6,0,5.7,0.0
2025-09-26 22:00:00,5.4,0,4.1,0.0
2025-09-26 23:00:00,5.1,0,4.2,0.0
2025-09-27 00:00:00,4.8,0,3.6,0.0
2025-09-27 01:00:00,2.5,0,1.4,0.0
2025-09-27 02:00:00,2.4,0,2.4,0.0
2025-09-27 03:00:00,2.0,2,3.3,0.0
2025-09-27 04:00:00,1.5,95,4.3,0.0
2025-09-27 05:00:00,4.1,93,6.3,55.0
2025-09-27 06:00:00,7.2,100,4.0,191.0
2025-09-27 07:00:00,9.6,100,3.9,315.0
2025-09-27 08:00:00,11.1,100,3.8,427.0
2025-09-27 09:00:00,11.9,100,3.7,498.0
2025-09-27 10:00:00,12.7,55,3.1,549.0
2025-09-27 11:00:00,13.2,46,2.5,581.0
2025-09-27 12:00:00,13.5,54,3.3,525.0
2025-09-27 13:00:00,14.2,45,3.6,435.0
2025-09-27 14:00:00,13.9,19,4.2,293.0
2025-09-27 15:00:00,12.4,0,2.7,142.0
2025-09-27 16:00:00,10.2,0,2.5,21.0
2025-09-27 17:00:00,9.4,0,1.4,0.0
2025-09-27 18:00:00,8.9,0,0.7,0.0
2025-09-27 19:00:00,8.1,1,0.6,0.0
2025-09-27 20:00:00,7.1,100,1.0,0.0
2025-09-27 21:00:00,6.2,100,3.6,0.0
2025-09-27 22:00:00,5.8,100,5.3,0.0
2025-09-27 23:00:00,5.9,100,5.2,0.0
2025-09-28 00:00:00,5.7,100,5.6,0.0
2025-09-28 01:00:00,4.8,100,6.1,0.0
2025-09-28 02:00:00,4.9,100,5.6,0.0
2025-09-28 03:00:00,4.9,100,5.2,0.0
2025-09-28 04:00:00,5.1,100,4.5,0.0
2025-09-28 05:00:00,6.6,100,6.0,27.0
2025-09-28 06:00:00,7.8,100,4.0,80.0
2025-09-28 07:00:00,9.1,100,2.9,133.0
2025-09-28 08:00:00,10.2,100,3.5,171.0
2025-09-28 09:00:00,11.3,100,4.8,220.0
2025-09-28 10:00:00,12.1,100,4.2,251.0
2025-09-28 11:00:00,13.1,100,4.6,376.0
2025-09-28 12:00:00,12.6,100,4.8,181.0
2025-09-28 13:00:00,12.2,100,4.9,60.0
2025-09-28 14:00:00,11.7,100,4.0,74.0
2025-09-28 15:00:00,10.9,100,0.9,46.0
2025-09-28 16:00:00,9.9,100,1.5,5.0
2025-09-28 17:00:00,9.5,100,5.0,0.0
2025-09-28 18:00:00,9.2,100,6.1,0.0
2025-09-28 19:00:00,9.3,100,7.3,0.0
2025-09-28 20:00:00,8.9,100,7.9,0.0
2025-09-28 21:00:00,8.5,99,8.2,0.0
2025-09-28 22:00:00,8.2,100,8.6,0.0
2025-09-28 23:00:00,8.6,100,10.0,0.0
2025-09-29 00:00:00,8.5,100,10.1,0.0
2025-09-29 01:00:00,8.2,100,10.9,0.0
2025-09-29 02:00:00,7.9,100,9.9,0.0
2025-09-29 03:00:00,7.9,100,10.3,0.0
2025-09-29 04:00:00,7.8,100,10.9,0.0
2025-09-29 05:00:00,7.9,100,11.5,12.0
2025-09-29 06:00:00,8.4,100,12.2,34.0
2025-09-29 07:00:00,9.2,100,11.9,92.0
2025-09-29 08:00:00,10.4,100,13.4,169.0
2025-09-29 09:00:00,11.8,100,15.6,269.0
2025-09-29 10:00:00,12.4,100,14.5,235.0
2025-09-29 11:00:00,13.6,100,15.2,312.0
2025-09-29 12:00:00,14.7,98,18.2,424.0
2025-09-29 13:00:00,13.6,100,16.9,144.0
2025-09-29 14:00:00,13.4,88,16.9,157.0
2025-09-29 15:00:00,12.2,100,16.6,93.0
2025-09-29 16:00:00,11.2,63,17.6,13.0
2025-09-29 17:00:00,10.8,100,18.5,0.0
2025-09-29 18:00:00,10.2,100,21.0,0.0
2025-09-29 19:00:00,10.1,100,21.5,0.0
2025-09-29 20:00:00,9.9,100,15.8,0.0
2025-09-29 21:00:00,9.5,100,14.8,0.0
2025-09-29 22:00:00,8.4,100,13.4,0.0
2025-09-29 23:00:00,8.2,100,16.8,0.0
2025-09-30 00:00:00,8.2,100,19.7,0.0
2025-09-30 01:00:00,8.6,100,18.4,0.0
2025-09-30 02:00:00,8.1,100,20.0,0.0
2025-09-30 03:00:00,7.7,100,20.3,0.0
2025-09-30 04:00:00,7.6,100,18.8,0.0
2025-09-30 05:00:00,7.9,100,20.5,7.0
2025-09-30 06:00:00,8.4,100,22.4,32.0
2025-09-30 07:00:00,8.0,100,20.5,43.0
2025-09-30 08:00:00,8.2,100,19.4,63.0
2025-09-30 09:00:00,8.9,100,18.3,106.0
2025-09-30 10:00:00,10.6,100,22.0,267.0
2025-09-30 11:00:00,11.1,100,28.0,206.0
2025-09-30 12:00:00,9.9,100,22.1,99.0
2025-09-30 13:00:00,9.8,100,20.7,73.0
2025-09-30 14:00:00,9.8,100,20.6,80.0
2025-09-30 15:00:00,9.2,100,16.6,26.0
2025-09-30 16:00:00,8.8,100,14.2,2.0
2025-09-30 17:00:00,8.4,100,12.7,0.0
2025-09-30 18:00:00,8.4,100,16.5,0.0
2025-09-30 19:00:00,8.3,100,17.2,0.0
2025-09-30 20:00:00,7.8,100,14.9,0.0
2025-09-30 21:00:00,7.2,100,15.2,0.0
2025-09-30 22:00:00,6.8,100,14.7,0.0
2025-09-30 23:00:00,6.7,100,13.9,0.0
2025-10-01 00:00:00,7.5,100,18.0,0.0
2025-10-01 01:00:00,7.4,100,18.3,0.0
2025-10-01 02:00:00,6.8,100,18.7,0.0
2025-10-01 03:00:00,6.2,100,18.6,0.0
2025-10-01 04:00:00,5.7,100,19.0,0.0
2025-10-01 05:00:00,5.4,100,20.0,8.0
2025-10-01 06:00:00,5.4,100,19.4,30.0
2025-10-01 07:00:00,5.9,100,18.6,68.0
2025-10-01 08:00:00,6.1,100,21.2,77.0
2025-10-01 09:00:00,6.1,100,19.6,97.0
2025-10-01 10:00:00,5.9,100,18.9,96.0
2025-10-01 11:00:00,5.7,100,19.6,73.0
2025-10-01 12:00:00,5.0,100,19.3,98.0
2025-10-01 13:00:00,5.3,100,19.2,73.0
2025-10-01 14:00:00,5.1,100,17.4,35.0
2025-10-01 15:00:00,4.9,100,15.2,20.0
2025-10-01 16:00:00,4.6,100,15.4,2.0
2025-10-01 17:00:00,4.1,100,16.5,0.0
2025-10-01 18:00:00,3.7,100,14.5,0.0
2025-10-01 19:00:00,3.6,100,13.8,0.0
2025-10-01 20:00:00,3.7,100,14.1,0.0
2025-10-01 21:00:00,3.8,100,13.0,0.0
2025-10-01 22:00:00,4.1,100,11.2,0.0
2025-10-01 23:00:00,4.2,100,11.5,0.0
2025-10-02 00:00:00,4.1,100,12.7,0.0
2025-10-02 01:00:00,4.1,100,12.0,0.0
2025-10-02 02:00:00,4.2,100,11.8,0.0
2025-10-02 03:00:00,4.2,100,11.5,0.0
2025-10-02 04:00:00,4.2,100,10.7,0.0
2025-10-02 05:00:00,4.4,100,10.7,8.0
2025-10-02 06:00:00,4.5,100,9.7,26.0
2025-10-02 07:00:00,4.9,100,9.4,45.0
2025-10-02 08:00:00,6.0,100,6.1,145.0
2025-10-02 09:00:00,6.6,100,6.1,149.0
2025-10-02 10:00:00,7.3,100,5.6,183.0
2025-10-02 11:00:00,7.8,100,4.7,164.0
2025-10-02 12:00:00,7.8,100,5.7,163.0
2025-10-02 13:00:00,7.9,100,6.8,110.0
2025-10-02 14:00:00,7.9,100,7.7,79.0
2025-10-02 15:00:00,7.6,100,7.6,36.0
2025-10-02 16:00:00,7.2,100,5.9,4.0
2025-10-02 17:00:00,7.1,100,6.7,0.0
2025-10-02 18:00:00,6.8,100,5.8,0.0
2025-10-02 19:00:00,6.6,100,5.2,0.0
2025-10-02 20:00:00,6.2,100,5.9,0.0
2025-10-02 21:00:00,5.2,100,6.3,0.0
2025-10-02 22:00:00,4.4,100,7.9,0.0
2025-10-02 23:00:00,4.6,100,9.5,0.0
2025-10-03 00:00:00,5.4,100,11.4,0.0
2025-10-03 01:00:00,5.7,100,11.5,0.0
2025-10-03 02:00:00,5.9,100,11.6,0.0
2025-10-03 03:00:00,6.1,100,13.0,0.0
2025-10-03 04:00:00,6.2,100,13.0,0.0
2025-10-03 05:00:00,6.6,100,13.6,18.0
2025-10-03 06:00:00,6.9,100,16.4,70.0
2025-10-03 07:00:00,7.9,100,18.4,88.0
2025-10-03 08:00:00,9.1,100,18.6,153.0
2025-10-03 09:00:00,9.9,98,18.6,139.0
2025-10-03 10:00:00,11.8,8,16.6,288.0
2025-10-03 11:00:00,13.5,88,17.3,533.0
2025-10-03 12:00:00,13.6,77,20.4,358.0
2025-10-03 13:00:00,13.7,93,20.8,297.0
2025-10-03 14:00:00,13.4,99,19.7,196.0
2025-10-03 15:00:00,12.6,100,16.9,71.0
2025-10-03 16:00:00,11.4,100,16.2,7.0
2025-10-03 17:00:00,10.9,100,16.3,0.0
2025-10-03 18:00:00,10.6,100,14.7,0.0
2025-10-03 19:00:00,10.5,100,15.2,0.0
2025-10-03 20:00:00,10.9,100,15.2,0.0
2025-10-03 21:00:00,10.6,98,14.3,0.0
2025-10-03 22:00:00,10.5,18,15.1,0.0
2025-10-03 23:00:00,8.8,80,12.9,0.0
2025-10-04 00:00:00,8.8,8,13.5,0.0
2025-10-04 01:00:00,7.6,93,13.4,0.0
2025-10-04 02:00:00,6.9,12,13.1,0.0
2025-10-04 03:00:00,6.4,73,15.0,0.0
2025-10-04 04:00:00,6.3,92,15.4,0.0
2025-10-04 05:00:00,6.9,76,15.4,34.0
2025-10-04 06:00:00,8.3,55,15.1,134.0
2025-10-04 07:00:00,10.1,86,14.2,285.0
2025-10-04 08:00:00,11.9,100,13.7,425.0
2025-10-04 09:00:00,13.1,100,12.6,428.0
2025-10-04 10:00:00,14.1,98,12.2,425.0
2025-10-04 11:00:00,14.6,100,12.4,336.0
2025-10-04 12:00:00,12.8,100,9.8,283.0
2025-10-04 13:00:00,12.0,100,10.0,89.0
2025-10-04 14:00:00,11.4,99,9.2,63.0
2025-10-04 15:00:00,11.1,100,10.0,47.0
2025-10-04 16:00:00,10.4,100,11.8,2.0
2025-10-04 17:00:00,10.2,100,11.6,0.0
2025-10-04 18:00:00,10.2,49,11.1,0.0
2025-10-04 19:00:00,10.0,100,10.6,0.0
2025-10-04 20:00:00,10.4,100,10.3,0.0
2025-10-04 21:00:00,10.6,100,9.2,0.0
2025-10-04 22:00:00,10.6,99,7.1,0.0
2025-10-04 23:00:00,10.4,61,5.4,0.0
2025-10-05 00:00:00,10.9,100,6.6,0.0
2025-10-05 01:00:00,11.0,100,7.8,0.0
2025-10-05 02:00:00,10.9,100,8.0,0.0
2025-10-05 03:00:00,10.6,100,7.9,0.0
2025-10-05 04:00:00,9.9,100,12.4,0.0
2025-10-05 05:00:00,9.6,98,9.4,10.0
2025-10-05 06:00:00,9.6,100,10.9,56.0
2025-10-05 07:00:00,10.4,100,13.9,119.0
2025-10-05 08:00:00,9.6,100,13.4,81.0
2025-10-05 09:00:00,10.4,66,13.5,124.0
2025-10-05 10:00:00,12.9,94,16.0,492.0
2025-10-05 11:00:00,13.3,100,16.2,276.0
2025-10-05 12:00:00,13.2,100,17.8,253.0
2025-10-05 13:00:00,13.0,100,18.7,105.0
2025-10-05 14:00:00,12.7,100,16.4,72.0
2025-10-05 15:00:00,12.2,44,10.5,48.0
2025-10-05 16:00:00,9.9,23,8.1,5.0
2025-10-05 17:00:00,8.5,23,6.6,0.0
2025-10-05 18:00:00,7.9,99,6.9,0.0
2025-10-05 19:00:00,8.4,100,7.1,0.0
2025-10-05 20:00:00,9.1,100,7.8,0.0
2025-10-05 21:00:00,9.3,100,9.0,0.0
2025-10-05 22:00:00,9.4,88,6.7,0.0
2025-10-05 23:00:00,8.7,40,5.5,0.0
2025-10-06 00:00:00,8.1,95,5.2,0.0
2025-10-06 01:00:00,8.6,52,4.6,0.0
2025-10-06 02:00:00,7.7,97,4.4,0.0
2025-10-06 03:00:00,7.7,100,3.6,0.0
2025-10-06 04:00:00,7.5,90,3.8,0.0
2025-10-06 05:00:00,8.1,100,5.0,25.0
2025-10-06 06:00:00,9.4,100,3.6,86.0
2025-10-06 07:00:00,9.9,100,3.4,92.0
2025-10-06 08:00:00,10.1,100,3.6,89.0
2025-10-06 09:00:00,10.4,100,2.3,147.0
2025-10-06 10:00:00,10.7,100,0.9,122.0
2025-10-06 11:00:00,10.8,100,0.4,105.0
2025-10-06 12:00:00,11.4,100,2.2,160.0
2025-10-06 13:00:00,11.5,100,3.4,113.0
2025-10-06 14:00:00,11.6,100,4.2,120.0
2025-10-06 15:00:00,10.4,100,2.4,56.0
2025-10-06 16:00:00,9.1,100,3.7,4.0
2025-10-06 17:00:00,8.5,100,4.3,0.0
2025-10-06 18:00:00,9.6,100,4.9,0.0
2025-10-06 19:00:00,9.4,100,4.5,0.0
2025-10-06 20:00:00,9.0,100,5.3,0.0
2025-10-06 21:00:00,8.9,99,6.1,0.0
2025-10-06 22:00:00,7.9,100,4.8,0.0
2025-10-06 23:00:00,8.7,100,6.6,0.0
2025-10-07 00:00:00,8.4,100,7.4,0.0
2025-10-07 01:00:00,7.6,100,5.6,0.0
2025-10-07 02:00:00,7.6,100,7.8,0.0
2025-10-07 03:00:00,7.8,100,8.4,0.0
2025-10-07 04:00:00,7.9,100,9.5,0.0
2025-10-07 05:00:00,8.3,100,9.7,11.0
2025-10-07 06:00:00,8.9,100,9.2,48.0
2025-10-07 07:00:00,9.8,100,11.7,100.0
2025-10-07 08:00:00,10.4,100,9.4,86.0
2025-10-07 09:00:00,10.3,100,10.2,46.0
2025-10-07 10:00:00,11.4,100,13.2,170.0
2025-10-07 11:00:00,11.9,100,13.7,166.0
2025-10-07 12:00:00,11.4,100,12.6,162.0
2025-10-07 13:00:00,11.1,100,10.5,73.0
2025-10-07 14:00:00,10.9,100,11.1,32.0
2025-10-07 15:00:00,10.6,100,13.0,20.0
2025-10-07 16:00:00,10.4,100,13.5,1.0
2025-10-07 17:00:00,10.2,100,13.4,0.0
2025-10-07 18:00:00,10.6,100,14.3,0.0
2025-10-07 19:00:00,10.6,100,14.4,0.0
2025-10-07 20:00:00,10.6,100,14.6,0.0
2025-10-07 21:00:00,10.4,100,14.3,0.0
2025-10-07 22:00:00,10.4,100,14.5,0.0
2025-10-07 23:00:00,10.4,100,14.3,0.0
2025-10-08 00:00:00,10.4,100,14.2,0.0
2025-10-08 01:00:00,10.4,100,15.2,0.0
2025-10-08 02:00:00,10.4,100,16.7,0.0
2025-10-08 03:00:00,10.2,100,15.4,0.0
2025-10-08 04:00:00,10.2,100,15.6,0.0
2025-10-08 05:00:00,10.2,100,16.6,3.0
2025-10-08 06:00:00,10.4,100,17.1,19.0
2025-10-08 07:00:00,11.2,100,19.8,81.0
2025-10-08 08:00:00,11.8,100,19.3,91.0
2025-10-08 09:00:00,12.5,100,19.0,110.0
2025-10-08 10:00:00,13.9,100,17.4,166.0
2025-10-08 11:00:00,13.5,100,17.0,111.0
2025-10-08 12:00:00,13.5,100,17.3,128.0
2025-10-08 13:00:00,13.7,100,19.0,108.0
2025-10-08 14:00:00,13.6,100,19.1,117.0
2025-10-08 15:00:00,13.1,100,19.8,17.0
2025-10-08 16:00:00,12.6,100,19.3,1.0
2025-10-08 17:00:00,12.4,100,19.0,0.0
2025-10-08 18:00:00,12.1,100,17.6,0.0
2025-10-08 19:00:00,11.9,100,17.5,0.0
2025-10-08 20:00:00,11.6,100,15.6,0.0
2025-10-08 21:00:00,11.3,100,15.6,0.0
2025-10-08 22:00:00,10.8,100,16.4,0.0
2025-10-08 23:00:00,10.5,99,15.5,0.0
2025-10-09 00:00:00,10.4,100,14.0,0.0
2025-10-09 01:00:00,10.3,100,13.8,0.0
2025-10-09 02:00:00,10.2,100,13.4,0.0
2025-10-09 03:00:00,10.1,100,13.7,0.0
2025-10-09 04:00:00,10.1,100,14.1,0.0
2025-10-09 05:00:00,10.1,100,15.1,3.0
2025-10-09 06:00:00,10.2,100,15.3,14.0
2025-10-09 07:00:00,10.4,100,15.9,35.0
2025-10-09 08:00:00,10.7,100,17.3,47.0
2025-10-09 09:00:00,11.1,100,13.7,92.0
2025-10-09 10:00:00,11.6,100,17.5,118.0
2025-10-09 11:00:00,11.8,100,17.6,112.0
2025-10-09 12:00:00,11.2,100,12.4,123.0
2025-10-09 13:00:00,11.0,100,14.5,43.0
2025-10-09 14:00:00,10.9,100,13.8,35.0
2025-10-09 15:00:00,10.8,100,12.8,7.0
2025-10-09 16:00:00,10.6,100,13.3,0.0
2025-10-09 17:00:00,10.6,100,14.0,0.0
2025-10-09 18:00:00,10.4,100,14.7,0.0
2025-10-09 19:00:00,10.2,100,14.9,0.0
2025-10-09 20:00:00,10.2,100,14.5,0.0
2025-10-09 21:00:00,10.2,100,13.9,0.0
2025-10-09 22:00:00,10.4,100,15.6,0.0
2025-10-09 23:00:00,10.4,100,13.2,0.0
2025-10-10 00:00:00,10.4,100,15.2,0.0
2025-10-10 01:00:00,10.4,100,16.6,0.0
2025-10-10 02:00:00,10.4,100,18.5,0.0
2025-10-10 03:00:00,10.4,100,21.4,0.0
2025-10-10 04:00:00,10.4,100,22.4,0.0
2025-10-10 05:00:00,10.4,100,22.5,2.0
2025-10-10 06:00:00,9.9,100,19.7,18.0
2025-10-10 07:00:00,10.2,100,20.1,43.0
2025-10-10 08:00:00,10.2,100,22.5,61.0
2025-10-10 09:00:00,10.4,100,19.3,81.0
2025-10-10 10:00:00,10.6,100,19.3,94.0
2025-10-10 11:00:00,12.1,100,20.6,168.0
2025-10-10 12:00:00,13.0,99,19.8,121.0
2025-10-10 13:00:00,13.8,100,21.6,187.0
2025-10-10 14:00:00,13.5,87,18.0,107.0
2025-10-10 15:00:00,12.4,100,16.0,48.0
2025-10-10 16:00:00,11.2,100,16.1,0.0
2025-10-10 17:00:00,10.4,100,16.0,0.0
2025-10-10 18:00:00,9.9,100,16.2,0.0
2025-10-10 19:00:00,9.6,100,16.4,0.0
2025-10-10 20:00:00,9.8,100,19.4,0.0
2025-10-10 21:00:00,9.6,55,20.4,0.0
2025-10-10 22:00:00,8.7,100,17.4,0.0
2025-10-10 23:00:00,8.8,100,18.6,0.0
2025-10-11 00:00:00,9.1,100,17.0,0.0
2025-10-11 01:00:00,8.9,100,17.9,0.0
2025-10-11 02:00:00,8.7,100,18.8,0.0
2025-10-11 03:00:00,8.6,100,19.5,0.0
2025-10-11 04:00:00,8.7,100,18.5,0.0
2025-10-11 05:00:00,8.8,100,20.8,5.0
2025-10-11 06:00:00,8.9,100,17.0,20.0
2025-10-11 07:00:00,9.8,100,16.5,78.0
2025-10-11 08:00:00,10.3,100,17.0,75.0
2025-10-11 09:00:00,9.6,100,22.9,99.0
2025-10-11 10:00:00,10.1,100,17.7,87.0
2025-10-11 11:00:00,11.4,99,19.5,163.0
2025-10-11 12:00:00,10.6,100,21.4,212.0
2025-10-11 13:00:00,10.1,100,21.9,90.0
2025-10-11 14:00:00,9.8,100,18.6,45.0
2025-10-11 15:00:00,10.1,97,16.0,20.0
2025-10-11 16:00:00,9.9,97,14.1,1.0
2025-10-11 17:00:00,9.2,100,12.4,0.0
2025-10-11 18:00:00,7.8,56,12.3,0.0
2025-10-11 19:00:00,6.9,23,13.3,0.0
2025-10-11 20:00:00,6.1,41,11.8,0.0
2025-10-11 21:00:00,5.4,100,10.9,0.0
2025-10-11 22:00:00,6.4,98,10.2,0.0
2025-10-11 23:00:00,7.1,79,10.1,0.0
2025-10-12 00:00:00,8.0,100,11.4,0.0
2025-10-12 01:00:00,8.4,100,11.6,0.0
2025-10-12 02:00:00,8.9,100,13.4,0.0
2025-10-12 03:00:00,9.2,100,14.5,0.0
2025-10-12 04:00:00,9.4,100,17.0,0.0
2025-10-12 05:00:00,9.5,100,13.7,6.0
2025-10-12 06:00:00,9.7,43,14.5,39.0
2025-10-12 07:00:00,10.6,47,15.9,212.0
2025-10-12 08:00:00,11.7,67,17.4,309.0
2025-10-12 09:00:00,12.2,50,19.5,283.0
2025-10-12 10:00:00,13.6,64,18.6,434.0
2025-10-12 11:00:00,13.7,87,19.5,406.0
2025-10-12 12:00:00,13.7,52,19.2,371.0
2025-10-12 13:00:00,13.4,7,17.8,324.0
2025-10-12 14:00:00,13.7,24,13.6,208.0
2025-10-12 15:00:00,12.4,11,15.5,64.0
2025-10-12 16:00:00,11.2,99,17.5,1.0
2025-10-12 17:00:00,11.7,100,16.8,0.0
2025-10-12 18:00:00,12.0,100,23.8,0.0
2025-10-12 19:00:00,11.4,90,24.9,0.0
2025-10-12 20:00:00,10.9,100,23.4,0.0
2025-10-12 21:00:00,10.6,100,22.5,0.0
2025-10-12 22:00:00,10.4,100,20.6,0.0
2025-10-12 23:00:00,9.4,100,23.0,0.0
2025-10-13 00:00:00,8.4,100,18.7,0.0
2025-10-13 01:00:00,7.5,88,18.2,0.0
2025-10-13 02:00:00,5.9,13,15.9,0.0
2025-10-13 03:00:00,4.7,16,14.3,0.0
2025-10-13 04:00:00,4.0,16,14.4,0.0
2025-10-13 05:00:00,4.0,26,15.8,18.0
2025-10-13 06:00:00,4.9,100,21.8,129.0
2025-10-13 07:00:00,5.9,94,22.2,144.0
2025-10-13 08:00:00,7.2,100,22.0,256.0
2025-10-13 09:00:00,8.4,69,21.4,293.0
2025-10-13 10:00:00,9.5,98,23.0,384.0
2025-10-13 11:00:00,9.8,99,24.3,291.0
2025-10-13 12:00:00,9.8,77,25.2,273.0
2025-10-13 13:00:00,9.6,49,25.7,223.0
2025-10-13 14:00:00,8.9,44,23.8,145.0
2025-10-13 15:00:00,8.2,30,18.2,53.0
2025-10-13 16:00:00,7.3,1,14.3,0.0
2025-10-13 17:00:00,6.2,0,10.2,0.0
2025-10-13 18:00:00,5.1,2,11.2,0.0
2025-10-13 19:00:00,4.7,5,13.6,0.0
2025-10-13 20:00:00,5.0,30,15.9,0.0
2025-10-13 21:00:00,5.2,3,17.3,0.0
2025-10-13 22:00:00,4.9,19,16.5,0.0
2025-10-13 23:00:00,4.9,9,17.8,0.0
2025-10-14 00:00:00,4.8,16,15.7,0.0
2025-10-14 01:00:00,4.3,38,15.9,0.0
2025-10-14 02:00:00,4.2,2,15.8,0.0
2025-10-14 03:00:00,3.6,79,14.2,0.0
2025-10-14 04:00:00,4.1,100,13.7,0.0
2025-10-14 05:00:00,5.2,100,16.1,8.0
2025-10-14 06:00:00,5.3,100,17.9,43.0
2025-10-14 07:00:00,5.8,100,17.4,81.0
2025-10-14 08:00:00,6.8,100,16.2,144.0
2025-10-14 09:00:00,8.0,100,16.2,290.0
2025-10-14 10:00:00,8.2,100,16.0,240.0
2025-10-14 11:00:00,8.2,100,15.8,192.0
2025-10-14 12:00:00,6.3,100,18.5,179.0
2025-10-14 13:00:00,5.4,100,8.1,136.0
2025-10-14 14:00:00,6.2,91,6.3,90.0
2025-10-14 15:00:00,6.3,26,5.6,30.0
2025-10-14 16:00:00,4.7,25,7.1,0.0
2025-10-14 17:00:00,4.1,34,7.6,0.0
2025-10-14 18:00:00,3.9,26,7.5,0.0
2025-10-14 19:00:00,3.2,23,6.7,0.0
2025-10-14 20:00:00,2.8,98,7.3,0.0
2025-10-14 21:00:00,2.5,100,7.5,0.0
2025-10-14 22:00:00,2.5,100,7.4,0.0
2025-10-14 23:00:00,2.4,99,8.1,0.0
2025-10-15 00:00:00,4.2,100,9.2,0.0
2025-10-15 01:00:00,4.2,100,9.6,0.0
2025-10-15 02:00:00,4.3,98,9.7,0.0
2025-10-15 03:00:00,4.3,98,10.2,0.0
2025-10-15 04:00:00,4.2,95,11.1,0.0
2025-10-15 05:00:00,4.6,100,10.7,8.0
2025-10-15 06:00:00,5.5,98,10.5,70.0
2025-10-15 07:00:00,5.8,100,14.8,124.0
2025-10-15 08:00:00,6.4,34,12.7,183.0
2025-10-15 09:00:00,7.8,100,14.4,345.0
2025-10-15 10:00:00,7.7,100,15.2,206.0
2025-10-15 11:00:00,7.9,98,15.5,180.0
2025-10-15 12:00:00,8.9,73,15.4,222.0
2025-10-15 13:00:00,9.1,100,15.9,195.0
2025-10-15 14:00:00,8.6,100,14.0,82.0
2025-10-15 15:00:00,7.9,98,8.7,26.0
2025-10-15 16:00:00,7.1,100,4.7,0.0
2025-10-15 17:00:00,6.7,100,3.2,0.0
2025-10-15 18:00:00,6.9,99,6.6,0.0
2025-10-15 19:00:00,6.8,97,9.1,0.0
2025-10-15 20:00:00,6.3,80,10.7,0.0
2025-10-15 21:00:00,6.1,100,11.3,0.0
2025-10-15 22:00:00,6.5,100,11.5,0.0
2025-10-15 23:00:00,5.9,99,11.7,0.0
2025-10-16 00:00:00,6.4,100,11.0,0.0
2025-10-16 01:00:00,6.4,100,11.0,0.0
2025-10-16 02:00:00,6.3,100,10.8,0.0
2025-10-16 03:00:00,6.2,100,10.6,0.0
2025-10-16 04:00:00,6.2,98,11.0,0.0
2025-10-16 05:00:00,6.1,100,11.8,6.0
2025-10-16 06:00:00,6.5,98,11.6,51.0
2025-10-16 07:00:00,7.6,72,13.6,153.0
2025-10-16 08:00:00,9.4,9,14.6,347.0
2025-10-16 09:00:00,10.4,92,16.9,402.0
2025-10-16 10:00:00,10.4,100,16.7,291.0
2025-10-16 11:00:00,10.4,98,15.3,238.0
2025-10-16 12:00:00,11.0,67,13.5,231.0
2025-10-16 13:00:00,11.2,58,12.8,188.0
2025-10-16 14:00:00,10.9,66,10.2,100.0
2025-10-16 15:00:00,9.8,67,9.8,24.0
2025-10-16 16:00:00,9.0,87,13.5,0.0
2025-10-16 17:00:00,8.4,98,12.2,0.0
2025-10-16 18:00:00,8.3,100,10.2,0.0
2025-10-16 19:00:00,7.7,84,9.7,0.0
2025-10-16 20:00:00,7.2,98,10.2,0.0
2025-10-16 21:00:00,7.4,100,10.7,0.0
2025-10-16 22:00:00,7.8,100,11.8,0.0
2025-10-16 23:00:00,8.2,98,14.0,0.0
2025-10-17 00:00:00,8.6,100,16.2,0.0
2025-10-17 01:00:00,8.3,100,11.7,0.0
2025-10-17 02:00:00,8.8,100,13.4,0.0
2025-10-17 03:00:00,8.9,84,14.6,0.0
2025-10-17 04:00:00,8.6,98,14.5,0.0
2025-10-17 05:00:00,8.5,98,14.1,6.0
2025-10-17 06:00:00,8.7,100,11.2,56.0
2025-10-17 07:00:00,9.9,75,13.0,159.0
2025-10-17 08:00:00,10.8,77,13.8,187.0
2025-10-17 09:00:00,11.4,100,12.9,190.0
2025-10-17 10:00:00,12.3,100,14.6,208.0
2025-10-17 11:00:00,12.9,70,18.7,218.0
2025-10-17 12:00:00,12.8,94,20.6,228.0
2025-10-17 13:00:00,12.6,98,14.9,111.0
2025-10-17 14:00:00,12.6,97,11.5,71.0
2025-10-17 15:00:00,11.4,80,7.7,23.0
2025-10-17 16:00:00,9.7,95,6.9,0.0
2025-10-17 17:00:00,9.4,77,8.5,0.0
2025-10-17 18:00:00,9.6,23,8.1,0.0
2025-10-17 19:00:00,9.9,100,11.4,0.0
2025-10-17 20:00:00,9.9,93,11.3,0.0
2025-10-17 21:00:00,9.4,87,9.5,0.0
2025-10-17 22:00:00,8.1,58,8.9,0.0
2025-10-17 23:00:00,8.6,99,9.6,0.0
2025-10-18 00:00:00,9.3,100,9.6,0.0
2025-10-18 01:00:00,9.6,100,10.7,0.0
2025-10-18 02:00:00,9.4,100,9.8,0.0
2025-10-18 03:00:00,9.1,100,8.7,0.0
2025-10-18 04:00:00,9.0,95,11.0,0.0
2025-10-18 05:00:00,8.8,100,11.2,6.0
2025-10-18 06:00:00,9.4,100,11.1,34.0
2025-10-18 07:00:00,9.9,66,14.8,80.0
2025-10-18 08:00:00,10.9,100,16.4,271.0
2025-10-18 09:00:00,11.1,100,21.8,201.0
2025-10-18 10:00:00,12.0,100,21.3,182.0
2025-10-18 11:00:00,12.9,100,18.6,244.0
2025-10-18 12:00:00,13.9,100,17.4,175.0
2025-10-18 13:00:00,13.4,94,16.4,149.0
2025-10-18 14:00:00,11.5,69,16.8,95.0
2025-10-18 15:00:00,10.0,52,13.2,28.0
2025-10-18 16:00:00,8.9,39,11.4,0.0
2025-10-18 17:00:00,8.4,49,11.5,0.0
2025-10-18 18:00:00,8.1,88,14.3,0.0
2025-10-18 19:00:00,8.1,89,11.3,0.0
2025-10-18 20:00:00,7.5,47,7.6,0.0
2025-10-18 21:00:00,6.6,100,8.0,0.0
2025-10-18 22:00:00,7.2,100,8.7,0.0
2025-10-18 23:00:00,7.2,100,7.4,0.0
2025-10-19 00:00:00,7.0,100,11.0,0.0
2025-10-19 01:00:00,6.6,100,15.9,0.0
2025-10-19 02:00:00,5.9,78,11.4,0.0
2025-10-19 03:00:00,4.8,9,11.3,0.0
2025-10-19 04:00:00,4.0,4,12.2,0.0
2025-10-19 05:00:00,3.7,89,12.9,9.0
2025-10-19 06:00:00,5.0,100,17.3,80.0
2025-10-19 07:00:00,5.8,82,16.5,101.0
2025-10-19 08:00:00,6.4,62,16.8,214.0
2025-10-19 09:00:00,6.8,93,14.6,234.0
2025-10-19 10:00:00,7.4,100,13.7,193.0
2025-10-19 11:00:00,7.6,100,13.5,183.0
2025-10-19 12:00:00,7.1,95,14.0,173.0
2025-10-19 13:00:00,5.4,98,13.3,121.0
2025-10-19 14:00:00,4.9,100,8.7,62.0
2025-10-19 15:00:00,4.8,99,10.3,19.0
2025-10-19 16:00:00,4.4,50,14.7,0.0
2025-10-19 17:00:00,3.8,98,15.3,0.0
2025-10-19 18:00:00,4.0,100,14.4,0.0
2025-10-19 19:00:00,4.2,100,15.4,0.0
2025-10-19 20:00:00,3.8,100,15.0,0.0
2025-10-19 21:00:00,3.6,100,14.2,0.0
2025-10-19 22:00:00,3.6,100,14.3,0.0
2025-10-19 23:00:00,2.7,100,13.6,0.0
2025-10-20 00:00:00,1.8,100,11.7,0.0
2025-10-20 01:00:00,2.4,100,9.2,0.0
2025-10-20 02:00:00,2.8,100,7.2,0.0
2025-10-20 03:00:00,3.0,100,6.5,0.0
2025-10-20 04:00:00,3.1,81,4.5,0.0
2025-10-20 05:00:00,3.2,90,6.1,4.0
2025-10-20 06:00:00,4.0,100,9.6,48.0
2025-10-20 07:00:00,5.2,99,11.3,109.0
2025-10-20 08:00:00,6.3,100,15.3,190.0
2025-10-20 09:00:00,7.6,95,16.8,266.0
2025-10-20 10:00:00,8.4,99,17.3,317.0
2025-10-20 11:00:00,8.9,100,17.7,274.0
2025-10-20 12:00:00,8.8,100,20.3,200.0
2025-10-20 13:00:00,8.6,100,18.3,109.0
2025-10-20 14:00:00,8.4,100,15.1,56.0
2025-10-20 15:00:00,8.0,100,12.7,14.0
2025-10-20 16:00:00,7.7,100,13.4,0.0
2025-10-20 17:00:00,7.4,70,15.4,0.0
2025-10-20 18:00:00,6.8,62,16.2,0.0
2025-10-20 19:00:00,5.6,5,14.8,0.0
2025-10-20 20:00:00,4.8,15,13.6,0.0
2025-10-20 21:00:00,4.6,30,13.4,0.0
2025-10-20 22:00:00,4.3,26,13.3,0.0
2025-10-20 23:00:00,4.0,21,12.7,0.0
2025-10-21 00:00:00,3.7,0,11.4,0.0
2025-10-21 01:00:00,3.4,9,10.1,0.0
2025-10-21 02:00:00,3.0,1,9.1,0.0
2025-10-21 03:00:00,2.7,2,8.0,0.0
2025-10-21 04:00:00,2.5,9,6.9,0.0
2025-10-21 05:00:00,2.4,16,6.2,7.0
2025-10-21 06:00:00,3.9,100,7.7,101.0
2025-10-21 07:00:00,5.7,100,7.3,157.0
2025-10-21 08:00:00,7.2,100,6.3,215.0
2025-10-21 09:00:00,8.2,100,5.4,234.0
2025-10-21 10:00:00,8.9,100,5.1,234.0
2025-10-21 11:00:00,9.2,100,7.4,190.0
2025-10-21 12:00:00,8.9,100,7.9,184.0
2025-10-21 13:00:00,9.4,100,7.1,132.0
2025-10-21 14:00:00,9.6,100,5.1,86.0
2025-10-21 15:00:00,7.4,20,4.6,22.0
2025-10-21 16:00:00,5.2,20,6.9,0.0
2025-10-21 17:00:00,4.6,20,8.7,0.0
2025-10-21 18:00:00,4.2,4,9.7,0.0
2025-10-21 19:00:00,3.8,4,9.9,0.0
2025-10-21 20:00:00,3.5,0,10.3,0.0
2025-10-21 21:00:00,3.2,1,10.7,0.0
2025-10-21 22:00:00,3.1,7,11.0,0.0
2025-10-21 23:00:00,3.0,97,11.3,0.0
2025-10-22 00:00:00,4.2,95,10.8,0.0
2025-10-22 01:00:00,4.3,87,10.6,0.0
2025-10-22 02:00:00,4.7,100,10.7,0.0
2025-10-22 03:00:00,4.9,100,11.1,0.0
2025-10-22 04:00:00,5.1,100,12.3,0.0
2025-10-22 05:00:00,5.2,100,13.0,2.0
2025-10-22 06:00:00,5.2,100,16.3,24.0
2025-10-22 07:00:00,5.6,100,16.3,35.0
2025-10-22 08:00:00,6.5,100,17.1,61.0
2025-10-22 09:00:00,7.8,100,17.5,132.0
2025-10-22 10:00:00,8.5,100,15.6,104.0
2025-10-22 11:00:00,8.6,100,14.4,92.0
2025-10-22 12:00:00,8.8,100,13.1,114.0
2025-10-22 13:00:00,8.9,100,12.0,67.0
2025-10-22 14:00:00,8.9,100,10.8,42.0
2025-10-22 15:00:00,8.4,100,11.2,9.0
2025-10-22 16:00:00,8.3,100,12.4,0.0
2025-10-22 17:00:00,8.2,100,12.2,0.0
2025-10-22 18:00:00,8.1,100,12.1,0.0
2025-10-22 19:00:00,7.9,100,11.5,0.0
2025-10-22 20:00:00,8.3,100,9.8,0.0
2025-10-22 21:00:00,8.8,100,10.5,0.0
2025-10-22 22:00:00,9.1,100,13.1,0.0
2025-10-22 23:00:00,8.5,97,13.9,0.0
2025-10-23 00:00:00,7.8,52,12.1,0.0
2025-10-23 01:00:00,7.8,48,12.4,0.0
2025-10-23 02:00:00,8.0,100,13.1,0.0
2025-10-23 03:00:00,8.2,92,14.6,0.0
2025-10-23 04:00:00,7.8,84,14.7,0.0
2025-10-23 05:00:00,7.6,35,15.1,5.0
2025-10-23 06:00:00,8.7,100,18.2,85.0
2025-10-23 07:00:00,9.7,100,20.7,106.0
2025-10-23 08:00:00,11.4,100,24.5,159.0
2025-10-23 09:00:00,12.1,100,20.4,176.0
2025-10-23 10:00:00,13.4,100,20.4,279.0
2025-10-23 11:00:00,14.1,99,20.1,264.0
2025-10-23 12:00:00,14.9,25,26.1,276.0
2025-10-23 13:00:00,15.2,65,24.9,250.0
2025-10-23 14:00:00,14.8,100,18.9,101.0
2025-10-23 15:00:00,13.7,100,17.5,15.0
2025-10-23 16:00:00,13.5,100,19.1,0.0
2025-10-23 17:00:00,13.4,100,19.3,0.0
2025-10-23 18:00:00,12.9,100,19.5,0.0
2025-10-23 19:00:00,12.5,100,20.2,0.0
2025-10-23 20:00:00,12.1,100,20.2,0.0
2025-10-23 21:00:00,11.6,100,19.9,0.0
2025-10-23 22:00:00,11.3,100,19.6,0.0
2025-10-23 23:00:00,10.9,100,18.6,0.0
2025-10-24 00:00:00,11.1,100,18.9,0.0
2025-10-24 01:00:00,11.1,100,19.5,0.0
2025-10-24 02:00:00,11.2,100,19.5,0.0
2025-10-24 03:00:00,11.5,100,19.3,0.0
2025-10-24 04:00:00,11.5,100,20.1,0.0
2025-10-24 05:00:00,11.4,100,20.1,1.0
2025-10-24 06:00:00,11.9,100,21.3,23.0
2025-10-24 07:00:00,12.5,100,20.9,51.0
2025-10-24 08:00:00,13.0,100,24.4,106.0
2025-10-24 09:00:00,13.4,100,24.8,91.0
2025-10-24 10:00:00,14.1,100,24.5,133.0
2025-10-24 11:00:00,14.4,100,26.7,102.0
2025-10-24 12:00:00,14.4,100,25.5,95.0
2025-10-24 13:00:00,14.6,100,21.4,78.0
2025-10-24 14:00:00,14.6,100,24.3,34.0
2025-10-24 15:00:00,14.2,100,26.0,5.0
2025-10-24 16:00:00,14.2,100,25.7,0.0
2025-10-24 17:00:00,14.1,100,25.4,0.0
2025-10-24 18:00:00,13.3,100,24.8,0.0
2025-10-24 19:00:00,13.1,100,24.1,0.0
2025-10-24 20:00:00,13.1,100,22.0,0.0
2025-10-24 21:00:00,13.0,100,18.4,0.0
2025-10-24 22:00:00,11.6,100,19.4,0.0
2025-10-24 23:00:00,10.9,100,19.6,0.0
2025-10-25 00:00:00,10.1,100,26.6,0.0
2025-10-25 01:00:00,9.6,100,25.9,0.0
2025-10-25 02:00:00,9.5,100,25.7,0.0
2025-10-25 03:00:00,9.3,95,27.2,0.0
2025-10-25 04:00:00,9.0,100,25.4,0.0
2025-10-25 05:00:00,9.5,99,23.2,2.0
2025-10-25 06:00:00,9.8,100,22.3,52.0
2025-10-25 07:00:00,10.0,80,27.8,93.0
2025-10-25 08:00:00,10.5,79,27.4,189.0
2025-10-25 09:00:00,10.6,93,27.4,188.0
2025-10-25 10:00:00,11.4,90,28.5,328.0
2025-10-25 11:00:00,9.4,100,26.6,198.0
2025-10-25 12:00:00,10.0,95,27.5,194.0
2025-10-25 13:00:00,10.3,99,24.0,186.0
2025-10-25 14:00:00,10.2,99,20.3,103.0
2025-10-25 15:00:00,9.2,3,17.0,18.0
2025-10-25 16:00:00,8.3,26,15.5,0.0
2025-10-25 17:00:00,7.6,78,13.6,0.0
2025-10-25 18:00:00,6.8,52,12.3,0.0
2025-10-25 19:00:00,6.1,97,13.5,0.0
2025-10-25 20:00:00,6.1,100,13.4,0.0
2025-10-25 21:00:00,5.4,92,11.3,0.0
2025-10-25 22:00:00,5.2,93,12.5,0.0
2025-10-25 23:00:00,5.0,0,12.6,0.0
2025-10-26 00:00:00,4.3,0,12.0,0.0
2025-10-26 01:00:00,3.8,2,12.6,0.0
2025-10-26 02:00:00,3.6,56,12.5,0.0
2025-10-26 03:00:00,3.6,98,11.7,0.0
2025-10-26 04:00:00,3.8,90,12.5,0.0
2025-10-26 05:00:00,4.0,78,14.4,3.0
2025-10-26 06:00:00,6.1,98,15.6,80.0
2025-10-26 07:00:00,8.4,96,14.5,208.0
2025-10-26 08:00:00,10.1,100,16.6,274.0
2025-10-26 09:00:00,10.9,100,21.2,264.0
2025-10-26 10:00:00,10.4,100,21.2,308.0
2025-10-26 11:00:00,9.5,100,16.0,174.0
2025-10-26 12:00:00,12.1,27,13.7,133.0
2025-10-26 13:00:00,12.2,0,13.7,255.0
2025-10-26 14:00:00,10.8,2,11.2,134.0
2025-10-26 15:00:00,8.2,2,11.5,20.0
2025-10-26 16:00:00,7.2,38,11.8,0.0
2025-10-26 17:00:00,6.5,7,11.2,0.0
2025-10-26 18:00:00,5.8,0,9.4,0.0
2025-10-26 19:00:00,5.2,0,8.3,0.0
2025-10-26 20:00:00,4.9,0,9.5,0.0
2025-10-26 21:00:00,4.9,6,9.4,0.0
2025-10-26 22:00:00,4.4,55,8.1,0.0
2025-10-26 23:00:00,4.0,98,7.9,0.0
2025-10-27 00:00:00,3.8,100,7.8,0.0
2025-10-27 01:00:00,4.2,100,8.8,0.0
2025-10-27 02:00:00,4.6,100,8.0,0.0
2025-10-27 03:00:00,4.9,100,7.5,0.0
2025-10-27 04:00:00,5.0,100,6.9,0.0
2025-10-27 05:00:00,5.5,82,6.9,1.0
2025-10-27 06:00:00,5.2,100,5.9,59.0
2025-10-27 07:00:00,6.2,100,4.8,74.0
2025-10-27 08:00:00,7.1,100,5.2,93.0
2025-10-27 09:00:00,9.1,34,4.5,256.0
2025-10-27 10:00:00,11.4,14,6.9,413.0
2025-10-27 11:00:00,12.4,48,11.0,374.0
2025-10-27 12:00:00,12.1,36,10.3,283.0
2025-10-27 13:00:00,12.3,25,10.1,225.0
2025-10-27 14:00:00,11.1,37,7.5,117.0
2025-10-27 15:00:00,7.8,24,6.7,18.0
2025-10-27 16:00:00,7.2,13,8.1,0.0
2025-10-27 17:00:00,6.7,89,9.7,0.0
2025-10-27 18:00:00,6.3,100,5.9,0.0
2025-10-27 19:00:00,5.7,1,4.4,0.0
2025-10-27 20:00:00,4.4,0,5.5,0.0
2025-10-27 21:00:00,4.2,1,7.5,0.0
2025-10-27 22:00:00,4.0,53,8.8,0.0
2025-10-27 23:00:00,5.2,60,10.1,0.0
2025-10-28 00:00:00,4.3,81,9.0,0.0
2025-10-28 01:00:00,3.8,100,9.1,0.0
2025-10-28 02:00:00,4.7,100,10.7,0.0
2025-10-28 03:00:00,5.1,99,11.9,0.0
2025-10-28 04:00:00,4.3,100,11.5,0.0
2025-10-28 05:00:00,4.7,100,11.8,2.0
2025-10-28 06:00:00,5.7,100,11.8,50.0
2025-10-28 07:00:00,6.2,100,12.4,50.0
2025-10-28 08:00:00,7.5,20,12.7,153.0
2025-10-28 09:00:00,10.6,5,17.0,381.0
2025-10-28 10:00:00,11.6,20,21.9,406.0
2025-10-28 11:00:00,12.1,32,22.7,380.0
2025-10-28 12:00:00,12.2,98,20.9,271.0
2025-10-28 13:00:00,8.6,81,21.8,109.0
2025-10-28 14:00:00,8.6,13,13.2,88.0
2025-10-28 15:00:00,7.6,18,15.6,16.0
2025-10-28 16:00:00,7.1,0,14.8,0.0
2025-10-28 17:00:00,6.5,4,14.8,0.0
2025-10-28 18:00:00,6.4,2,16.5,0.0
2025-10-28 19:00:00,5.9,1,15.9,0.0
2025-10-28 20:00:00,5.8,0,16.8,0.0
2025-10-28 21:00:00,5.4,0,15.8,0.0
2025-10-28 22:00:00,5.1,0,15.4,0.0
2025-10-28 23:00:00,4.7,0,13.9,0.0
2025-10-29 00:00:00,4.3,8,13.2,0.0
2025-10-29 01:00:00,4.0,69,13.9,0.0
2025-10-29 02:00:00,4.1,96,15.0,0.0
2025-10-29 03:00:00,4.7,98,16.5,0.0
2025-10-29 04:00:00,5.8,100,18.7,0.0
2025-10-29 05:00:00,6.1,100,19.5,1.0
2025-10-29 06:00:00,6.3,100,19.6,13.0
2025-10-29 07:00:00,7.6,69,23.1,91.0
2025-10-29 08:00:00,9.1,52,24.6,224.0
2025-10-29 09:00:00,10.2,66,27.1,338.0
2025-10-29 10:00:00,10.9,73,27.7,294.0
2025-10-29 11:00:00,12.1,43,28.6,251.0
2025-10-29 12:00:00,12.3,34,25.7,270.0
2025-10-29 13:00:00,12.1,60,23.9,192.0
2025-10-29 14:00:00,11.2,26,18.9,86.0
2025-10-29 15:00:00,10.1,23,16.2,13.0
2025-10-29 16:00:00,9.2,38,15.1,0.0
2025-10-29 17:00:00,8.3,12,12.8,0.0
2025-10-29 18:00:00,8.6,88,13.7,0.0
2025-10-29 19:00:00,7.8,95,13.0,0.0
2025-10-29 20:00:00,7.0,36,11.9,0.0
2025-10-29 21:00:00,6.6,14,11.2,0.0
2025-10-29 22:00:00,5.8,1,9.4,0.0
2025-10-29 23:00:00,5.3,69,9.6,0.0
2025-10-30 00:00:00,4.6,3,9.7,0.0
2025-10-30 01:00:00,4.1,14,7.7,0.0
2025-10-30 02:00:00,3.6,38,7.3,0.0
2025-10-30 03:00:00,3.2,75,6.9,0.0
2025-10-30 04:00:00,2.9,100,8.7,0.0
2025-10-30 05:00:00,3.2,100,10.8,1.0
2025-10-30 06:00:00,4.8,63,12.6,53.0
2025-10-30 07:00:00,7.2,31,12.6,191.0
2025-10-30 08:00:00,10.1,94,14.1,311.0
2025-10-30 09:00:00,12.3,98,15.7,368.0
2025-10-30 10:00:00,13.6,84,18.4,394.0
2025-10-30 11:00:00,14.4,58,21.4,399.0
2025-10-30 12:00:00,14.9,96,21.7,345.0
2025-10-30 13:00:00,14.5,86,18.7,188.0
2025-10-30 14:00:00,13.4,73,18.5,108.0
2025-10-30 15:00:00,11.9,98,18.7,13.0
2025-10-30 16:00:00,11.8,54,19.9,0.0
2025-10-30 17:00:00,11.4,98,21.4,0.0
2025-10-30 18:00:00,11.2,100,20.6,0.0
2025-10-30 19:00:00,10.9,91,19.4,0.0
2025-10-30 20:00:00,10.8,100,18.3,0.0
2025-10-30 21:00:00,11.5,100,18.2,0.0
2025-10-30 22:00:00,11.6,100,18.7,0.0
2025-10-30 23:00:00,11.9,100,17.2,0.0
2025-10-31 00:00:00,12.1,100,17.5,0.0
2025-10-31 01:00:00,12.1,100,20.9,0.0
2025-10-31 02:00:00,12.1,99,18.9,0.0
2025-10-31 03:00:00,11.1,31,18.5,0.0
2025-10-31 04:00:00,9.8,0,19.1,0.0
2025-10-31 05:00:00,8.3,0,18.8,1.0
2025-10-31 06:00:00,8.6,0,21.3,66.0
2025-10-31 07:00:00,9.4,0,22.7,195.0
2025-10-31 08:00:00,10.3,0,26.2,313.0
2025-10-31 09:00:00,11.0,30,29.0,396.0
2025-10-31 10:00:00,11.4,32,28.1,404.0
2025-10-31 11:00:00,12.1,9,29.6,337.0
2025-10-31 12:00:00,12.4,34,30.2,330.0
2025-10-31 13:00:00,12.1,40,31.3,208.0
2025-10-31 14:00:00,11.4,30,25.5,92.0
2025-10-31 15:00:00,10.4,50,20.7,10.0
2025-10-31 16:00:00,9.8,55,20.7,0.0
2025-10-31 17:00:00,9.3,98,20.8,0.0
2025-10-31 18:00:00,9.4,100,20.9,0.0
2025-10-31 19:00:00,8.9,100,21.4,0.0
2025-10-31 20:00:00,8.7,100,22.0,0.0
2025-10-31 21:00:00,8.4,86,20.9,0.0
2025-10-31 22:00:00,8.2,22,19.8,0.0
2025-10-31 23:00:00,7.1,0,18.2,0.0
2025-11-01 00:00:00,6.2,1,17.8,0.0
2025-11-01 01:00:00,5.7,1,16.5,0.0
2025-11-01 02:00:00,5.2,0,15.3,0.0
2025-11-01 03:00:00,4.8,0,14.4,0.0
2025-11-01 04:00:00,4.4,0,14.9,0.0
2025-11-01 05:00:00,4.0,0,13.7,1.0
2025-11-01 06:00:00,4.8,1,12.6,61.0
2025-11-01 07:00:00,6.6,0,12.8,185.0
2025-11-01 08:00:00,8.2,3,12.8,300.0
2025-11-01 09:00:00,9.6,11,12.9,377.0
2025-11-01 10:00:00,10.8,86,11.7,377.0
2025-11-01 11:00:00,11.1,98,10.5,331.0
2025-11-01 12:00:00,10.8,100,9.8,254.0
2025-11-01 13:00:00,10.7,100,9.0,165.0
2025-11-01 14:00:00,10.1,100,6.8,65.0
2025-11-01 15:00:00,8.4,23,4.4,7.0
2025-11-01 16:00:00,7.0,87,2.7,0.0
2025-11-01 17:00:00,6.7,33,1.4,0.0
2025-11-01 18:00:00,5.6,1,2.6,0.0
2025-11-01 19:00:00,4.7,2,1.2,0.0
2025-11-01 20:00:00,3.6,0,2.9,0.0
2025-11-01 21:00:00,3.0,0,6.1,0.0
2025-11-01 22:00:00,2.7,0,6.7,0.0
2025-11-01 23:00:00,2.2,0,5.6,0.0
2025-11-02 00:00:00,1.8,0,6.5,0.0
2025-11-02 01:00:00,1.5,0,8.3,0.0
2025-11-02 02:00:00,1.7,95,8.4,0.0
2025-11-02 03:00:00,1.4,99,6.8,0.0
2025-11-02 04:00:00,1.6,100,9.0,0.0
2025-11-02 05:00:00,1.8,99,9.4,0.0
2025-11-02 06:00:00,2.9,100,12.8,53.0
2025-11-02 07:00:00,4.7,100,13.0,170.0
2025-11-02 08:00:00,7.2,68,12.5,276.0
2025-11-02 09:00:00,9.8,100,15.7,372.0
2025-11-02 10:00:00,11.5,99,16.9,392.0
2025-11-02 11:00:00,12.4,99,17.6,361.0
2025-11-02 12:00:00,13.1,99,18.3,311.0
2025-11-02 13:00:00,13.0,100,17.4,208.0
2025-11-02 14:00:00,11.8,100,15.6,93.0
2025-11-02 15:00:00,10.2,98,16.4,9.0
2025-11-02 16:00:00,9.7,99,18.3,0.0
2025-11-02 17:00:00,9.4,99,19.3,0.0
2025-11-02 18:00:00,9.4,99,18.7,0.0
2025-11-02 19:00:00,9.1,98,18.6,0.0
2025-11-02 20:00:00,8.6,98,19.1,0.0
2025-11-02 21:00:00,8.3,100,19.4,0.0
2025-11-02 22:00:00,8.1,97,19.5,0.0
2025-11-02 23:00:00,8.0,65,20.2,0.0
2025-11-03 00:00:00,8.1,88,20.7,0.0
2025-11-03 01:00:00,8.0,1,21.2,0.0
2025-11-03 02:00:00,7.9,0,21.2,0.0
2025-11-03 03:00:00,7.8,5,21.2,0.0
2025-11-03 04:00:00,7.7,0,21.1,0.0
2025-11-03 05:00:00,7.7,0,21.1,0.0
2025-11-03 06:00:00,8.6,61,23.4,53.0
2025-11-03 07:00:00,9.8,100,28.9,157.0
2025-11-03 08:00:00,10.7,100,29.6,203.0
2025-11-03 09:00:00,11.3,100,28.5,199.0
2025-11-03 10:00:00,12.1,100,27.4,246.0
2025-11-03 11:00:00,12.6,77,26.4,226.0
2025-11-03 12:00:00,12.2,100,24.7,241.0
2025-11-03 13:00:00,12.1,98,23.1,141.0
2025-11-03 14:00:00,11.8,4,17.6,80.0
2025-11-03 15:00:00,10.2,19,15.9,8.0
2025-11-03 16:00:00,9.8,100,16.1,0.0
2025-11-03 17:00:00,9.8,100,16.8,0.0
2025-11-03 18:00:00,10.2,100,18.7,0.0
2025-11-03 19:00:00,10.1,100,17.8,0.0
2025-11-03 20:00:00,10.0,100,17.0,0.0
2025-11-03 21:00:00,9.4,100,15.5,0.0
2025-11-03 22:00:00,9.6,34,14.6,0.0
2025-11-03 23:00:00,8.3,23,13.6,0.0
2025-11-04 00:00:00,8.4,100,13.0,0.0
2025-11-04 01:00:00,9.5,100,12.1,0.0
2025-11-04 02:00:00,9.6,100,12.1,0.0
2025-11-04 03:00:00,9.6,100,11.3,0.0
2025-11-04 04:00:00,9.6,100,10.8,0.0
2025-11-04 05:00:00,9.7,100,10.3,0.0
2025-11-04 06:00:00,9.6,100,11.2,11.0
2025-11-04 07:00:00,10.4,100,10.8,46.0
2025-11-04 08:00:00,10.8,100,10.7,63.0
2025-11-04 09:00:00,11.4,100,10.9,89.0
2025-11-04 10:00:00,11.9,100,10.8,99.0
2025-11-04 11:00:00,12.3,100,9.6,86.0
2025-11-04 12:00:00,12.2,100,9.1,85.0
2025-11-04 13:00:00,11.8,100,4.5,40.0
2025-11-04 14:00:00,11.4,100,6.1,22.0
2025-11-04 15:00:00,10.9,100,10.3,2.0
2025-11-04 16:00:00,10.3,100,11.4,0.0
2025-11-04 17:00:00,9.9,100,8.5,0.0
2025-11-04 18:00:00,9.8,100,6.6,0.0
2025-11-04 19:00:00,9.6,100,5.3,0.0
2025-11-04 20:00:00,9.6,100,5.3,0.0
2025-11-04 21:00:00,9.5,100,4.8,0.0
2025-11-04 22:00:00,9.6,100,3.6,0.0
2025-11-04 23:00:00,9.6,100,4.2,0.0
2025-11-05 00:00:00,9.6,100,7.1,0.0
2025-11-05 01:00:00,9.7,100,9.9,0.0
2025-11-05 02:00:00,9.5,100,10.3,0.0
2025-11-05 03:00:00,9.3,100,10.2,0.0
2025-11-05 04:00:00,9.1,100,10.4,0.0
2025-11-05 05:00:00,8.9,100,11.0,0.0
2025-11-05 06:00:00,8.6,100,14.0,13.0
2025-11-05 07:00:00,8.7,100,14.3,59.0
2025-11-05 08:00:00,9.2,100,13.8,122.0
2025-11-05 09:00:00,10.3,85,14.7,195.0
2025-11-05 10:00:00,11.1,90,12.3,254.0
2025-11-05 11:00:00,11.6,100,12.5,284.0
2025-11-05 12:00:00,11.2,100,12.5,178.0
2025-11-05 13:00:00,10.7,100,12.5,105.0
2025-11-05 14:00:00,9.9,100,12.8,35.0
2025-11-05 15:00:00,9.4,100,10.1,3.0
2025-11-05 16:00:00,9.2,80,9.4,0.0
2025-11-05 17:00:00,9.1,88,7.1,0.0
2025-11-05 18:00:00,8.8,100,3.7,0.0
2025-11-05 19:00:00,8.9,100,5.7,0.0
2025-11-05 20:00:00,8.9,98,6.9,0.0
2025-11-05 21:00:00,7.8,37,5.9,0.0
2025-11-05 22:00:00,7.0,37,5.7,0.0
2025-11-05 23:00:00,6.1,61,5.6,0.0
2025-11-06 00:00:00,6.2,75,4.9,0.0
2025-11-06 01:00:00,5.8,95,4.8,0.0
2025-11-06 02:00:00,5.4,100,4.2,0.0
2025-11-06 03:00:00,5.4,98,3.8,0.0
2025-11-06 04:00:00,5.4,93,4.2,0.0
2025-11-06 05:00:00,5.0,61,4.2,0.0
2025-11-06 06:00:00,6.3,100,5.5,28.0
2025-11-06 07:00:00,7.8,98,3.8,90.0
2025-11-06 08:00:00,9.0,94,7.4,151.0
2025-11-06 09:00:00,9.5,99,7.6,192.0
2025-11-06 10:00:00,9.8,85,6.4,202.0
2025-11-06 11:00:00,9.9,85,5.5,188.0
2025-11-06 12:00:00,9.2,100,6.4,166.0
2025-11-06 13:00:00,8.9,100,6.8,85.0
2025-11-06 14:00:00,8.5,100,6.4,39.0
2025-11-06 15:00:00,7.9,100,6.2,2.0
2025-11-06 16:00:00,7.3,89,5.0,0.0
2025-11-06 17:00:00,7.3,93,3.9,0.0
2025-11-06 18:00:00,7.2,100,3.4,0.0
2025-11-06 19:00:00,7.2,100,4.5,0.0
2025-11-06 20:00:00,6.8,100,5.1,0.0
2025-11-06 21:00:00,6.7,100,4.3,0.0
2025-11-06 22:00:00,6.2,100,4.0,0.0
2025-11-06 23:00:00,5.7,100,4.0,0.0
2025-11-07 00:00:00,6.0,100,4.9,0.0
2025-11-07 01:00:00,6.2,100,5.4,0.0
2025-11-07 02:00:00,6.2,100,5.4,0.0
2025-11-07 03:00:00,6.1,100,4.3,0.0
2025-11-07 04:00:00,6.0,100,4.2,0.0
2025-11-07 05:00:00,5.9,100,4.8,0.0
2025-11-07 06:00:00,5.8,100,8.0,17.0
2025-11-07 07:00:00,6.0,100,8.4,56.0
2025-11-07 08:00:00,6.3,100,9.0,94.0
2025-11-07 09:00:00,6.9,100,8.9,147.0
2025-11-07 10:00:00,7.3,100,8.0,174.0
2025-11-07 11:00:00,7.8,100,6.7,205.0
2025-11-07 12:00:00,7.3,100,7.1,155.0
2025-11-07 13:00:00,7.2,100,6.8,97.0
2025-11-07 14:00:00,6.7,100,7.4,42.0
2025-11-07 15:00:00,5.9,100,8.0,3.0
2025-11-07 16:00:00,5.7,100,8.3,0.0
2025-11-07 17:00:00,5.8,100,8.0,0.0
2025-11-07 18:00:00,5.2,100,8.2,0.0
2025-11-07 19:00:00,5.0,100,7.4,0.0
2025-11-07 20:00:00,4.8,100,7.1,0.0
2025-11-07 21:00:00,4.5,96,6.2,0.0
2025-11-07 22:00:00,4.5,100,5.5,0.0
2025-11-07 23:00:00,4.8,100,6.0,0.0
2025-11-08 00:00:00,4.8,100,4.5,0.0
2025-11-08 01:00:00,5.2,100,3.0,0.0
2025-11-08 02:00:00,5.1,100,3.1,0.0
2025-11-08 03:00:00,5.2,100,5.3,0.0
2025-11-08 04:00:00,5.2,100,4.9,0.0
2025-11-08 05:00:00,5.2,100,5.4,0.0
2025-11-08 06:00:00,5.3,100,6.6,11.0
2025-11-08 07:00:00,5.8,100,6.8,45.0
2025-11-08 08:00:00,6.5,100,7.9,77.0
2025-11-08 09:00:00,7.1,100,8.4,98.0
2025-11-08 10:00:00,7.8,100,8.4,117.0
2025-11-08 11:00:00,8.1,100,8.7,107.0
2025-11-08 12:00:00,7.8,100,8.1,92.0
2025-11-08 13:00:00,7.8,100,8.1,59.0
2025-11-08 14:00:00,7.6,100,7.2,24.0
2025-11-08 15:00:00,7.2,100,6.4,2.0
2025-11-08 16:00:00,7.1,100,6.8,0.0
2025-11-08 17:00:00,7.2,100,8.2,0.0
2025-11-08 18:00:00,7.1,100,7.7,0.0
2025-11-08 19:00:00,7.1,100,7.5,0.0
2025-11-08 20:00:00,6.9,100,8.0,0.0
2025-11-08 21:00:00,7.1,100,8.6,0.0
2025-11-08 22:00:00,7.1,100,7.8,0.0
2025-11-08 23:00:00,7.1,100,6.8,0.0
2025-11-09 00:00:00,7.2,100,6.6,0.0
2025-11-09 01:00:00,7.2,100,7.3,0.0
2025-11-09 02:00:00,7.2,100,7.6,0.0
2025-11-09 03:00:00,7.2,100,7.9,0.0
2025-11-09 04:00:00,7.2,100,8.7,0.0
2025-11-09 05:00:00,7.3,100,9.5,0.0
2025-11-09 06:00:00,7.2,100,11.9,9.0
2025-11-09 07:00:00,7.6,100,11.7,31.0
2025-11-09 08:00:00,7.6,100,12.0,44.0
2025-11-09 09:00:00,8.1,100,12.3,64.0
2025-11-09 10:00:00,9.3,99,14.2,150.0
2025-11-09 11:00:00,10.5,100,14.4,205.0
2025-11-09 12:00:00,10.8,100,11.7,117.0
2025-11-09 13:00:00,10.5,100,11.7,68.0
2025-11-09 14:00:00,9.9,100,9.0,17.0
2025-11-09 15:00:00,9.4,100,9.2,1.0
2025-11-09 16:00:00,9.4,100,9.4,0.0
2025-11-09 17:00:00,9.4,100,11.0,0.0
2025-11-09 18:00:00,9.4,100,10.6,0.0
2025-11-09 19:00:00,9.4,100,10.7,0.0
2025-11-09 20:00:00,9.4,100,10.5,0.0
2025-11-09 21:00:00,9.4,100,9.1,0.0
2025-11-09 22:00:00,9.4,100,7.8,0.0
2025-11-09 23:00:00,9.4,100,7.2,0.0
2025-11-10 00:00:00,9.4,100,6.3,0.0
2025-11-10 01:00:00,9.1,100,4.9,0.0
2025-11-10 02:00:00,9.2,100,3.9,0.0
2025-11-10 03:00:00,9.3,100,3.2,0.0
2025-11-10 04:00:00,9.2,100,3.2,0.0
2025-11-10 05:00:00,9.1,100,2.8,0.0
2025-11-10 06:00:00,9.0,100,3.9,13.0
2025-11-10 07:00:00,10.1,100,4.5,65.0
2025-11-10 08:00:00,11.0,100,5.6,109.0
2025-11-10 09:00:00,11.7,100,5.6,138.0
2025-11-10 10:00:00,12.1,100,8.5,139.0
2025-11-10 11:00:00,12.3,100,7.3,131.0
2025-11-10 12:00:00,12.2,100,4.5,86.0
2025-11-10 13:00:00,12.1,100,4.4,56.0
2025-11-10 14:00:00,11.4,100,1.5,23.0
2025-11-10 15:00:00,10.8,100,0.9,1.0
2025-11-10 16:00:00,10.2,100,3.3,0.0
2025-11-10 17:00:00,9.9,100,4.8,0.0
2025-11-10 18:00:00,9.8,100,7.6,0.0
2025-11-10 19:00:00,9.6,100,6.7,0.0
2025-11-10 20:00:00,9.6,100,6.9,0.0
2025-11-10 21:00:00,9.4,100,6.1,0.0
2025-11-10 22:00:00,9.4,100,4.8,0.0
2025-11-10 23:00:00,9.2,100,2.8,0.0
2025-11-11 00:00:00,9.2,100,4.2,0.0
2025-11-11 01:00:00,9.3,100,4.1,0.0
2025-11-11 02:00:00,9.1,100,5.1,0.0
2025-11-11 03:00:00,9.1,100,5.5,0.0
2025-11-11 04:00:00,8.9,100,6.0,0.0
2025-11-11 05:00:00,8.9,100,5.6,0.0
2025-11-11 06:00:00,9.0,100,4.8,3.0
2025-11-11 07:00:00,9.1,100,8.3,16.0
2025-11-11 08:00:00,9.4,100,9.6,46.0
2025-11-11 09:00:00,9.5,100,9.9,50.0
2025-11-11 10:00:00,9.7,100,11.0,59.0
2025-11-11 11:00:00,9.8,100,11.9,55.0
2025-11-11 12:00:00,10.4,100,12.1,121.0
2025-11-11 13:00:00,10.4,100,10.1,55.0
2025-11-11 14:00:00,9.8,100,10.1,25.0
2025-11-11 15:00:00,9.4,100,12.7,1.0
2025-11-11 16:00:00,9.0,86,15.3,0.0
2025-11-11 17:00:00,8.4,100,15.4,0.0
2025-11-11 18:00:00,8.1,100,15.5,0.0
2025-11-11 19:00:00,7.8,98,15.9,0.0
2025-11-11 20:00:00,7.0,43,15.8,0.0
2025-11-11 21:00:00,6.1,100,15.8,0.0
2025-11-11 22:00:00,6.3,100,15.5,0.0
2025-11-11 23:00:00,6.2,100,15.8,0.0
2025-11-12 00:00:00,6.8,83,14.2,0.0
2025-11-12 01:00:00,6.1,100,12.7,0.0
2025-11-12 02:00:00,5.9,99,12.9,0.0
2025-11-12 03:00:00,6.1,100,12.7,0.0
2025-11-12 04:00:00,6.2,100,13.0,0.0
2025-11-12 05:00:00,6.2,100,14.1,0.0
2025-11-12 06:00:00,6.2,100,13.9,11.0
2025-11-12 07:00:00,6.9,100,16.6,49.0
2025-11-12 08:00:00,7.4,100,14.9,96.0
2025-11-12 09:00:00,7.8,100,16.4,133.0
2025-11-12 10:00:00,8.1,100,16.1,149.0
2025-11-12 11:00:00,8.3,100,16.0,122.0
2025-11-12 12:00:00,8.6,100,15.5,98.0
2025-11-12 13:00:00,8.2,98,13.4,64.0
2025-11-12 14:00:00,7.3,98,11.3,30.0
2025-11-12 15:00:00,6.2,100,9.0,1.0
2025-11-12 16:00:00,6.5,100,9.3,0.0
2025-11-12 17:00:00,6.6,100,10.2,0.0
2025-11-12 18:00:00,6.3,100,10.0,0.0
2025-11-12 19:00:00,6.2,100,11.4,0.0
2025-11-12 20:00:00,6.0,100,10.0,0.0
2025-11-12 21:00:00,5.9,100,9.3,0.0
2025-11-12 22:00:00,5.8,100,9.9,0.0
2025-11-12 23:00:00,5.9,100,11.3,0.0
2025-11-13 00:00:00,6.1,100,13.5,0.0
2025-11-13 01:00:00,6.1,100,13.2,0.0
2025-11-13 02:00:00,5.8,100,13.0,0.0
2025-11-13 03:00:00,5.6,100,9.2,0.0
2025-11-13 04:00:00,5.3,100,7.2,0.0
2025-11-13 05:00:00,5.2,100,8.2,0.0
2025-11-13 06:00:00,5.1,100,8.8,7.0
2025-11-13 07:00:00,5.2,100,9.3,44.0
2025-11-13 08:00:00,5.5,100,8.5,88.0
2025-11-13 09:00:00,6.0,76,5.8,153.0
2025-11-13 10:00:00,6.8,98,5.3,220.0
2025-11-13 11:00:00,7.2,77,5.2,210.0
2025-11-13 12:00:00,7.7,98,9.8,229.0
2025-11-13 13:00:00,7.6,27,7.2,112.0
2025-11-13 14:00:00,6.2,100,3.9,52.0
2025-11-13 15:00:00,6.2,100,0.9,1.0
2025-11-13 16:00:00,6.3,100,5.0,0.0
2025-11-13 17:00:00,5.6,100,6.5,0.0
2025-11-13 18:00:00,5.8,100,8.4,0.0
2025-11-13 19:00:00,5.8,100,9.7,0.0
2025-11-13 20:00:00,5.7,100,9.4,0.0
2025-11-13 21:00:00,5.7,100,11.8,0.0
2025-11-13 22:00:00,5.4,98,11.8,0.0
2025-11-13 23:00:00,5.1,41,12.7,0.0
2025-11-14 00:00:00,4.4,5,14.1,0.0
2025-11-14 01:00:00,4.0,4,14.3,0.0
2025-11-14 02:00:00,3.7,0,13.6,0.0
2025-11-14 03:00:00,3.4,5,14.5,0.0
2025-11-14 04:00:00,3.2,5,14.3,0.0
2025-11-14 05:00:00,3.2,5,16.4,0.0
2025-11-14 06:00:00,3.5,85,17.3,24.0
2025-11-14 07:00:00,4.9,100,16.4,127.0
2025-11-14 08:00:00,6.4,99,18.3,204.0
2025-11-14 09:00:00,8.1,30,20.1,258.0
2025-11-14 10:00:00,9.8,73,19.9,338.0
2025-11-14 11:00:00,10.7,39,20.1,327.0
2025-11-14 12:00:00,10.6,98,19.5,263.0
2025-11-14 13:00:00,10.2,91,17.6,153.0
2025-11-14 14:00:00,8.9,89,16.1,59.0
2025-11-14 15:00:00,7.8,62,17.2,1.0
2025-11-14 16:00:00,7.2,90,18.3,0.0
2025-11-14 17:00:00,6.6,89,18.6,0.0
2025-11-14 18:00:00,7.2,33,19.6,0.0
2025-11-14 19:00:00,6.6,50,19.5,0.0
2025-11-14 20:00:00,6.2,49,19.7,0.0
2025-11-14 21:00:00,5.8,90,20.9,0.0
2025-11-14 22:00:00,5.7,100,22.4,0.0
2025-11-14 23:00:00,5.6,100,23.4,0.0
2025-11-15 00:00:00,6.5,100,24.3,0.0
2025-11-15 01:00:00,6.1,100,24.2,0.0
2025-11-15 02:00:00,6.1,100,23.8,0.0
2025-11-15 03:00:00,5.9,100,23.5,0.0
2025-11-15 04:00:00,5.6,99,23.1,0.0
2025-11-15 05:00:00,5.4,98,22.6,0.0
2025-11-15 06:00:00,5.6,100,18.5,22.0
2025-11-15 07:00:00,6.8,100,18.1,120.0
2025-11-15 08:00:00,8.0,88,18.5,227.0
2025-11-15 09:00:00,9.4,59,17.5,307.0
2025-11-15 10:00:00,10.8,44,17.4,341.0
2025-11-15 11:00:00,11.8,99,20.6,332.0
2025-11-15 12:00:00,10.9,100,19.3,223.0
2025-11-15 13:00:00,10.4,100,17.1,72.0
2025-11-15 14:00:00,9.4,100,14.4,19.0
2025-11-15 15:00:00,8.8,100,13.6,0.0
2025-11-15 16:00:00,7.8,100,15.4,0.0
2025-11-15 17:00:00,6.3,100,18.5,0.0
2025-11-15 18:00:00,4.8,100,21.7,0.0
2025-11-15 19:00:00,3.8,100,21.0,0.0
2025-11-15 20:00:00,3.2,100,18.3,0.0
2025-11-15 21:00:00,3.2,100,15.9,0.0
2025-11-15 22:00:00,3.1,100,14.8,0.0
2025-11-15 23:00:00,2.8,100,14.7,0.0
2025-11-16 00:00:00,2.2,100,15.4,0.0
2025-11-16 01:00:00,1.9,100,14.0,0.0
2025-11-16 02:00:00,1.8,100,12.3,0.0
2025-11-16 03:00:00,1.5,100,12.0,0.0
2025-11-16 04:00:00,0.7,100,10.0,0.0
2025-11-16 05:00:00,-0.2,100,8.9,0.0
2025-11-16 06:00:00,0.6,100,12.3,17.0
2025-11-16 07:00:00,1.6,100,12.1,52.0
2025-11-16 08:00:00,2.7,100,11.1,101.0
2025-11-16 09:00:00,3.8,100,11.2,117.0
2025-11-16 10:00:00,5.0,100,12.9,145.0
2025-11-16 11:00:00,5.6,100,13.5,146.0
2025-11-16 12:00:00,5.0,100,13.4,79.0
2025-11-16 13:00:00,5.2,100,14.3,66.0
2025-11-16 14:00:00,5.0,100,12.3,15.0
2025-11-16 15:00:00,4.8,100,13.4,0.0
2025-11-16 16:00:00,4.8,100,14.2,0.0
2025-11-16 17:00:00,4.8,100,14.4,0.0
2025-11-16 18:00:00,5.2,100,17.9,0.0
2025-11-16 19:00:00,5.3,100,18.2,0.0
2025-11-16 20:00:00,5.6,100,18.2,0.0
2025-11-16 21:00:00,5.7,100,17.8,0.0
2025-11-16 22:00:00,5.9,100,19.3,0.0
2025-11-16 23:00:00,6.2,100,17.3,0.0
2025-11-17 00:00:00,6.2,100,18.0,0.0
2025-11-17 01:00:00,6.4,100,18.6,0.0
2025-11-17 02:00:00,6.8,100,18.7,0.0
2025-11-17 03:00:00,7.0,100,19.1,0.0
2025-11-17 04:00:00,7.2,100,17.4,0.0
2025-11-17 05:00:00,7.1,100,16.5,0.0
2025-11-17 06:00:00,7.2,100,17.4,10.0
2025-11-17 07:00:00,7.6,100,19.7,59.0
2025-11-17 08:00:00,8.3,100,19.9,84.0
2025-11-17 09:00:00,9.0,99,17.1,96.0
2025-11-17 10:00:00,10.9,100,18.5,269.0
2025-11-17 11:00:00,11.9,100,18.8,254.0
2025-11-17 12:00:00,10.1,100,18.2,64.0
2025-11-17 13:00:00,9.9,85,19.3,36.0
2025-11-17 14:00:00,9.1,100,19.8,51.0
2025-11-17 15:00:00,9.2,99,22.0,0.0
2025-11-17 16:00:00,9.1,36,22.2,0.0
2025-11-17 17:00:00,8.1,51,21.9,0.0
2025-11-17 18:00:00,8.9,97,23.8,0.0
2025-11-17 19:00:00,9.1,100,23.4,0.0
2025-11-17 20:00:00,10.3,99,25.8,0.0
2025-11-17 21:00:00,10.4,98,25.0,0.0
2025-11-17 22:00:00,10.4,98,24.7,0.0
2025-11-17 23:00:00,10.5,100,24.8,0.0
2025-11-18 00:00:00,10.8,99,21.9,0.0
2025-11-18 01:00:00,10.2,99,18.9,0.0
2025-11-18 02:00:00,10.2,27,20.7,0.0
2025-11-18 03:00:00,10.1,84,21.3,0.0
2025-11-18 04:00:00,10.9,100,22.2,0.0
2025-11-18 05:00:00,9.7,98,23.9,0.0
2025-11-18 06:00:00,7.7,100,23.1,14.0
2025-11-18 07:00:00,6.4,100,23.0,52.0
2025-11-18 08:00:00,5.8,100,21.9,80.0
2025-11-18 09:00:00,5.8,100,20.1,130.0
2025-11-18 10:00:00,6.0,100,19.8,174.0
2025-11-18 11:00:00,5.1,100,18.0,96.0
2025-11-18 12:00:00,4.9,100,16.3,44.0
2025-11-18 13:00:00,5.0,100,15.1,35.0
2025-11-18 14:00:00,5.2,100,13.2,13.0
2025-11-18 15:00:00,5.2,100,12.9,0.0
2025-11-18 16:00:00,5.0,100,13.0,0.0
2025-11-18 17:00:00,4.8,66,13.1,0.0
2025-11-18 18:00:00,3.0,5,13.7,0.0
2025-11-18 19:00:00,1.6,0,12.0,0.0
2025-11-18 20:00:00,0.7,1,11.2,0.0
2025-11-18 21:00:00,-0.2,100,8.0,0.0
2025-11-18 22:00:00,-1.0,99,5.5,0.0
2025-11-18 23:00:00,-1.0,98,6.7,0.0
2025-11-19 00:00:00,-1.9,100,3.1,0.0
2025-11-19 01:00:00,-1.9,100,2.4,0.0
2025-11-19 02:00:00,-1.8,100,4.1,0.0
2025-11-19 03:00:00,-1.1,100,4.5,0.0
2025-11-19 04:00:00,-0.7,100,4.1,0.0
2025-11-19 05:00:00,-0.6,100,2.1,0.0
2025-11-19 06:00:00,-0.9,100,2.5,6.0
2025-11-19 07:00:00,0.2,100,1.1,58.0
2025-11-19 08:00:00,1.6,100,1.3,156.0
2025-11-19 09:00:00,2.6,37,1.3,201.0
2025-11-19 10:00:00,3.5,0,0.6,318.0
2025-11-19 11:00:00,4.0,2,1.9,327.0
2025-11-19 12:00:00,4.5,69,1.3,254.0
2025-11-19 13:00:00,4.3,52,1.2,144.0
2025-11-19 14:00:00,2.5,44,2.3,49.0
2025-11-19 15:00:00,0.9,28,4.6,0.0
2025-11-19 16:00:00,0.0,13,5.9,0.0
2025-11-19 17:00:00,-0.5,5,6.7,0.0
2025-11-19 18:00:00,-0.9,1,8.1,0.0
2025-11-19 19:00:00,-1.2,0,8.9,0.0
2025-11-19 20:00:00,-1.3,3,8.8,0.0
2025-11-19 21:00:00,-1.3,8,9.6,0.0
2025-11-19 22:00:00,-1.2,22,9.9,0.0
2025-11-19 23:00:00,-1.2,23,9.6,0.0
2025-11-20 00:00:00,-1.0,17,10.6,0.0
2025-11-20 01:00:00,-1.5,52,9.7,0.0
2025-11-20 02:00:00,-1.4,100,10.3,0.0
2025-11-20 03:00:00,-0.6,100,12.3,0.0
2025-11-20 04:00:00,-0.4,100,13.4,0.0
2025-11-20 05:00:00,-0.1,100,14.4,0.0
2025-11-20 06:00:00,0.1,100,17.2,4.0
2025-11-20 07:00:00,0.5,100,15.9,10.0
2025-11-20 08:00:00,1.0,100,16.3,26.0
2025-11-20 09:00:00,1.6,100,16.4,41.0
2025-11-20 10:00:00,2.2,100,16.7,52.0
2025-11-20 11:00:00,2.8,100,14.9,47.0
2025-11-20 12:00:00,3.3,100,13.6,39.0
2025-11-20 13:00:00,3.7,100,13.8,19.0
2025-11-20 14:00:00,3.7,100,14.2,7.0
2025-11-20 15:00:00,3.8,100,14.1,0.0
2025-11-20 16:00:00,4.0,100,14.7,0.0
2025-11-20 17:00:00,4.2,100,14.0,0.0
2025-11-20 18:00:00,4.5,100,13.4,0.0
2025-11-20 19:00:00,4.7,100,11.7,0.0
2025-11-20 20:00:00,4.8,100,9.4,0.0
2025-11-20 21:00:00,4.9,100,7.4,0.0
2025-11-20 22:00:00,5.0,100,6.3,0.0
2025-11-20 23:00:00,5.0,100,6.1,0.0
2025-11-21 00:00:00,5.1,100,6.7,0.0
2025-11-21 01:00:00,5.2,100,5.1,0.0
2025-11-21 02:00:00,5.2,100,7.6,0.0
2025-11-21 03:00:00,5.3,100,8.3,0.0
2025-11-21 04:00:00,5.6,100,8.5,0.0
2025-11-21 05:00:00,5.7,100,8.8,0.0
2025-11-21 06:00:00,5.8,100,10.6,1.0
2025-11-21 07:00:00,6.1,100,11.4,16.0
2025-11-21 08:00:00,6.5,100,12.5,38.0
2025-11-21 09:00:00,7.2,100,13.7,59.0
2025-11-21 10:00:00,8.8,100,11.7,109.0
2025-11-21 11:00:00,9.3,100,10.6,58.0
2025-11-21 12:00:00,11.0,100,12.5,59.0
2025-11-21 13:00:00,11.4,100,14.2,32.0
2025-11-21 14:00:00,11.4,100,13.9,12.0
2025-11-21 15:00:00,11.5,100,13.9,0.0
2025-11-21 16:00:00,11.5,100,11.2,0.0
2025-11-21 17:00:00,11.2,100,9.4,0.0
2025-11-21 18:00:00,11.6,100,11.9,0.0
2025-11-21 19:00:00,11.9,100,15.5,0.0
2025-11-21 20:00:00,12.3,80,14.8,0.0
2025-11-21 21:00:00,11.6,98,12.5,0.0
2025-11-21 22:00:00,10.5,100,9.3,0.0
2025-11-21 23:00:00,9.6,100,7.1,0.0
2025-11-22 00:00:00,9.2,100,7.6,0.0
2025-11-22 01:00:00,8.9,100,10.7,0.0
2025-11-22 02:00:00,8.4,100,11.8,0.0
2025-11-22 03:00:00,8.1,100,13.3,0.0
2025-11-22 04:00:00,7.8,100,13.6,0.0
2025-11-22 05:00:00,7.5,100,12.8,0.0
2025-11-22 06:00:00,6.9,100,13.0,3.0
2025-11-22 07:00:00,7.1,100,13.4,27.0
2025-11-22 08:00:00,6.9,100,12.3,26.0
2025-11-22 09:00:00,7.7,100,10.0,67.0
2025-11-22 10:00:00,8.2,100,8.7,70.0
2025-11-22 11:00:00,9.1,100,6.3,82.0
2025-11-22 12:00:00,8.1,100,9.5,68.0
2025-11-22 13:00:00,6.5,100,14.7,31.0
2025-11-22 14:00:00,5.4,100,15.2,8.0
2025-11-22 15:00:00,4.9,100,13.7,0.0
2025-11-22 16:00:00,4.5,100,14.2,0.0
2025-11-22 17:00:00,4.3,100,14.2,0.0
2025-11-22 18:00:00,4.0,100,13.7,0.0
2025-11-22 19:00:00,4.0,100,14.2,0.0
2025-11-22 20:00:00,3.8,100,15.7,0.0
2025-11-22 21:00:00,3.5,100,14.7,0.0
2025-11-22 22:00:00,3.4,100,13.5,0.0
2025-11-22 23:00:00,3.3,100,13.4,0.0
2025-11-23 00:00:00,3.0,100,14.1,0.0
2025-11-23 01:00:00,2.8,100,14.0,0.0
2025-11-23 02:00:00,2.7,100,15.2,0.0
2025-11-23 03:00:00,2.6,100,14.6,0.0
2025-11-23 04:00:00,2.7,100,14.4,0.0
2025-11-23 05:00:00,2.7,100,13.7,0.0
2025-11-23 06:00:00,2.8,100,17.5,3.0
2025-11-23 07:00:00,3.4,100,16.1,18.0
2025-11-23 08:00:00,3.8,100,11.7,21.0
2025-11-23 09:00:00,4.3,100,11.8,42.0
2025-11-23 10:00:00,5.1,100,11.4,44.0
2025-11-23 11:00:00,5.4,100,6.9,31.0
2025-11-23 12:00:00,5.7,100,4.3,27.0
2025-11-23 13:00:00,5.3,100,5.6,13.0
2025-11-23 14:00:00,5.2,100,6.0,5.0
2025-11-23 15:00:00,5.3,100,3.6,0.0
2025-11-23 16:00:00,5.4,100,3.8,0.0
2025-11-23 17:00:00,5.6,100,6.3,0.0
2025-11-23 18:00:00,4.8,100,11.8,0.0
2025-11-23 19:00:00,4.6,100,10.5,0.0
2025-11-23 20:00:00,4.1,100,14.1,0.0
2025-11-23 21:00:00,3.8,100,11.4,0.0
2025-11-23 22:00:00,3.5,100,12.3,0.0
2025-11-23 23:00:00,3.0,100,15.1,0.0
2025-11-24 00:00:00,2.8,100,14.0,0.0
2025-11-24 01:00:00,2.7,100,13.7,0.0
2025-11-24 02:00:00,2.3,100,14.9,0.0
2025-11-24 03:00:00,2.0,100,15.9,0.0
2025-11-24 04:00:00,2.0,100,14.9,0.0
2025-11-24 05:00:00,1.8,41,16.3,0.0
2025-11-24 06:00:00,0.7,0,12.3,8.0
2025-11-24 07:00:00,1.4,0,12.2,94.0
2025-11-24 08:00:00,2.5,0,12.7,201.0
2025-11-24 09:00:00,3.8,43,17.4,279.0
2025-11-24 10:00:00,4.3,28,16.4,288.0
2025-11-24 11:00:00,4.7,43,16.6,287.0
2025-11-24 12:00:00,4.4,87,16.1,217.0
2025-11-24 13:00:00,4.6,100,16.0,75.0
2025-11-24 14:00:00,4.4,100,11.6,22.0
2025-11-24 15:00:00,3.8,100,6.8,0.0
2025-11-24 16:00:00,3.5,100,5.1,0.0
2025-11-24 17:00:00,3.0,98,8.5,0.0
2025-11-24 18:00:00,4.0,100,12.0,0.0
2025-11-24 19:00:00,4.5,100,14.2,0.0
2025-11-24 20:00:00,4.8,100,15.7,0.0
2025-11-24 21:00:00,5.1,96,16.6,0.0
2025-11-24 22:00:00,4.2,99,11.8,0.0
2025-11-24 23:00:00,4.7,60,12.1,0.0
2025-11-25 00:00:00,3.1,73,12.6,0.0
2025-11-25 01:00:00,3.1,100,12.4,0.0
2025-11-25 02:00:00,4.2,100,15.1,0.0
2025-11-25 03:00:00,4.1,100,15.5,0.0
2025-11-25 04:00:00,4.0,84,15.1,0.0
2025-11-25 05:00:00,3.2,71,14.4,0.0
2025-11-25 06:00:00,3.0,85,15.7,7.0
2025-11-25 07:00:00,3.3,98,17.2,83.0
2025-11-25 08:00:00,3.8,100,19.5,126.0
2025-11-25 09:00:00,4.7,99,18.9,165.0
2025-11-25 10:00:00,6.0,38,16.3,264.0
2025-11-25 11:00:00,7.5,60,16.8,292.0
2025-11-25 12:00:00,9.6,88,24.5,234.0
2025-11-25 13:00:00,8.6,93,17.1,111.0
2025-11-25 14:00:00,7.8,99,19.9,35.0
2025-11-25 15:00:00,7.2,100,17.8,0.0
2025-11-25 16:00:00,7.4,100,18.2,0.0
2025-11-25 17:00:00,7.8,100,20.7,0.0
2025-11-25 18:00:00,8.5,100,23.3,0.0
2025-11-25 19:00:00,8.6,100,24.5,0.0
2025-11-25 20:00:00,9.2,100,25.0,0.0
2025-11-25 21:00:00,9.6,100,24.3,0.0
2025-11-25 22:00:00,9.8,100,23.0,0.0
2025-11-25 23:00:00,9.8,100,21.0,0.0
2025-11-26 00:00:00,9.4,100,20.8,0.0
2025-11-26 01:00:00,9.5,100,20.4,0.0
2025-11-26 02:00:00,9.6,100,19.2,0.0
2025-11-26 03:00:00,9.6,100,19.8,0.0
2025-11-26 04:00:00,9.6,100,20.9,0.0
2025-11-26 05:00:00,9.3,100,21.4,0.0
2025-11-26 06:00:00,9.2,100,21.6,2.0
2025-11-26 07:00:00,9.6,100,21.8,21.0
2025-11-26 08:00:00,10.1,100,21.9,55.0
2025-11-26 09:00:00,10.8,100,27.0,90.0
2025-11-26 10:00:00,11.4,100,25.8,119.0
2025-11-26 11:00:00,11.9,100,25.5,123.0
2025-11-26 12:00:00,11.6,100,22.3,52.0
2025-11-26 13:00:00,11.1,100,21.2,28.0
2025-11-26 14:00:00,10.9,100,20.3,8.0
2025-11-26 15:00:00,11.1,100,19.7,0.0
2025-11-26 16:00:00,11.4,100,19.1,0.0
2025-11-26 17:00:00,11.8,100,19.9,0.0
2025-11-26 18:00:00,11.9,100,18.7,0.0
2025-11-26 19:00:00,11.9,100,17.9,0.0
2025-11-26 20:00:00,11.7,100,18.0,0.0
2025-11-26 21:00:00,11.6,100,16.9,0.0
2025-11-26 22:00:00,11.6,100,15.6,0.0
2025-11-26 23:00:00,11.5,100,14.1,0.0
2025-11-27 00:00:00,11.6,100,13.2,0.0
2025-11-27 01:00:00,11.7,100,12.1,0.0
2025-11-27 02:00:00,11.6,100,11.0,0.0
2025-11-27 03:00:00,11.6,100,10.7,0.0
2025-11-27 04:00:00,11.6,100,8.9,0.0
2025-11-27 05:00:00,11.5,100,6.1,0.0
2025-11-27 06:00:00,11.2,100,5.8,1.0
2025-11-27 07:00:00,11.5,100,6.2,14.0
2025-11-27 08:00:00,11.7,100,8.3,32.0
2025-11-27 09:00:00,12.0,100,9.6,47.0
2025-11-27 10:00:00,12.1,100,8.2,53.0
2025-11-27 11:00:00,11.1,100,10.2,47.0
2025-11-27 12:00:00,9.4,100,12.2,51.0
2025-11-27 13:00:00,8.7,100,10.4,23.0
2025-11-27 14:00:00,8.0,100,12.1,10.0
2025-11-27 15:00:00,7.4,100,10.7,0.0
2025-11-27 16:00:00,7.1,100,10.3,0.0
2025-11-27 17:00:00,6.7,100,12.6,0.0
2025-11-27 18:00:00,5.9,100,13.2,0.0
2025-11-27 19:00:00,5.2,100,13.0,0.0
2025-11-27 20:00:00,4.6,100,13.5,0.0
2025-11-27 21:00:00,4.1,100,12.4,0.0
2025-11-27 22:00:00,3.8,100,10.8,0.0
2025-11-27 23:00:00,3.8,100,9.7,0.0
2025-11-28 00:00:00,3.4,100,11.3,0.0
2025-11-28 01:00:00,3.2,100,11.0,0.0
2025-11-28 02:00:00,2.8,100,12.1,0.0
2025-11-28 03:00:00,2.8,100,10.1,0.0
2025-11-28 04:00:00,2.8,100,10.1,0.0
2025-11-28 05:00:00,3.0,100,11.1,0.0
2025-11-28 06:00:00,2.8,100,11.2,2.0
2025-11-28 07:00:00,3.1,100,11.3,27.0
2025-11-28 08:00:00,3.4,100,9.0,33.0
2025-11-28 09:00:00,3.2,100,11.5,24.0
2025-11-28 10:00:00,3.0,100,10.4,33.0
2025-11-28 11:00:00,3.2,100,11.4,34.0
2025-11-28 12:00:00,3.2,100,11.5,39.0
2025-11-28 13:00:00,3.2,100,10.8,18.0
2025-11-28 14:00:00,3.3,100,9.4,5.0
2025-11-28 15:00:00,3.4,100,8.5,0.0
2025-11-28 16:00:00,3.5,100,8.6,0.0
2025-11-28 17:00:00,3.7,100,9.4,0.0
2025-11-28 18:00:00,3.4,100,9.9,0.0
2025-11-28 19:00:00,3.6,100,9.3,0.0
2025-11-28 20:00:00,4.0,100,8.8,0.0
2025-11-28 21:00:00,4.2,100,7.9,0.0
2025-11-28 22:00:00,4.4,100,7.4,0.0
2025-11-28 23:00:00,4.6,100,6.9,0.0
2025-11-29 00:00:00,4.7,100,7.3,0.0
2025-11-29 01:00:00,4.8,100,6.5,0.0
2025-11-29 02:00:00,5.0,100,8.1,0.0
2025-11-29 03:00:00,5.1,100,9.0,0.0
2025-11-29 04:00:00,5.3,100,9.0,0.0
2025-11-29 05:00:00,5.5,100,9.4,0.0
2025-11-29 06:00:00,5.2,100,9.0,1.0
2025-11-29 07:00:00,5.8,100,9.1,23.0
2025-11-29 08:00:00,6.3,100,9.1,40.0
2025-11-29 09:00:00,6.8,100,13.2,68.0
2025-11-29 10:00:00,7.3,100,12.2,97.0
2025-11-29 11:00:00,7.4,100,11.1,103.0
2025-11-29 12:00:00,6.8,100,9.1,76.0
2025-11-29 13:00:00,6.7,100,8.8,47.0
2025-11-29 14:00:00,6.2,100,7.1,9.0
2025-11-29 15:00:00,6.1,100,10.2,0.0
2025-11-29 16:00:00,5.9,100,8.1,0.0
2025-11-29 17:00:00,5.8,100,9.4,0.0
2025-11-29 18:00:00,5.3,100,9.5,0.0
2025-11-29 19:00:00,4.9,100,11.2,0.0
2025-11-29 20:00:00,4.8,100,12.1,0.0
2025-11-29 21:00:00,4.7,100,11.9,0.0
2025-11-29 22:00:00,4.7,100,12.1,0.0
2025-11-29 23:00:00,4.6,100,12.9,0.0
2025-11-30 00:00:00,4.6,100,11.7,0.0
2025-11-30 01:00:00,4.5,100,12.2,0.0
2025-11-30 02:00:00,4.3,100,13.5,0.0
2025-11-30 03:00:00,4.2,100,12.6,0.0
2025-11-30 04:00:00,4.1,100,11.5,0.0
2025-11-30 05:00:00,4.0,100,9.9,0.0
2025-11-30 06:00:00,3.7,100,12.6,1.0
2025-11-30 07:00:00,3.8,100,14.1,22.0
2025-11-30 08:00:00,4.2,100,14.2,56.0
2025-11-30 09:00:00,4.7,100,13.0,91.0
2025-11-30 10:00:00,4.9,100,12.7,105.0
2025-11-30 11:00:00,5.1,100,13.7,92.0
2025-11-30 12:00:00,4.3,100,14.1,84.0
2025-11-30 13:00:00,4.1,100,13.7,51.0
2025-11-30 14:00:00,3.4,100,13.6,12.0
2025-11-30 15:00:00,2.9,100,14.2,0.0
2025-11-30 16:00:00,2.7,100,14.3,0.0
2025-11-30 17:00:00,2.3,100,13.4,0.0
2025-11-30 18:00:00,2.0,100,14.1,0.0
2025-11-30 19:00:00,2.0,100,13.1,0.0
2025-11-30 20:00:00,2.0,100,12.5,0.0
2025-11-30 21:00:00,1.9,100,10.4,0.0
2025-11-30 22:00:00,1.9,100,10.9,0.0
2025-11-30 23:00:00,1.9,100,10.2,0.0
2025-12-01 00:00:00,2.3,100,10.0,0.0
2025-12-01 01:00:00,2.3,100,10.5,0.0
2025-12-01 02:00:00,2.3,100,10.6,0.0
2025-12-01 03:00:00,2.4,100,10.3,0.0
2025-12-01 04:00:00,2.6,100,10.3,0.0
2025-12-01 05:00:00,2.8,100,9.5,0.0
2025-12-01 06:00:00,2.8,100,8.5,1.0
2025-12-01 07:00:00,3.2,100,8.6,15.0
2025-12-01 08:00:00,3.8,100,8.7,34.0
2025-12-01 09:00:00,4.2,100,8.9,48.0
2025-12-01 10:00:00,4.6,100,8.2,48.0
2025-12-01 11:00:00,4.2,100,9.2,33.0
2025-12-01 12:00:00,3.8,100,9.0,27.0
2025-12-01 13:00:00,3.8,100,9.2,22.0
2025-12-01 14:00:00,3.8,100,7.9,5.0
2025-12-01 15:00:00,3.8,100,8.3,0.0
2025-12-01 16:00:00,3.8,100,8.1,0.0
2025-12-01 17:00:00,3.8,100,7.0,0.0
2025-12-01 18:00:00,3.8,100,7.0,0.0
2025-12-01 19:00:00,3.8,100,5.5,0.0
2025-12-01 20:00:00,3.8,100,5.4,0.0
2025-12-01 21:00:00,3.8,100,5.1,0.0
2025-12-01 22:00:00,3.8,100,5.5,0.0
2025-12-01 23:00:00,3.7,100,5.8,0.0
2025-12-02 00:00:00,3.6,100,6.2,0.0
2025-12-02 01:00:00,3.5,100,5.2,0.0
2025-12-02 02:00:00,3.5,100,5.4,0.0
2025-12-02 03:00:00,3.5,100,5.5,0.0
2025-12-02 04:00:00,3.5,100,6.0,0.0
2025-12-02 05:00:00,3.5,100,6.9,0.0
2025-12-02 06:00:00,3.3,100,8.7,1.0
2025-12-02 07:00:00,3.7,100,8.0,14.0
2025-12-02 08:00:00,3.9,100,5.6,28.0
2025-12-02 09:00:00,4.2,100,4.3,37.0
2025-12-02 10:00:00,4.4,100,4.4,45.0
2025-12-02 11:00:00,4.4,100,5.5,30.0
2025-12-02 12:00:00,4.3,100,7.0,35.0
2025-12-02 13:00:00,4.3,100,6.2,19.0
2025-12-02 14:00:00,4.1,100,4.8,5.0
2025-12-02 15:00:00,4.1,100,5.2,0.0
2025-12-02 16:00:00,4.1,100,5.3,0.0
2025-12-02 17:00:00,4.2,100,4.5,0.0
2025-12-02 18:00:00,4.2,100,4.3,0.0
2025-12-02 19:00:00,4.2,100,3.9,0.0
2025-12-02 20:00:00,4.2,100,4.2,0.0
2025-12-02 21:00:00,4.3,100,3.8,0.0
2025-12-02 22:00:00,4.3,100,4.1,0.0
2025-12-02 23:00:00,4.3,100,4.1,0.0
2025-12-03 00:00:00,4.4,100,5.0,0.0
2025-12-03 01:00:00,4.4,100,3.4,0.0
2025-12-03 02:00:00,4.5,100,2.0,0.0
2025-12-03 03:00:00,4.7,100,1.0,0.0
2025-12-03 04:00:00,4.7,100,0.3,0.0
2025-12-03 05:00:00,4.7,100,0.7,0.0
2025-12-03 06:00:00,4.8,100,2.2,1.0
2025-12-03 07:00:00,5.0,100,4.7,15.0
2025-12-03 08:00:00,5.4,100,6.7,38.0
2025-12-03 09:00:00,5.8,100,7.8,48.0
2025-12-03 10:00:00,6.4,100,9.4,67.0
2025-12-03 11:00:00,7.0,100,12.0,83.0
2025-12-03 12:00:00,6.6,100,12.5,68.0
2025-12-03 13:00:00,6.7,100,8.9,32.0
2025-12-03 14:00:00,6.2,100,7.1,6.0
2025-12-03 15:00:00,6.2,100,7.3,0.0
2025-12-03 16:00:00,6.1,100,8.6,0.0
2025-12-03 17:00:00,6.3,100,10.1,0.0
2025-12-03 18:00:00,6.6,100,11.4,0.0
2025-12-03 19:00:00,6.2,100,9.8,0.0
2025-12-03 20:00:00,6.1,100,11.1,0.0
2025-12-03 21:00:00,5.9,100,11.1,0.0
2025-12-03 22:00:00,6.2,100,12.6,0.0
2025-12-03 23:00:00,6.1,100,13.6,0.0
2025-12-04 00:00:00,6.2,100,15.2,0.0
2025-12-04 01:00:00,5.8,35,15.1,0.0
2025-12-04 02:00:00,5.2,100,14.5,0.0
2025-12-04 03:00:00,5.6,100,15.3,0.0
2025-12-04 04:00:00,5.8,100,15.9,0.0
2025-12-04 05:00:00,5.7,100,15.8,0.0
2025-12-04 06:00:00,5.7,100,16.5,1.0
2025-12-04 07:00:00,5.9,100,16.9,15.0
2025-12-04 08:00:00,6.1,100,16.3,21.0
2025-12-04 09:00:00,6.4,100,18.3,34.0
2025-12-04 10:00:00,6.6,100,18.1,49.0
2025-12-04 11:00:00,6.8,100,16.9,36.0
2025-12-04 12:00:00,6.8,100,18.6,38.0
2025-12-04 13:00:00,6.7,100,16.2,33.0
2025-12-04 14:00:00,6.3,100,16.3,7.0
2025-12-04 15:00:00,5.9,100,15.9,0.0
2025-12-04 16:00:00,6.0,100,16.2,0.0
2025-12-04 17:00:00,6.1,100,15.6,0.0
2025-12-04 18:00:00,6.3,100,14.7,0.0
2025-12-04 19:00:00,6.2,100,14.2,0.0
2025-12-04 20:00:00,5.9,100,13.7,0.0
2025-12-04 21:00:00,5.6,100,15.0,0.0
2025-12-04 22:00:00,5.3,100,15.8,0.0
2025-12-04 23:00:00,5.2,100,16.1,0.0
2025-12-05 00:00:00,5.4,100,15.9,0.0
2025-12-05 01:00:00,5.3,100,15.7,0.0
2025-12-05 02:00:00,5.2,100,14.0,0.0
2025-12-05 03:00:00,5.0,100,13.5,0.0
2025-12-05 04:00:00,4.8,100,13.4,0.0
2025-12-05 05:00:00,4.6,100,14.2,0.0
2025-12-05 06:00:00,4.3,100,14.3,1.0
2025-12-05 07:00:00,4.2,100,15.0,20.0
2025-12-05 08:00:00,4.4,100,16.3,38.0
2025-12-05 09:00:00,4.6,100,16.8,67.0
2025-12-05 10:00:00,4.7,100,16.1,97.0
2025-12-05 11:00:00,4.4,100,15.3,69.0
2025-12-05 12:00:00,4.3,100,16.5,64.0
2025-12-05 13:00:00,4.2,85,16.6,70.0
2025-12-05 14:00:00,3.2,99,13.9,22.0
2025-12-05 15:00:00,2.6,99,13.2,0.0
2025-12-05 16:00:00,2.4,98,13.4,0.0
2025-12-05 17:00:00,1.8,98,13.1,0.0
2025-12-05 18:00:00,2.0,100,13.6,0.0
2025-12-05 19:00:00,1.9,100,14.5,0.0
2025-12-05 20:00:00,1.9,100,14.2,0.0
2025-12-05 21:00:00,1.6,97,13.1,0.0
2025-12-05 22:00:00,1.2,3,13.5,0.0
2025-12-05 23:00:00,0.1,13,13.3,0.0
2025-12-06 00:00:00,0.8,100,14.9,0.0
2025-12-06 01:00:00,0.8,53,15.5,0.0
2025-12-06 02:00:00,-0.3,16,13.3,0.0
2025-12-06 03:00:00,-1.0,15,12.6,0.0
2025-12-06 04:00:00,-1.2,32,12.5,0.0
2025-12-06 05:00:00,-1.2,100,12.1,0.0
2025-12-06 06:00:00,0.3,100,18.4,1.0
2025-12-06 07:00:00,0.6,100,18.3,19.0
2025-12-06 08:00:00,0.9,100,17.4,60.0
2025-12-06 09:00:00,1.6,98,17.2,108.0
2025-12-06 10:00:00,2.3,99,17.0,165.0
2025-12-06 11:00:00,2.8,100,16.7,192.0
2025-12-06 12:00:00,1.4,100,15.9,154.0
2025-12-06 13:00:00,1.0,100,15.2,52.0
2025-12-06 14:00:00,0.6,100,14.0,12.0
2025-12-06 15:00:00,0.4,100,14.7,0.0
2025-12-06 16:00:00,0.3,100,16.3,0.0
2025-12-06 17:00:00,0.2,100,17.6,0.0
2025-12-06 18:00:00,0.2,100,14.5,0.0
2025-12-06 19:00:00,0.3,100,11.2,0.0
2025-12-06 20:00:00,0.3,100,8.6,0.0
2025-12-06 21:00:00,0.9,100,10.0,0.0
2025-12-06 22:00:00,1.1,100,10.5,0.0
2025-12-06 23:00:00,1.2,100,11.8,0.0
2025-12-07 00:00:00,1.2,100,11.5,0.0
2025-12-07 01:00:00,1.4,100,10.1,0.0
2025-12-07 02:00:00,1.6,100,10.0,0.0
2025-12-07 03:00:00,1.6,100,8.9,0.0
2025-12-07 04:00:00,1.8,100,8.8,0.0
2025-12-07 05:00:00,1.8,100,9.4,0.0
2025-12-07 06:00:00,1.8,100,13.6,1.0
2025-12-07 07:00:00,2.2,100,15.6,20.0
2025-12-07 08:00:00,2.8,100,15.7,43.0
2025-12-07 09:00:00,3.2,100,15.2,67.0
2025-12-07 10:00:00,3.7,100,14.6,87.0
2025-12-07 11:00:00,4.1,100,14.4,98.0
2025-12-07 12:00:00,4.1,100,14.1,96.0
2025-12-07 13:00:00,4.2,100,11.6,49.0
2025-12-07 14:00:00,3.5,100,9.5,16.0
2025-12-07 15:00:00,2.2,100,12.6,0.0
2025-12-07 16:00:00,2.0,100,12.8,0.0
2025-12-07 17:00:00,1.6,100,11.1,0.0
2025-12-07 18:00:00,2.5,100,12.9,0.0
2025-12-07 19:00:00,2.3,99,11.3,0.0
2025-12-07 20:00:00,0.9,95,8.4,0.0
2025-12-07 21:00:00,-0.1,100,7.6,0.0
2025-12-07 22:00:00,-0.2,100,8.8,0.0
2025-12-07 23:00:00,-0.6,87,8.3,0.0
2025-12-08 00:00:00,-0.3,93,9.4,0.0
2025-12-08 01:00:00,-0.6,88,7.7,0.0
2025-12-08 02:00:00,-0.8,95,9.1,0.0
2025-12-08 03:00:00,-0.6,100,9.7,0.0
2025-12-08 04:00:00,0.2,100,10.5,0.0
2025-12-08 05:00:00,0.9,100,10.3,0.0
2025-12-08 06:00:00,0.8,100,9.0,0.0
2025-12-08 07:00:00,1.0,100,11.6,13.0
2025-12-08 08:00:00,1.3,100,10.3,34.0
2025-12-08 09:00:00,1.6,100,10.3,60.0
2025-12-08 10:00:00,1.9,100,9.6,68.0
2025-12-08 11:00:00,2.0,100,9.0,60.0
2025-12-08 12:00:00,2.2,100,8.6,55.0
2025-12-08 13:00:00,2.0,100,7.6,26.0
2025-12-08 14:00:00,1.7,100,6.3,7.0
2025-12-08 15:00:00,1.6,100,6.8,0.0
2025-12-08 16:00:00,1.5,100,6.8,0.0
2025-12-08 17:00:00,1.4,100,6.3,0.0
2025-12-08 18:00:00,1.1,100,5.5,0.0
2025-12-08 19:00:00,1.1,100,3.4,0.0
2025-12-08 20:00:00,0.9,100,3.5,0.0
2025-12-08 21:00:00,0.9,100,0.8,0.0
2025-12-08 22:00:00,0.9,100,1.2,0.0
2025-12-08 23:00:00,0.7,100,1.9,0.0
2025-12-09 00:00:00,1.0,100,2.9,0.0
2025-12-09 01:00:00,0.6,100,0.9,0.0
2025-12-09 02:00:00,0.8,100,1.9,0.0
2025-12-09 03:00:00,0.5,100,2.1,0.0
2025-12-09 04:00:00,0.6,100,2.2,0.0
2025-12-09 05:00:00,0.3,100,4.0,0.0
2025-12-09 06:00:00,-0.1,100,4.9,1.0
2025-12-09 07:00:00,0.6,100,10.1,35.0
2025-12-09 08:00:00,1.2,100,11.1,71.0
2025-12-09 09:00:00,1.7,100,11.8,80.0
2025-12-09 10:00:00,2.6,100,11.9,127.0
2025-12-09 11:00:00,3.0,100,13.1,108.0
2025-12-09 12:00:00,2.7,100,14.2,59.0
2025-12-09 13:00:00,2.5,100,14.5,42.0
2025-12-09 14:00:00,2.2,100,17.0,7.0
2025-12-09 15:00:00,1.6,100,18.8,0.0
2025-12-09 16:00:00,1.6,100,18.4,0.0
2025-12-09 17:00:00,1.5,100,20.3,0.0
2025-12-09 18:00:00,1.5,100,19.3,0.0
2025-12-09 19:00:00,1.7,100,19.0,0.0
2025-12-09 20:00:00,2.0,100,17.8,0.0
2025-12-09 21:00:00,2.3,100,17.2,0.0
2025-12-09 22:00:00,2.8,100,15.1,0.0
2025-12-09 23:00:00,3.2,100,13.8,0.0
2025-12-10 00:00:00,3.2,100,12.8,0.0
2025-12-10 01:00:00,3.5,100,12.1,0.0
2025-12-10 02:00:00,4.0,100,12.0,0.0
2025-12-10 03:00:00,4.3,100,10.9,0.0
2025-12-10 04:00:00,4.5,100,9.8,0.0
2025-12-10 05:00:00,4.5,100,7.8,0.0
2025-12-10 06:00:00,4.5,100,6.5,0.0
2025-12-10 07:00:00,4.7,100,6.9,11.0
2025-12-10 08:00:00,5.3,91,11.9,35.0
2025-12-10 09:00:00,6.7,70,11.3,142.0
2025-12-10 10:00:00,7.7,100,14.0,178.0
2025-12-10 11:00:00,7.8,100,14.1,117.0
2025-12-10 12:00:00,8.2,100,11.7,80.0
2025-12-10 13:00:00,7.8,100,5.4,52.0
2025-12-10 14:00:00,6.7,100,4.0,11.0
2025-12-10 15:00:00,6.5,100,4.6,0.0
2025-12-10 16:00:00,6.3,100,5.2,0.0
2025-12-10 17:00:00,5.7,100,3.8,0.0
2025-12-10 18:00:00,6.1,100,3.9,0.0
2025-12-10 19:00:00,5.8,99,3.1,0.0
2025-12-10 20:00:00,4.9,95,2.7,0.0
2025-12-10 21:00:00,4.0,95,4.9,0.0
2025-12-10 22:00:00,4.8,100,8.0,0.0
2025-12-10 23:00:00,5.3,100,8.0,0.0
2025-12-11 00:00:00,6.0,100,8.0,0.0
2025-12-11 01:00:00,6.1,100,8.6,0.0
2025-12-11 02:00:00,6.2,100,9.0,0.0
2025-12-11 03:00:00,6.3,100,10.0,0.0
2025-12-11 04:00:00,6.4,100,11.0,0.0
2025-12-11 05:00:00,6.4,100,10.2,0.0
2025-12-11 06:00:00,6.4,100,13.6,0.0
2025-12-11 07:00:00,6.7,100,14.6,11.0
2025-12-11 08:00:00,7.3,100,16.6,70.0
2025-12-11 09:00:00,7.6,100,16.8,69.0
2025-12-11 10:00:00,7.6,100,15.3,43.0
2025-12-11 11:00:00,8.8,100,20.2,104.0
2025-12-11 12:00:00,8.6,100,17.3,67.0
2025-12-11 13:00:00,8.1,100,13.9,16.0
2025-12-11 14:00:00,7.9,100,14.3,7.0
2025-12-11 15:00:00,7.7,100,14.3,0.0
2025-12-11 16:00:00,7.4,100,14.1,0.0
2025-12-11 17:00:00,7.3,100,13.4,0.0
2025-12-11 18:00:00,7.4,100,13.6,0.0
2025-12-11 19:00:00,7.0,100,12.4,0.0
2025-12-11 20:00:00,6.6,100,13.9,0.0
2025-12-11 21:00:00,6.7,100,14.3,0.0
2025-12-11 22:00:00,7.0,100,13.9,0.0
2025-12-11 23:00:00,7.2,100,14.9,0.0
2025-12-12 00:00:00,7.2,100,16.2,0.0
2025-12-12 01:00:00,6.8,100,15.4,0.0
2025-12-12 02:00:00,6.6,100,15.8,0.0
2025-12-12 03:00:00,6.7,100,17.1,0.0
2025-12-12 04:00:00,6.4,100,16.2,0.0
2025-12-12 05:00:00,6.2,100,15.2,0.0
2025-12-12 06:00:00,6.1,100,14.7,0.0
2025-12-12 07:00:00,6.4,100,17.4,18.0
2025-12-12 08:00:00,5.9,100,19.6,39.0
2025-12-12 09:00:00,6.1,100,19.6,61.0
2025-12-12 10:00:00,6.7,100,21.4,97.0
2025-12-12 11:00:00,7.3,100,19.2,98.0
2025-12-12 12:00:00,7.7,100,21.1,89.0
2025-12-12 13:00:00,7.6,100,19.4,25.0
2025-12-12 14:00:00,7.3,100,19.1,6.0
2025-12-12 15:00:00,7.3,100,19.5,0.0
2025-12-12 16:00:00,7.2,76,19.7,0.0
2025-12-12 17:00:00,6.8,100,21.7,0.0
2025-12-12 18:00:00,6.5,100,21.4,0.0
2025-12-12 19:00:00,7.1,100,23.3,0.0
2025-12-12 20:00:00,7.2,100,25.9,0.0
2025-12-12 21:00:00,6.7,100,26.6,0.0
2025-12-12 22:00:00,6.2,95,28.4,0.0
2025-12-12 23:00:00,5.7,100,25.1,0.0
2025-12-13 00:00:00,5.3,99,23.6,0.0
2025-12-13 01:00:00,4.2,100,23.8,0.0
2025-12-13 02:00:00,3.0,95,22.5,0.0
2025-12-13 03:00:00,1.7,8,22.5,0.0
2025-12-13 04:00:00,-0.5,2,19.6,0.0
2025-12-13 05:00:00,-1.8,3,15.9,0.0
2025-12-13 06:00:00,-2.7,16,15.7,0.0
2025-12-13 07:00:00,-2.3,98,16.5,53.0
2025-12-13 08:00:00,-1.8,100,16.3,153.0
2025-12-13 09:00:00,-1.2,100,15.0,187.0
2025-12-13 10:00:00,-0.6,80,14.3,244.0
2025-12-13 11:00:00,-0.1,14,13.6,255.0
2025-12-13 12:00:00,-0.1,5,12.8,214.0
2025-12-13 13:00:00,-0.4,6,12.1,126.0
2025-12-13 14:00:00,-1.8,5,9.2,30.0
2025-12-13 15:00:00,-2.7,100,7.6,0.0
2025-12-13 16:00:00,-3.5,100,5.6,0.0
2025-12-13 17:00:00,-3.8,100,4.8,0.0
2025-12-13 18:00:00,-3.6,99,4.6,0.0
2025-12-13 19:00:00,-3.6,100,3.1,0.0
2025-12-13 20:00:00,-2.7,100,2.4,0.0
2025-12-13 21:00:00,-2.5,100,2.3,0.0
2025-12-13 22:00:00,-2.3,100,5.4,0.0
2025-12-13 23:00:00,-2.2,96,6.7,0.0
2025-12-14 00:00:00,-2.5,89,9.7,0.0
2025-12-14 01:00:00,-3.0,100,9.9,0.0
2025-12-14 02:00:00,-2.2,100,10.5,0.0
2025-12-14 03:00:00,-1.9,100,12.5,0.0
2025-12-14 04:00:00,-1.5,100,14.0,0.0
2025-12-14 05:00:00,-1.2,100,15.1,0.0
2025-12-14 06:00:00,-0.8,100,16.3,0.0
2025-12-14 07:00:00,-0.4,100,15.7,8.0
2025-12-14 08:00:00,0.2,100,16.0,23.0
2025-12-14 09:00:00,1.4,100,14.8,52.0
2025-12-14 10:00:00,1.2,100,13.9,59.0
2025-12-14 11:00:00,1.0,100,13.9,43.0
2025-12-14 12:00:00,1.1,100,12.8,34.0
2025-12-14 13:00:00,1.5,100,11.2,19.0
2025-12-14 14:00:00,1.5,100,9.3,5.0
2025-12-14 15:00:00,1.7,100,8.2,0.0
2025-12-14 16:00:00,2.0,100,11.0,0.0
2025-12-14 17:00:00,2.2,100,12.9,0.0
2025-12-14 18:00:00,2.0,100,11.5,0.0
2025-12-14 19:00:00,1.8,100,12.1,0.0
2025-12-14 20:00:00,1.5,100,13.4,0.0
2025-12-14 21:00:00,1.0,100,10.9,0.0
2025-12-14 22:00:00,0.9,100,11.7,0.0
2025-12-14 23:00:00,0.9,100,10.4,0.0
2025-12-15 00:00:00,0.6,100,11.8,0.0
2025-12-15 01:00:00,0.6,100,9.0,0.0
2025-12-15 02:00:00,0.5,100,7.3,0.0
2025-12-15 03:00:00,0.6,100,5.9,0.0
2025-12-15 04:00:00,0.8,100,7.1,0.0
2025-12-15 05:00:00,2.0,100,11.5,0.0
2025-12-15 06:00:00,2.2,100,12.6,0.0
2025-12-15 07:00:00,2.8,100,15.6,16.0
2025-12-15 08:00:00,3.0,100,16.9,40.0
2025-12-15 09:00:00,3.2,100,16.2,51.0
2025-12-15 10:00:00,4.4,100,14.1,149.0
2025-12-15 11:00:00,4.9,100,15.4,136.0
2025-12-15 12:00:00,5.4,100,18.2,68.0
2025-12-15 13:00:00,5.2,100,14.1,42.0
2025-12-15 14:00:00,4.8,100,12.9,9.0
2025-12-15 15:00:00,4.4,100,12.2,0.0
2025-12-15 16:00:00,4.2,100,12.7,0.0
2025-12-15 17:00:00,4.2,100,14.1,0.0
2025-12-15 18:00:00,4.6,100,12.6,0.0
2025-12-15 19:00:00,4.6,100,11.8,0.0
2025-12-15 20:00:00,4.6,100,10.3,0.0
2025-12-15 21:00:00,4.3,100,9.0,0.0
2025-12-15 22:00:00,4.2,100,9.7,0.0
2025-12-15 23:00:00,4.2,100,10.9,0.0
2025-12-16 00:00:00,4.1,100,10.2,0.0
2025-12-16 01:00:00,3.7,84,7.9,0.0
2025-12-16 02:00:00,2.9,98,6.7,0.0
2025-12-16 03:00:00,1.6,76,5.4,0.0
2025-12-16 04:00:00,0.5,23,4.7,0.0
2025-12-16 05:00:00,-0.4,20,5.1,0.0
2025-12-16 06:00:00,1.5,100,7.1,0.0
2025-12-16 07:00:00,1.9,100,5.9,20.0
2025-12-16 08:00:00,2.3,100,5.1,61.0
2025-12-16 09:00:00,2.9,100,6.7,100.0
2025-12-16 10:00:00,3.2,100,8.0,93.0
2025-12-16 11:00:00,3.8,100,7.4,106.0
2025-12-16 12:00:00,3.8,100,7.9,99.0
2025-12-16 13:00:00,3.7,100,7.9,51.0
2025-12-16 14:00:00,3.5,100,6.4,15.0
2025-12-16 15:00:00,3.5,100,6.9,0.0
2025-12-16 16:00:00,3.5,100,7.1,0.0
2025-12-16 17:00:00,3.5,100,6.8,0.0
2025-12-16 18:00:00,3.0,100,8.8,0.0
2025-12-16 19:00:00,2.7,100,7.7,0.0
2025-12-16 20:00:00,2.6,100,9.3,0.0
2025-12-16 21:00:00,2.2,100,9.7,0.0
2025-12-16 22:00:00,2.2,100,10.7,0.0
2025-12-16 23:00:00,2.2,100,9.1,0.0
2025-12-17 00:00:00,2.3,100,5.5,0.0
2025-12-17 01:00:00,2.3,100,8.0,0.0
2025-12-17 02:00:00,2.2,100,9.2,0.0
2025-12-17 03:00:00,2.0,100,10.3,0.0
2025-12-17 04:00:00,1.5,100,11.6,0.0
2025-12-17 05:00:00,1.3,100,11.9,0.0
2025-12-17 06:00:00,0.8,100,9.3,0.0
2025-12-17 07:00:00,0.9,100,10.9,14.0
2025-12-17 08:00:00,1.4,100,13.8,50.0
2025-12-17 09:00:00,1.9,100,14.0,94.0
2025-12-17 10:00:00,2.7,100,14.9,121.0
2025-12-17 11:00:00,3.5,100,16.9,120.0
2025-12-17 12:00:00,3.2,100,15.4,110.0
2025-12-17 13:00:00,3.5,100,14.7,69.0
2025-12-17 14:00:00,3.0,100,11.9,21.0
2025-12-17 15:00:00,3.1,100,13.6,0.0
2025-12-17 16:00:00,3.6,100,14.0,0.0
2025-12-17 17:00:00,3.8,100,13.3,0.0
2025-12-17 18:00:00,4.0,100,14.3,0.0
2025-12-17 19:00:00,3.3,89,13.5,0.0
2025-12-17 20:00:00,2.3,97,12.4,0.0
2025-12-17 21:00:00,2.1,100,13.3,0.0
2025-12-17 22:00:00,2.5,100,14.8,0.0
2025-12-17 23:00:00,2.8,100,14.2,0.0
2025-12-18 00:00:00,2.8,100,14.0,0.0
2025-12-18 01:00:00,2.5,100,16.2,0.0
2025-12-18 02:00:00,2.3,100,14.3,0.0
2025-12-18 03:00:00,2.1,100,14.7,0.0
2025-12-18 04:00:00,1.9,100,14.3,0.0
2025-12-18 05:00:00,1.5,100,13.6,0.0
2025-12-18 06:00:00,1.2,85,11.8,0.0
2025-12-18 07:00:00,1.2,67,11.8,31.0
2025-12-18 08:00:00,2.2,50,10.1,119.0
2025-12-18 09:00:00,3.5,100,9.5,167.0
2025-12-18 10:00:00,4.0,100,11.0,129.0
2025-12-18 11:00:00,4.1,100,11.4,81.0
2025-12-18 12:00:00,4.6,100,9.3,101.0
2025-12-18 13:00:00,4.7,64,8.1,80.0
2025-12-18 14:00:00,3.2,23,9.0,27.0
2025-12-18 15:00:00,2.5,1,9.2,0.0
2025-12-18 16:00:00,2.3,0,9.6,0.0
2025-12-18 17:00:00,2.3,0,10.6,0.0
2025-12-18 18:00:00,2.2,0,10.7,0.0
2025-12-18 19:00:00,1.8,0,9.6,0.0
2025-12-18 20:00:00,1.1,0,8.5,0.0
2025-12-18 21:00:00,0.6,1,8.6,0.0
2025-12-18 22:00:00,0.0,52,7.8,0.0
2025-12-18 23:00:00,0.2,98,7.5,0.0
2025-12-19 00:00:00,0.6,71,8.1,0.0
2025-12-19 01:00:00,1.2,100,7.2,0.0
2025-12-19 02:00:00,1.5,100,7.3,0.0
2025-12-19 03:00:00,1.8,100,7.0,0.0
2025-12-19 04:00:00,1.8,100,7.3,0.0
2025-12-19 05:00:00,1.7,100,7.5,0.0
2025-12-19 06:00:00,0.9,100,7.6,0.0
2025-12-19 07:00:00,0.9,100,8.9,15.0
2025-12-19 08:00:00,0.9,100,8.2,37.0
2025-12-19 09:00:00,1.1,100,7.6,47.0
2025-12-19 10:00:00,1.5,100,7.0,67.0
2025-12-19 11:00:00,1.8,100,6.0,62.0
2025-12-19 12:00:00,1.9,100,4.5,46.0
2025-12-19 13:00:00,1.7,100,4.0,35.0
2025-12-19 14:00:00,1.4,100,3.9,9.0
2025-12-19 15:00:00,1.1,100,5.2,0.0
2025-12-19 16:00:00,0.9,100,5.6,0.0
2025-12-19 17:00:00,0.9,100,6.5,0.0
2025-12-19 18:00:00,0.6,100,4.8,0.0
2025-12-19 19:00:00,0.5,100,5.2,0.0
2025-12-19 20:00:00,0.6,100,4.3,0.0
2025-12-19 21:00:00,0.4,100,1.5,0.0
2025-12-19 22:00:00,0.5,100,1.2,0.0
2025-12-19 23:00:00,0.4,100,1.2,0.0
2025-12-20 00:00:00,0.2,100,6.2,0.0
2025-12-20 01:00:00,0.1,100,6.0,0.0
2025-12-20 02:00:00,0.1,100,6.1,0.0
2025-12-20 03:00:00,0.1,100,5.9,0.0
2025-12-20 04:00:00,0.1,100,5.0,0.0
2025-12-20 05:00:00,0.0,100,4.1,0.0
2025-12-20 06:00:00,-0.2,100,4.0,0.0
2025-12-20 07:00:00,-0.1,100,4.3,14.0
2025-12-20 08:00:00,0.1,100,5.6,52.0
2025-12-20 09:00:00,0.3,100,6.5,81.0
2025-12-20 10:00:00,0.7,100,7.1,106.0
2025-12-20 11:00:00,0.9,100,7.1,93.0
2025-12-20 12:00:00,0.4,100,6.0,85.0
2025-12-20 13:00:00,0.3,100,5.8,46.0
2025-12-20 14:00:00,0.1,100,4.6,10.0
2025-12-20 15:00:00,-0.3,100,4.5,0.0
2025-12-20 16:00:00,-0.2,100,6.0,0.0
2025-12-20 17:00:00,-0.2,100,6.3,0.0
2025-12-20 18:00:00,-0.3,100,6.3,0.0
2025-12-20 19:00:00,-0.5,100,5.8,0.0
2025-12-20 20:00:00,-0.6,100,6.0,0.0
2025-12-20 21:00:00,-0.6,100,6.0,0.0
2025-12-20 22:00:00,-0.6,100,6.6,0.0
2025-12-20 23:00:00,-0.5,100,7.4,0.0
2025-12-21 00:00:00,-0.6,100,7.5,0.0
2025-12-21 01:00:00,-0.6,100,7.3,0.0
2025-12-21 02:00:00,-0.6,100,6.6,0.0
2025-12-21 03:00:00,-0.4,100,6.6,0.0
2025-12-21 04:00:00,-0.4,100,6.0,0.0
2025-12-21 05:00:00,-0.3,100,6.5,0.0
2025-12-21 06:00:00,-0.4,100,5.4,0.0
2025-12-21 07:00:00,-0.2,100,6.8,10.0
2025-12-21 08:00:00,0.2,100,7.8,28.0
2025-12-21 09:00:00,0.5,100,8.1,46.0
2025-12-21 10:00:00,1.0,100,8.7,73.0
2025-12-21 11:00:00,1.1,100,9.0,60.0
2025-12-21 12:00:00,1.2,100,8.4,44.0
2025-12-21 13:00:00,1.3,100,8.8,41.0
2025-12-21 14:00:00,0.8,100,7.7,9.0
2025-12-21 15:00:00,0.7,100,9.2,0.0
2025-12-21 16:00:00,0.6,100,9.3,0.0
2025-12-21 17:00:00,0.6,100,9.3,0.0
2025-12-21 18:00:00,1.0,100,8.5,0.0
2025-12-21 19:00:00,1.2,100,8.7,0.0
2025-12-21 20:00:00,1.4,100,8.6,0.0
2025-12-21 21:00:00,1.5,100,8.7,0.0
2025-12-21 22:00:00,1.5,100,9.3,0.0
2025-12-21 23:00:00,1.4,100,9.4,0.0
2025-12-22 00:00:00,1.2,100,10.4,0.0
2025-12-22 01:00:00,0.9,100,14.1,0.0
2025-12-22 02:00:00,0.3,100,15.1,0.0
2025-12-22 03:00:00,-0.2,100,15.5,0.0
2025-12-22 04:00:00,-0.2,100,11.7,0.0
2025-12-22 05:00:00,-0.1,100,12.0,0.0
2025-12-22 06:00:00,0.6,100,12.2,0.0
2025-12-22 07:00:00,1.5,100,12.9,11.0
2025-12-22 08:00:00,2.3,100,14.5,41.0
2025-12-22 09:00:00,2.7,100,15.3,84.0
2025-12-22 10:00:00,2.6,100,15.3,70.0
2025-12-22 11:00:00,2.7,100,14.0,64.0
2025-12-22 12:00:00,2.8,100,13.6,60.0
2025-12-22 13:00:00,3.0,100,11.6,37.0
2025-12-22 14:00:00,2.5,100,10.1,8.0
2025-12-22 15:00:00,2.3,100,10.0,0.0
2025-12-22 16:00:00,2.2,100,10.2,0.0
2025-12-22 17:00:00,1.9,95,9.3,0.0
2025-12-22 18:00:00,2.1,100,9.9,0.0
2025-12-22 19:00:00,2.0,100,10.7,0.0
2025-12-22 20:00:00,1.9,100,9.3,0.0
2025-12-22 21:00:00,1.8,100,10.1,0.0
2025-12-22 22:00:00,1.6,100,8.9,0.0
2025-12-22 23:00:00,1.5,100,7.5,0.0
2025-12-23 00:00:00,1.5,100,6.0,0.0
2025-12-23 01:00:00,1.7,100,5.1,0.0
2025-12-23 02:00:00,1.5,100,4.1,0.0
2025-12-23 03:00:00,1.4,100,3.7,0.0
2025-12-23 04:00:00,1.2,100,3.6,0.0
2025-12-23 05:00:00,1.0,100,5.9,0.0
2025-12-23 06:00:00,0.9,100,6.5,0.0
2025-12-23 07:00:00,1.1,100,4.0,10.0
2025-12-23 08:00:00,1.2,100,5.1,32.0
2025-12-23 09:00:00,1.7,100,7.0,73.0
2025-12-23 10:00:00,2.3,100,7.2,112.0
2025-12-23 11:00:00,2.3,100,7.6,83.0
2025-12-23 12:00:00,1.8,100,7.6,50.0
2025-12-23 13:00:00,1.5,100,8.6,28.0
2025-12-23 14:00:00,1.0,100,8.4,11.0
2025-12-23 15:00:00,0.6,88,6.3,0.0
2025-12-23 16:00:00,-1.6,85,5.9,0.0
2025-12-23 17:00:00,-2.5,82,6.2,0.0
2025-12-23 18:00:00,-1.8,100,5.1,0.0
2025-12-23 19:00:00,-1.5,100,4.8,0.0
2025-12-23 20:00:00,-1.2,100,4.0,0.0
2025-12-23 21:00:00,-0.8,100,5.6,0.0
2025-12-23 22:00:00,-0.9,100,11.5,0.0
2025-12-23 23:00:00,-1.5,100,16.0,0.0
2025-12-24 00:00:00,-2.8,100,17.1,0.0
2025-12-24 01:00:00,-3.8,100,15.4,0.0
2025-12-24 02:00:00,-4.1,100,14.9,0.0
2025-12-24 03:00:00,-4.3,100,15.5,0.0
2025-12-24 04:00:00,-4.6,100,16.3,0.0
2025-12-24 05:00:00,-5.2,100,16.5,0.0
2025-12-24 06:00:00,-5.6,100,16.5,0.0
2025-12-24 07:00:00,-5.8,100,16.8,19.0
2025-12-24 08:00:00,-6.2,100,16.0,62.0
2025-12-24 09:00:00,-6.4,84,15.3,111.0
2025-12-24 10:00:00,-6.2,35,14.8,201.0
2025-12-24 11:00:00,-6.0,5,14.4,245.0
2025-12-24 12:00:00,-6.6,2,13.4,223.0
2025-12-24 13:00:00,-7.2,0,12.7,136.0
2025-12-24 14:00:00,-8.1,0,10.5,37.0
2025-12-24 15:00:00,-8.8,0,10.1,0.0
2025-12-24 16:00:00,-9.3,0,8.8,0.0
2025-12-24 17:00:00,-9.9,0,8.2,0.0
2025-12-24 18:00:00,-10.7,20,7.7,0.0
2025-12-24 19:00:00,-10.6,100,7.9,0.0
2025-12-24 20:00:00,-10.1,100,8.5,0.0
2025-12-24 21:00:00,-9.8,100,7.4,0.0
2025-12-24 22:00:00,-9.8,100,7.6,0.0
2025-12-24 23:00:00,-9.6,100,6.6,0.0
2025-12-25 00:00:00,-10.8,0,5.6,0.0
2025-12-25 01:00:00,-11.3,0,5.7,0.0
2025-12-25 02:00:00,-11.6,2,5.7,0.0
2025-12-25 03:00:00,-11.7,3,6.7,0.0
2025-12-25 04:00:00,-11.7,0,6.9,0.0
2025-12-25 05:00:00,-11.9,0,7.4,0.0
2025-12-25 06:00:00,-11.9,0,8.3,0.0
2025-12-25 07:00:00,-10.9,0,8.6,42.0
2025-12-25 08:00:00,-9.4,0,9.0,142.0
2025-12-25 09:00:00,-7.8,1,9.3,225.0
2025-12-25 10:00:00,-6.4,2,10.2,269.0
2025-12-25 11:00:00,-5.4,0,10.3,266.0
2025-12-25 12:00:00,-4.9,100,10.8,222.0
2025-12-25 13:00:00,-4.7,100,11.7,56.0
2025-12-25 14:00:00,-4.7,100,12.8,14.0
2025-12-25 15:00:00,-4.5,52,13.5,0.0
2025-12-25 16:00:00,-5.4,98,13.7,0.0
2025-12-25 17:00:00,-4.9,100,15.3,0.0
2025-12-25 18:00:00,-4.7,100,16.9,0.0
2025-12-25 19:00:00,-4.8,96,16.1,0.0
2025-12-25 20:00:00,-5.4,100,17.9,0.0
2025-12-25 21:00:00,-5.1,100,18.0,0.0
2025-12-25 22:00:00,-5.2,100,18.2,0.0
2025-12-25 23:00:00,-5.3,100,17.4,0.0
2025-12-26 00:00:00,-5.4,100,21.2,0.0
2025-12-26 01:00:00,-6.2,100,23.9,0.0
2025-12-26 02:00:00,-5.8,100,20.3,0.0
2025-12-26 03:00:00,-5.7,100,18.0,0.0
2025-12-26 04:00:00,-5.2,100,20.2,0.0
2025-12-26 05:00:00,-4.6,100,18.0,0.0
2025-12-26 06:00:00,-4.7,100,31.3,0.0
2025-12-26 07:00:00,-5.3,100,22.1,5.0
2025-12-26 08:00:00,-5.3,100,17.4,12.0
2025-12-26 09:00:00,-3.6,100,21.9,55.0
2025-12-26 10:00:00,-3.2,100,25.5,65.0
2025-12-26 11:00:00,-2.5,100,18.6,65.0
2025-12-26 12:00:00,-2.2,100,21.4,47.0
2025-12-26 13:00:00,-2.2,100,19.4,27.0
2025-12-26 14:00:00,-1.0,100,23.9,6.0
2025-12-26 15:00:00,-0.2,100,24.2,0.0
2025-12-26 16:00:00,0.2,100,24.2,0.0
2025-12-26 17:00:00,0.3,100,19.9,0.0
2025-12-26 18:00:00,0.4,78,26.7,0.0
2025-12-26 19:00:00,-0.1,100,21.1,0.0
2025-12-26 20:00:00,0.2,100,22.4,0.0
2025-12-26 21:00:00,0.2,100,21.7,0.0
2025-12-26 22:00:00,0.2,100,23.1,0.0
2025-12-26 23:00:00,0.2,100,19.3,0.0
2025-12-27 00:00:00,0.2,99,23.3,0.0
2025-12-27 01:00:00,0.2,100,19.4,0.0
2025-12-27 02:00:00,0.3,100,21.2,0.0
2025-12-27 03:00:00,0.3,100,19.4,0.0
2025-12-27 04:00:00,0.3,100,23.8,0.0
2025-12-27 05:00:00,-0.1,100,20.5,0.0
2025-12-27 06:00:00,-0.1,100,19.9,0.0
2025-12-27 07:00:00,0.1,100,20.8,18.0
2025-12-27 08:00:00,0.4,76,20.6,78.0
2025-12-27 09:00:00,0.9,100,23.6,159.0
2025-12-27 10:00:00,0.9,100,23.8,138.0
2025-12-27 11:00:00,0.6,100,21.6,88.0
2025-12-27 12:00:00,0.6,100,21.9,71.0
2025-12-27 13:00:00,0.3,100,13.4,31.0
2025-12-27 14:00:00,0.2,100,15.3,11.0
2025-12-27 15:00:00,0.3,100,16.0,0.0
2025-12-27 16:00:00,0.3,100,17.7,0.0
2025-12-27 17:00:00,0.4,100,18.7,0.0
2025-12-27 18:00:00,0.0,100,20.4,0.0
2025-12-27 19:00:00,0.2,100,21.6,0.0
2025-12-27 20:00:00,0.3,100,24.1,0.0
2025-12-27 21:00:00,0.6,100,25.6,0.0
2025-12-27 22:00:00,0.4,100,25.9,0.0
2025-12-27 23:00:00,0.4,100,26.8,0.0
2025-12-28 00:00:00,0.3,100,28.5,0.0
2025-12-28 01:00:00,0.8,100,31.2,0.0
2025-12-28 02:00:00,0.4,79,29.0,0.0
2025-12-28 03:00:00,-0.5,100,27.1,0.0
2025-12-28 04:00:00,-0.2,100,27.0,0.0
2025-12-28 05:00:00,-0.2,100,24.4,0.0
2025-12-28 06:00:00,-0.5,98,23.1,0.0
2025-12-28 07:00:00,-0.8,100,25.1,33.0
2025-12-28 08:00:00,-0.1,98,25.3,71.0
2025-12-28 09:00:00,0.0,100,25.2,154.0
2025-12-28 10:00:00,0.2,100,27.1,140.0
2025-12-28 11:00:00,0.2,48,26.5,157.0
2025-12-28 12:00:00,0.2,38,23.9,208.0
2025-12-28 13:00:00,-0.5,22,21.9,123.0
2025-12-28 14:00:00,-1.5,35,20.3,38.0
2025-12-28 15:00:00,-1.5,100,21.7,0.0
2025-12-28 16:00:00,-1.6,100,21.5,0.0
2025-12-28 17:00:00,-0.9,100,26.8,0.0
2025-12-28 18:00:00,-0.4,100,34.1,0.0
2025-12-28 19:00:00,-0.6,100,30.7,0.0
2025-12-28 20:00:00,-1.0,100,29.2,0.0
2025-12-28 21:00:00,-1.4,100,29.9,0.0
2025-12-28 22:00:00,-1.7,100,29.1,0.0
2025-12-28 23:00:00,-2.0,100,30.7,0.0
2025-12-29 00:00:00,-2.3,100,25.8,0.0
2025-12-29 01:00:00,-2.6,100,24.7,0.0
2025-12-29 02:00:00,-2.8,100,28.0,0.0
2025-12-29 03:00:00,-3.1,100,25.0,0.0
2025-12-29 04:00:00,-3.4,100,27.1,0.0
2025-12-29 05:00:00,-3.7,100,27.4,0.0
2025-12-29 06:00:00,-4.1,100,24.7,0.0
2025-12-29 07:00:00,-4.7,100,23.4,23.0
2025-12-29 08:00:00,-4.8,100,25.7,92.0
2025-12-29 09:00:00,-4.8,20,23.9,171.0
2025-12-29 10:00:00,-4.4,23,24.7,277.0
2025-12-29 11:00:00,-3.0,100,23.6,272.0
2025-12-29 12:00:00,-2.3,100,16.6,115.0
2025-12-29 13:00:00,-1.2,100,19.1,38.0
2025-12-29 14:00:00,-0.8,100,24.3,10.0
2025-12-29 15:00:00,-1.1,100,24.8,0.0
2025-12-29 16:00:00,-1.0,100,24.5,0.0
2025-12-29 17:00:00,-1.4,100,24.5,0.0
2025-12-29 18:00:00,-1.6,100,23.4,0.0
2025-12-29 19:00:00,-2.2,100,23.4,0.0
2025-12-29 20:00:00,-2.3,100,22.7,0.0
2025-12-29 21:00:00,-2.0,100,22.5,0.0
2025-12-29 22:00:00,-1.5,100,24.7,0.0
2025-12-29 23:00:00,-1.4,100,22.5,0.0
2025-12-30 00:00:00,-1.0,99,22.0,0.0
2025-12-30 01:00:00,-1.6,87,21.6,0.0
2025-12-30 02:00:00,-1.7,100,23.0,0.0
2025-12-30 03:00:00,-1.7,100,21.2,0.0
2025-12-30 04:00:00,-2.7,43,20.4,0.0
2025-12-30 05:00:00,-3.7,10,19.3,0.0
2025-12-30 06:00:00,-4.4,20,18.5,0.0
2025-12-30 07:00:00,-4.7,7,19.3,40.0
2025-12-30 08:00:00,-4.6,6,19.5,147.0
2025-12-30 09:00:00,-4.4,62,20.2,237.0
2025-12-30 10:00:00,-4.3,100,22.5,254.0
2025-12-30 11:00:00,-4.2,91,24.4,197.0
2025-12-30 12:00:00,-3.9,100,22.9,127.0
2025-12-30 13:00:00,-4.0,66,22.4,60.0
2025-12-30 14:00:00,-4.7,13,19.5,34.0
2025-12-30 15:00:00,-5.7,3,18.3,0.0
2025-12-30 16:00:00,-6.1,21,19.9,0.0
2025-12-30 17:00:00,-5.9,30,22.8,0.0
2025-12-30 18:00:00,-5.2,52,23.6,0.0
2025-12-30 19:00:00,-5.3,60,21.4,0.0
2025-12-30 20:00:00,-5.7,27,21.3,0.0
2025-12-30 21:00:00,-5.8,99,22.9,0.0
2025-12-30 22:00:00,-5.7,73,25.3,0.0
2025-12-30 23:00:00,-6.1,84,26.9,0.0
2025-12-31 00:00:00,-5.2,99,22.0,0.0
2025-12-31 01:00:00,-4.9,56,23.4,0.0
2025-12-31 02:00:00,-5.9,9,22.5,0.0
2025-12-31 03:00:00,-7.3,100,20.8,0.0
2025-12-31 04:00:00,-7.4,100,21.7,0.0
2025-12-31 05:00:00,-7.2,100,21.4,0.0
2025-12-31 06:00:00,-6.9,100,21.5,0.0
2025-12-31 07:00:00,-6.4,100,21.2,20.0
2025-12-31 08:00:00,-5.7,100,20.6,69.0
2025-12-31 09:00:00,-5.3,99,18.9,125.0
2025-12-31 10:00:00,-5.2,98,20.4,190.0
2025-12-31 11:00:00,-4.7,100,18.2,211.0
2025-12-31 12:00:00,-4.4,94,23.2,136.0
2025-12-31 13:00:00,-4.8,59,20.2,124.0
2025-12-31 14:00:00,-5.6,95,17.2,40.0
2025-12-31 15:00:00,-6.3,64,18.4,0.0
2025-12-31 16:00:00,-6.1,32,18.8,0.0
2025-12-31 17:00:00,-6.7,52,16.6,0.0
2025-12-31 18:00:00,-6.2,100,19.6,0.0
2025-12-31 19:00:00,-6.3,100,19.8,0.0
2025-12-31 20:00:00,-6.3,100,18.8,0.0
2025-12-31 21:00:00,-6.4,100,17.8,0.0
2025-12-31 22:00:00,-6.6,100,17.7,0.0
2025-12-31 23:00:00,-6.6,100,16.8,0.0
