Datetime,Temperature,Cloud_Cover,Wind_Speed,Shortwave_Radiation
2026-01-01 00:00:00,-7.3,100,15.0,0.0
2026-01-01 01:00:00,-7.5,100,14.7,0.0
2026-01-01 02:00:00,-7.8,100,15.1,0.0
2026-01-01 03:00:00,-8.9,97,15.5,0.0
2026-01-01 04:00:00,-10.1,100,16.1,0.0
2026-01-01 05:00:00,-10.9,100,14.0,0.0
2026-01-01 06:00:00,-11.9,100,13.4,0.0
2026-01-01 07:00:00,-11.8,96,13.7,29.0
2026-01-01 08:00:00,-12.1,90,15.0,115.0
2026-01-01 09:00:00,-12.4,98,14.5,205.0
2026-01-01 10:00:00,-12.2,100,13.3,255.0
2026-01-01 11:00:00,-11.8,100,12.5,245.0
2026-01-01 12:00:00,-11.1,100,12.7,198.0
2026-01-01 13:00:00,-11.1,100,12.4,101.0
2026-01-01 14:00:00,-10.9,80,10.7,35.0
2026-01-01 15:00:00,-11.7,13,6.0,0.0
2026-01-01 16:00:00,-14.4,47,6.8,0.0
2026-01-01 17:00:00,-11.9,100,10.4,0.0
2026-01-01 18:00:00,-9.9,100,12.4,0.0
2026-01-01 19:00:00,-8.3,87,16.4,0.0
2026-01-01 20:00:00,-8.1,59,18.4,0.0
2026-01-01 21:00:00,-7.9,100,19.8,0.0
2026-01-01 22:00:00,-6.5,100,22.5,0.0
2026-01-01 23:00:00,-5.8,100,24.0,0.0
2026-01-02 00:00:00,-5.3,100,23.1,0.0
2026-01-02 01:00:00,-5.7,100,23.8,0.0
2026-01-02 02:00:00,-5.1,100,24.1,0.0
2026-01-02 03:00:00,-4.9,100,22.7,0.0
2026-01-02 04:00:00,-4.5,100,22.7,0.0
2026-01-02 05:00:00,-4.2,100,23.2,0.0
2026-01-02 06:00:00,-4.1,100,22.5,0.0
2026-01-02 07:00:00,-3.5,100,23.1,13.0
2026-01-02 08:00:00,-3.3,100,23.6,63.0
2026-01-02 09:00:00,-2.8,100,23.7,125.0
2026-01-02 10:00:00,-2.2,100,24.3,178.0
2026-01-02 11:00:00,-1.2,100,24.0,169.0
2026-01-02 12:00:00,-1.0,100,24.5,153.0
2026-01-02 13:00:00,-0.8,100,22.2,99.0
2026-01-02 14:00:00,-0.6,100,21.0,30.0
2026-01-02 15:00:00,-0.5,100,20.1,0.0
2026-01-02 16:00:00,-0.6,98,17.8,0.0
2026-01-02 17:00:00,-1.0,88,16.0,0.0
2026-01-02 18:00:00,-1.5,98,14.8,0.0
2026-01-02 19:00:00,-1.5,100,14.1,0.0
2026-01-02 20:00:00,-1.2,100,12.4,0.0
2026-01-02 21:00:00,-1.4,100,11.1,0.0
2026-01-02 22:00:00,-1.4,100,11.7,0.0
2026-01-02 23:00:00,-1.1,100,11.0,0.0
2026-01-03 00:00:00,-0.8,100,13.7,0.0
2026-01-03 01:00:00,-0.6,100,14.3,0.0
2026-01-03 02:00:00,-0.6,100,14.3,0.0
2026-01-03 03:00:00,-0.5,100,15.3,0.0
2026-01-03 04:00:00,-0.8,100,14.8,0.0
2026-01-03 05:00:00,-0.9,100,13.9,0.0
2026-01-03 06:00:00,-1.3,100,10.3,0.0
2026-01-03 07:00:00,-0.8,100,11.1,26.0
2026-01-03 08:00:00,-0.3,100,9.1,95.0
2026-01-03 09:00:00,-0.3,100,6.6,204.0
2026-01-03 10:00:00,0.3,100,7.0,249.0
2026-01-03 11:00:00,0.7,100,6.6,219.0
2026-01-03 12:00:00,0.8,100,6.4,193.0
2026-01-03 13:00:00,-0.5,99,6.0,100.0
2026-01-03 14:00:00,-1.2,100,8.4,34.0
2026-01-03 15:00:00,-1.6,99,9.7,0.0
2026-01-03 16:00:00,-1.5,30,12.1,0.0
2026-01-03 17:00:00,-2.5,4,13.9,0.0
2026-01-03 18:00:00,-2.5,5,12.8,0.0
2026-01-03 19:00:00,-2.9,9,14.8,0.0
2026-01-03 20:00:00,-3.2,0,14.2,0.0
2026-01-03 21:00:00,-3.6,0,16.3,0.0
2026-01-03 22:00:00,-3.5,0,18.6,0.0
2026-01-03 23:00:00,-4.2,0,15.4,0.0
2026-01-04 00:00:00,-5.1,0,11.8,0.0
2026-01-04 01:00:00,-5.4,0,14.4,0.0
2026-01-04 02:00:00,-5.6,0,14.3,0.0
2026-01-04 03:00:00,-5.8,0,13.5,0.0
2026-01-04 04:00:00,-6.1,0,12.5,0.0
2026-01-04 05:00:00,-6.5,0,15.5,0.0
2026-01-04 06:00:00,-6.3,0,16.8,0.0
2026-01-04 07:00:00,-5.9,8,13.9,45.0
2026-01-04 08:00:00,-5.1,100,14.5,154.0
2026-01-04 09:00:00,-4.1,100,17.2,220.0
2026-01-04 10:00:00,-3.0,46,12.6,258.0
2026-01-04 11:00:00,-2.3,100,10.3,290.0
2026-01-04 12:00:00,-1.5,100,14.0,169.0
2026-01-04 13:00:00,-1.9,100,8.7,47.0
2026-01-04 14:00:00,-2.2,100,5.3,13.0
2026-01-04 15:00:00,-2.2,100,4.5,0.0
2026-01-04 16:00:00,-2.1,100,4.0,0.0
2026-01-04 17:00:00,-2.1,100,3.4,0.0
2026-01-04 18:00:00,-2.2,53,4.0,0.0
2026-01-04 19:00:00,-4.4,35,8.5,0.0
2026-01-04 20:00:00,-4.8,5,12.3,0.0
2026-01-04 21:00:00,-4.9,2,13.4,0.0
2026-01-04 22:00:00,-5.5,3,13.7,0.0
2026-01-04 23:00:00,-5.8,20,15.1,0.0
2026-01-05 00:00:00,-6.3,91,13.8,0.0
2026-01-05 01:00:00,-6.9,59,12.3,0.0
2026-01-05 02:00:00,-7.7,31,10.6,0.0
2026-01-05 03:00:00,-8.9,88,8.5,0.0
2026-01-05 04:00:00,-9.9,100,7.9,0.0
2026-01-05 05:00:00,-10.2,100,8.0,0.0
2026-01-05 06:00:00,-10.8,97,7.4,0.0
2026-01-05 07:00:00,-11.6,100,6.6,39.0
2026-01-05 08:00:00,-10.4,66,9.7,138.0
2026-01-05 09:00:00,-9.3,55,9.0,248.0
2026-01-05 10:00:00,-8.6,66,5.9,301.0
2026-01-05 11:00:00,-8.4,62,4.4,303.0
2026-01-05 12:00:00,-7.6,100,1.6,260.0
2026-01-05 13:00:00,-8.1,98,0.9,149.0
2026-01-05 14:00:00,-10.1,100,3.3,49.0
2026-01-05 15:00:00,-10.6,100,7.2,0.0
2026-01-05 16:00:00,-8.4,100,9.4,0.0
2026-01-05 17:00:00,-7.1,100,11.3,0.0
2026-01-05 18:00:00,-5.8,100,13.0,0.0
2026-01-05 19:00:00,-5.2,100,15.0,0.0
2026-01-05 20:00:00,-4.9,100,16.0,0.0
2026-01-05 21:00:00,-4.7,100,17.4,0.0
2026-01-05 22:00:00,-4.3,100,20.0,0.0
2026-01-05 23:00:00,-4.1,100,21.0,0.0
2026-01-06 00:00:00,-4.0,100,23.8,0.0
2026-01-06 01:00:00,-3.8,100,23.2,0.0
2026-01-06 02:00:00,-3.7,100,24.7,0.0
2026-01-06 03:00:00,-3.5,100,24.8,0.0
2026-01-06 04:00:00,-3.0,100,22.5,0.0
2026-01-06 05:00:00,-2.8,100,22.8,0.0
2026-01-06 06:00:00,-2.0,100,23.1,0.0
2026-01-06 07:00:00,-1.3,100,20.2,12.0
2026-01-06 08:00:00,-0.3,100,16.8,45.0
2026-01-06 09:00:00,0.6,100,14.2,54.0
2026-01-06 10:00:00,0.9,100,9.5,90.0
2026-01-06 11:00:00,1.0,100,8.0,114.0
2026-01-06 12:00:00,1.0,100,3.9,75.0
2026-01-06 13:00:00,0.9,100,3.9,53.0
2026-01-06 14:00:00,0.9,100,2.9,22.0
2026-01-06 15:00:00,0.9,100,1.1,0.0
2026-01-06 16:00:00,0.9,100,0.4,0.0
2026-01-06 17:00:00,0.9,100,0.7,0.0
2026-01-06 18:00:00,0.8,100,5.1,0.0
2026-01-06 19:00:00,0.7,100,6.0,0.0
2026-01-06 20:00:00,0.6,100,5.6,0.0
2026-01-06 21:00:00,0.5,100,7.0,0.0
2026-01-06 22:00:00,0.4,100,6.7,0.0
2026-01-06 23:00:00,0.3,100,7.6,0.0
2026-01-07 00:00:00,0.2,100,10.9,0.0
2026-01-07 01:00:00,0.2,100,9.4,0.0
2026-01-07 02:00:00,0.2,100,8.5,0.0
2026-01-07 03:00:00,0.1,100,9.5,0.0
2026-01-07 04:00:00,-0.1,100,9.8,0.0
2026-01-07 05:00:00,-0.1,100,9.1,0.0
2026-01-07 06:00:00,-0.2,100,10.9,0.0
2026-01-07 07:00:00,-0.2,100,10.7,9.0
2026-01-07 08:00:00,0.0,100,10.1,58.0
2026-01-07 09:00:00,0.0,100,10.8,68.0
2026-01-07 10:00:00,0.1,100,10.6,71.0
2026-01-07 11:00:00,0.2,100,8.2,99.0
2026-01-07 12:00:00,0.3,100,9.2,63.0
2026-01-07 13:00:00,0.2,100,11.4,30.0
2026-01-07 14:00:00,-0.2,100,11.5,13.0
2026-01-07 15:00:00,-0.3,100,9.7,0.0
2026-01-07 16:00:00,-0.4,100,9.5,0.0
2026-01-07 17:00:00,-0.6,100,11.0,0.0
2026-01-07 18:00:00,-0.9,100,12.1,0.0
2026-01-07 19:00:00,-0.9,100,10.9,0.0
2026-01-07 20:00:00,-1.1,100,10.5,0.0
2026-01-07 21:00:00,-1.3,100,11.4,0.0
2026-01-07 22:00:00,-1.5,100,13.3,0.0
2026-01-07 23:00:00,-1.6,100,12.5,0.0
2026-01-08 00:00:00,-1.8,100,12.6,0.0
2026-01-08 01:00:00,-1.8,100,12.2,0.0
2026-01-08 02:00:00,-1.8,100,11.7,0.0
2026-01-08 03:00:00,-1.8,100,11.5,0.0
2026-01-08 04:00:00,-1.9,100,13.7,0.0
2026-01-08 05:00:00,-1.9,100,13.9,0.0
2026-01-08 06:00:00,-2.0,100,18.2,0.0
2026-01-08 07:00:00,-1.7,100,16.6,23.0
2026-01-08 08:00:00,-0.9,100,17.3,51.0
2026-01-08 09:00:00,-0.5,100,18.4,49.0
2026-01-08 10:00:00,-0.1,100,21.5,68.0
2026-01-08 11:00:00,0.3,100,22.0,42.0
2026-01-08 12:00:00,0.9,100,17.3,36.0
2026-01-08 13:00:00,1.5,100,7.4,26.0
2026-01-08 14:00:00,1.3,100,3.7,10.0
2026-01-08 15:00:00,0.6,100,9.3,0.0
2026-01-08 16:00:00,0.4,100,7.8,0.0
2026-01-08 17:00:00,0.0,100,17.3,0.0
2026-01-08 18:00:00,-1.3,100,18.0,0.0
2026-01-08 19:00:00,-2.0,100,20.1,0.0
2026-01-08 20:00:00,-3.1,100,23.8,0.0
2026-01-08 21:00:00,-4.1,100,25.0,0.0
2026-01-08 22:00:00,-4.6,100,21.4,0.0
2026-01-08 23:00:00,-5.2,100,25.6,0.0
2026-01-09 00:00:00,-5.6,100,26.2,0.0
2026-01-09 01:00:00,-6.2,100,27.9,0.0
2026-01-09 02:00:00,-6.6,100,28.4,0.0
2026-01-09 03:00:00,-7.1,100,26.5,0.0
2026-01-09 04:00:00,-7.4,100,27.1,0.0
2026-01-09 05:00:00,-7.8,100,28.2,0.0
2026-01-09 06:00:00,-7.8,100,28.5,0.0
2026-01-09 07:00:00,-7.8,100,27.4,22.0
2026-01-09 08:00:00,-7.8,100,26.8,63.0
2026-01-09 09:00:00,-7.8,100,26.5,104.0
2026-01-09 10:00:00,-7.8,100,26.5,137.0
2026-01-09 11:00:00,-7.9,100,26.6,106.0
2026-01-09 12:00:00,-7.8,100,26.8,94.0
2026-01-09 13:00:00,-7.8,100,25.8,87.0
2026-01-09 14:00:00,-8.0,96,24.2,38.0
2026-01-09 15:00:00,-8.2,100,18.8,1.0
2026-01-09 16:00:00,-8.4,100,19.2,0.0
2026-01-09 17:00:00,-8.4,100,21.6,0.0
2026-01-09 18:00:00,-8.1,100,23.5,0.0
2026-01-09 19:00:00,-8.3,100,22.0,0.0
2026-01-09 20:00:00,-8.2,98,22.1,0.0
2026-01-09 21:00:00,-8.4,100,19.8,0.0
2026-01-09 22:00:00,-8.6,99,20.9,0.0
2026-01-09 23:00:00,-8.9,100,20.0,0.0
2026-01-10 00:00:00,-7.8,100,15.3,0.0
2026-01-10 01:00:00,-7.8,100,15.5,0.0
2026-01-10 02:00:00,-7.9,100,10.5,0.0
2026-01-10 03:00:00,-7.7,100,8.7,0.0
2026-01-10 04:00:00,-8.1,100,10.7,0.0
2026-01-10 05:00:00,-9.1,100,12.2,0.0
2026-01-10 06:00:00,-8.9,100,12.8,0.0
2026-01-10 07:00:00,-8.9,100,11.6,22.0
2026-01-10 08:00:00,-8.8,100,9.2,86.0
2026-01-10 09:00:00,-8.1,99,11.3,166.0
2026-01-10 10:00:00,-7.7,96,10.5,211.0
2026-01-10 11:00:00,-7.3,95,11.5,246.0
2026-01-10 12:00:00,-6.9,96,13.4,193.0
2026-01-10 13:00:00,-7.2,100,11.0,126.0
2026-01-10 14:00:00,-8.1,100,8.8,51.0
2026-01-10 15:00:00,-9.6,98,8.9,1.0
2026-01-10 16:00:00,-11.6,69,9.6,0.0
2026-01-10 17:00:00,-12.9,0,10.3,0.0
2026-01-10 18:00:00,-13.4,0,10.0,0.0
2026-01-10 19:00:00,-14.2,0,10.1,0.0
2026-01-10 20:00:00,-15.1,0,9.3,0.0
2026-01-10 21:00:00,-15.9,0,7.8,0.0
2026-01-10 22:00:00,-16.9,0,7.2,0.0
2026-01-10 23:00:00,-17.3,1,7.0,0.0
2026-01-11 00:00:00,-16.9,45,9.5,0.0
2026-01-11 01:00:00,-16.3,100,10.8,0.0
2026-01-11 02:00:00,-15.4,100,10.7,0.0
2026-01-11 03:00:00,-15.2,100,14.0,0.0
2026-01-11 04:00:00,-15.4,66,9.3,0.0
2026-01-11 05:00:00,-16.8,59,7.0,0.0
2026-01-11 06:00:00,-15.4,96,11.0,0.0
2026-01-11 07:00:00,-15.4,85,9.9,37.0
2026-01-11 08:00:00,-14.6,93,11.7,136.0
2026-01-11 09:00:00,-13.8,100,14.4,220.0
2026-01-11 10:00:00,-12.9,100,18.1,252.0
2026-01-11 11:00:00,-12.2,100,14.7,221.0
2026-01-11 12:00:00,-11.0,100,14.8,178.0
2026-01-11 13:00:00,-10.7,95,12.0,111.0
2026-01-11 14:00:00,-11.4,45,11.2,51.0
2026-01-11 15:00:00,-12.9,89,10.6,2.0
2026-01-11 16:00:00,-12.3,100,10.3,0.0
2026-01-11 17:00:00,-11.7,98,10.3,0.0
2026-01-11 18:00:00,-11.6,91,13.4,0.0
2026-01-11 19:00:00,-12.1,6,13.2,0.0
2026-01-11 20:00:00,-13.4,44,11.9,0.0
2026-01-11 21:00:00,-14.4,100,10.3,0.0
2026-01-11 22:00:00,-13.9,100,8.7,0.0
2026-01-11 23:00:00,-13.2,90,9.4,0.0
2026-01-12 00:00:00,-12.6,91,9.3,0.0
2026-01-12 01:00:00,-12.6,100,11.1,0.0
2026-01-12 02:00:00,-12.4,99,9.7,0.0
2026-01-12 03:00:00,-11.6,100,10.6,0.0
2026-01-12 04:00:00,-11.4,98,11.9,0.0
2026-01-12 05:00:00,-12.4,98,11.8,0.0
2026-01-12 06:00:00,-13.1,100,11.5,0.0
2026-01-12 07:00:00,-12.4,100,10.4,37.0
2026-01-12 08:00:00,-11.4,100,9.7,114.0
2026-01-12 09:00:00,-10.5,100,9.5,187.0
2026-01-12 10:00:00,-10.3,100,8.4,191.0
2026-01-12 11:00:00,-10.2,100,8.4,200.0
2026-01-12 12:00:00,-10.1,100,12.2,212.0
2026-01-12 13:00:00,-10.2,100,12.0,115.0
2026-01-12 14:00:00,-10.4,73,9.4,48.0
2026-01-12 15:00:00,-12.2,4,6.0,2.0
2026-01-12 16:00:00,-14.3,10,7.2,0.0
2026-01-12 17:00:00,-15.7,17,7.9,0.0
2026-01-12 18:00:00,-16.1,92,9.2,0.0
2026-01-12 19:00:00,-16.2,100,8.7,0.0
2026-01-12 20:00:00,-15.1,100,7.3,0.0
2026-01-12 21:00:00,-14.7,100,6.6,0.0
2026-01-12 22:00:00,-14.4,100,7.0,0.0
2026-01-12 23:00:00,-14.2,100,8.2,0.0
2026-01-13 00:00:00,-13.6,100,9.0,0.0
2026-01-13 01:00:00,-13.3,100,9.4,0.0
2026-01-13 02:00:00,-13.3,100,7.9,0.0
2026-01-13 03:00:00,-14.0,100,5.4,0.0
2026-01-13 04:00:00,-14.6,98,4.9,0.0
2026-01-13 05:00:00,-16.2,91,5.5,0.0
2026-01-13 06:00:00,-15.8,100,5.9,0.0
2026-01-13 07:00:00,-14.0,100,7.6,33.0
2026-01-13 08:00:00,-13.4,70,6.4,134.0
2026-01-13 09:00:00,-12.4,99,7.8,243.0
2026-01-13 10:00:00,-11.4,100,10.0,273.0
2026-01-13 11:00:00,-10.8,100,8.1,265.0
2026-01-13 12:00:00,-10.4,100,7.2,244.0
2026-01-13 13:00:00,-10.1,100,9.1,124.0
2026-01-13 14:00:00,-9.9,100,8.7,34.0
2026-01-13 15:00:00,-10.0,100,8.0,2.0
2026-01-13 16:00:00,-10.1,100,7.9,0.0
2026-01-13 17:00:00,-10.1,100,6.9,0.0
2026-01-13 18:00:00,-10.6,100,6.4,0.0
2026-01-13 19:00:00,-10.4,100,6.9,0.0
2026-01-13 20:00:00,-10.0,100,7.0,0.0
2026-01-13 21:00:00,-9.4,100,8.0,0.0
2026-01-13 22:00:00,-9.2,100,7.5,0.0
2026-01-13 23:00:00,-9.3,100,7.0,0.0
2026-01-14 00:00:00,-9.1,100,6.0,0.0
2026-01-14 01:00:00,-8.6,100,7.6,0.0
2026-01-14 02:00:00,-8.6,100,10.0,0.0
2026-01-14 03:00:00,-9.1,100,8.9,0.0
2026-01-14 04:00:00,-9.6,100,7.4,0.0
2026-01-14 05:00:00,-10.1,100,5.5,0.0
2026-01-14 06:00:00,-9.8,100,6.1,0.0
2026-01-14 07:00:00,-9.6,100,7.9,29.0
2026-01-14 08:00:00,-9.6,100,7.5,77.0
2026-01-14 09:00:00,-9.4,100,6.9,130.0
2026-01-14 10:00:00,-9.4,100,6.4,168.0
2026-01-14 11:00:00,-9.4,100,6.0,195.0
2026-01-14 12:00:00,-9.8,100,7.1,166.0
2026-01-14 13:00:00,-10.1,100,7.2,82.0
2026-01-14 14:00:00,-10.4,100,7.7,44.0
2026-01-14 15:00:00,-10.9,100,7.7,2.0
2026-01-14 16:00:00,-11.2,100,7.5,0.0
2026-01-14 17:00:00,-11.9,100,6.3,0.0
2026-01-14 18:00:00,-13.9,92,3.6,0.0
2026-01-14 19:00:00,-15.6,91,2.2,0.0
2026-01-14 20:00:00,-16.5,100,1.2,0.0
2026-01-14 21:00:00,-15.9,100,2.1,0.0
2026-01-14 22:00:00,-15.4,100,2.4,0.0
2026-01-14 23:00:00,-15.1,100,4.0,0.0
2026-01-15 00:00:00,-13.5,99,5.8,0.0
2026-01-15 01:00:00,-13.4,95,7.1,0.0
2026-01-15 02:00:00,-13.9,87,7.4,0.0
2026-01-15 03:00:00,-14.7,70,7.5,0.0
2026-01-15 04:00:00,-15.2,87,7.1,0.0
2026-01-15 05:00:00,-15.3,100,7.6,0.0
2026-01-15 06:00:00,-13.8,97,8.4,0.0
2026-01-15 07:00:00,-13.6,46,7.3,41.0
2026-01-15 08:00:00,-13.5,7,7.5,148.0
2026-01-15 09:00:00,-13.1,1,8.4,268.0
2026-01-15 10:00:00,-12.7,0,9.1,329.0
2026-01-15 11:00:00,-12.3,0,8.7,335.0
2026-01-15 12:00:00,-12.1,25,8.4,287.0
2026-01-15 13:00:00,-12.6,25,8.6,192.0
2026-01-15 14:00:00,-14.0,40,9.0,80.0
2026-01-15 15:00:00,-15.0,91,10.9,4.0
2026-01-15 16:00:00,-14.6,98,11.7,0.0
2026-01-15 17:00:00,-14.5,100,12.2,0.0
2026-01-15 18:00:00,-14.7,100,12.5,0.0
2026-01-15 19:00:00,-15.0,100,11.3,0.0
2026-01-15 20:00:00,-15.9,95,8.6,0.0
2026-01-15 21:00:00,-17.2,92,8.5,0.0
2026-01-15 22:00:00,-17.5,97,8.1,0.0
2026-01-15 23:00:00,-17.0,100,8.3,0.0
2026-01-16 00:00:00,-16.4,99,10.1,0.0
2026-01-16 01:00:00,-16.1,100,10.6,0.0
2026-01-16 02:00:00,-16.1,100,11.1,0.0
2026-01-16 03:00:00,-15.9,99,11.1,0.0
2026-01-16 04:00:00,-16.0,99,10.8,0.0
2026-01-16 05:00:00,-17.2,31,10.5,0.0
2026-01-16 06:00:00,-17.7,18,11.5,0.0
2026-01-16 07:00:00,-17.5,0,12.5,55.0
2026-01-16 08:00:00,-16.5,0,14.3,171.0
2026-01-16 09:00:00,-15.2,0,12.7,269.0
2026-01-16 10:00:00,-14.2,0,12.5,326.0
2026-01-16 11:00:00,-13.4,0,12.9,333.0
2026-01-16 12:00:00,-11.6,0,11.8,291.0
2026-01-16 13:00:00,-11.6,0,13.4,202.0
2026-01-16 14:00:00,-12.4,0,12.9,87.0
2026-01-16 15:00:00,-13.6,2,13.2,5.0
2026-01-16 16:00:00,-14.4,49,12.8,0.0
2026-01-16 17:00:00,-14.7,100,13.0,0.0
2026-01-16 18:00:00,-14.8,100,13.6,0.0
2026-01-16 19:00:00,-15.1,100,12.8,0.0
2026-01-16 20:00:00,-15.1,100,10.9,0.0
2026-01-16 21:00:00,-15.1,100,9.6,0.0
2026-01-16 22:00:00,-15.2,100,12.0,0.0
2026-01-16 23:00:00,-15.8,100,12.0,0.0
2026-01-17 00:00:00,-16.2,100,12.6,0.0
2026-01-17 01:00:00,-15.9,100,12.2,0.0
2026-01-17 02:00:00,-15.9,100,10.8,0.0
2026-01-17 03:00:00,-15.3,100,10.0,0.0
2026-01-17 04:00:00,-14.9,100,10.2,0.0
2026-01-17 05:00:00,-14.6,100,11.4,0.0
2026-01-17 06:00:00,-16.1,100,12.0,0.0
2026-01-17 07:00:00,-14.5,100,14.4,34.0
2026-01-17 08:00:00,-13.6,100,12.7,91.0
2026-01-17 09:00:00,-12.4,100,13.1,181.0
2026-01-17 10:00:00,-11.7,100,13.8,204.0
2026-01-17 11:00:00,-11.2,100,14.8,218.0
2026-01-17 12:00:00,-10.9,100,14.3,200.0
2026-01-17 13:00:00,-10.9,100,16.8,131.0
2026-01-17 14:00:00,-11.1,100,16.4,54.0
2026-01-17 15:00:00,-11.3,100,15.0,4.0
2026-01-17 16:00:00,-11.3,100,14.1,0.0
2026-01-17 17:00:00,-11.4,100,13.2,0.0
2026-01-17 18:00:00,-13.7,100,11.0,0.0
2026-01-17 19:00:00,-13.8,100,10.1,0.0
2026-01-17 20:00:00,-13.9,100,9.8,0.0
2026-01-17 21:00:00,-13.8,100,9.6,0.0
2026-01-17 22:00:00,-13.8,100,10.0,0.0
2026-01-17 23:00:00,-13.6,100,11.4,0.0
2026-01-18 00:00:00,-16.6,100,10.3,0.0
2026-01-18 01:00:00,-16.2,100,9.3,0.0
2026-01-18 02:00:00,-16.1,100,9.2,0.0
2026-01-18 03:00:00,-16.1,100,8.9,0.0
2026-01-18 04:00:00,-16.2,100,9.0,0.0
2026-01-18 05:00:00,-16.4,99,9.1,0.0
2026-01-18 06:00:00,-17.6,100,7.9,0.0
2026-01-18 07:00:00,-17.0,100,8.7,40.0
2026-01-18 08:00:00,-16.1,99,7.3,121.0
2026-01-18 09:00:00,-15.2,100,9.4,206.0
2026-01-18 10:00:00,-14.2,100,9.2,233.0
2026-01-18 11:00:00,-13.6,100,9.2,204.0
2026-01-18 12:00:00,-11.9,100,9.6,151.0
2026-01-18 13:00:00,-11.6,100,9.8,106.0
2026-01-18 14:00:00,-11.6,100,9.3,47.0
2026-01-18 15:00:00,-11.7,100,8.5,4.0
2026-01-18 16:00:00,-11.6,100,8.4,0.0
2026-01-18 17:00:00,-11.6,100,10.3,0.0
2026-01-18 18:00:00,-13.5,100,9.0,0.0
2026-01-18 19:00:00,-13.7,100,9.4,0.0
2026-01-18 20:00:00,-13.8,100,8.6,0.0
2026-01-18 21:00:00,-13.9,100,7.1,0.0
2026-01-18 22:00:00,-14.0,100,6.2,0.0
2026-01-18 23:00:00,-14.0,100,7.2,0.0
2026-01-19 00:00:00,-15.6,100,7.4,0.0
2026-01-19 01:00:00,-15.8,100,7.1,0.0
2026-01-19 02:00:00,-15.9,100,7.2,0.0
2026-01-19 03:00:00,-15.9,100,7.8,0.0
2026-01-19 04:00:00,-15.9,100,6.8,0.0
2026-01-19 05:00:00,-15.9,100,7.5,0.0
2026-01-19 06:00:00,-16.6,100,5.8,0.0
2026-01-19 07:00:00,-16.2,100,7.0,31.0
2026-01-19 08:00:00,-15.8,100,7.1,87.0
2026-01-19 09:00:00,-15.1,100,7.0,124.0
2026-01-19 10:00:00,-14.4,100,7.0,180.0
2026-01-19 11:00:00,-13.8,100,7.8,171.0
2026-01-19 12:00:00,-11.4,100,8.4,168.0
2026-01-19 13:00:00,-10.9,100,7.5,118.0
2026-01-19 14:00:00,-11.1,100,6.8,46.0
2026-01-19 15:00:00,-11.4,100,6.2,4.0
2026-01-19 16:00:00,-11.5,100,5.7,0.0
2026-01-19 17:00:00,-11.6,100,5.9,0.0
2026-01-19 18:00:00,-14.2,100,5.6,0.0
2026-01-19 19:00:00,-14.4,100,5.7,0.0
2026-01-19 20:00:00,-14.4,100,6.4,0.0
2026-01-19 21:00:00,-14.4,100,6.4,0.0
2026-01-19 22:00:00,-14.6,100,6.4,0.0
2026-01-19 23:00:00,-14.6,100,8.1,0.0
2026-01-20 00:00:00,-15.4,100,9.9,0.0
2026-01-20 01:00:00,-15.8,100,9.5,0.0
2026-01-20 02:00:00,-15.9,100,7.7,0.0
2026-01-20 03:00:00,-15.9,100,6.1,0.0
2026-01-20 04:00:00,-15.9,100,7.3,0.0
2026-01-20 05:00:00,-15.9,100,7.6,0.0
2026-01-20 06:00:00,-15.8,100,8.4,1.0
2026-01-20 07:00:00,-15.2,100,8.6,35.0
2026-01-20 08:00:00,-14.2,100,8.3,106.0
2026-01-20 09:00:00,-13.4,100,7.9,172.0
2026-01-20 10:00:00,-12.6,100,8.3,197.0
2026-01-20 11:00:00,-11.8,100,8.4,217.0
2026-01-20 12:00:00,-8.3,100,8.8,184.0
2026-01-20 13:00:00,-8.0,100,9.6,134.0
2026-01-20 14:00:00,-8.1,100,9.5,67.0
2026-01-20 15:00:00,-8.4,100,8.7,5.0
2026-01-20 16:00:00,-8.4,100,9.1,0.0
2026-01-20 17:00:00,-8.4,100,9.8,0.0
2026-01-20 18:00:00,-10.6,100,9.8,0.0
2026-01-20 19:00:00,-10.7,100,11.0,0.0
2026-01-20 20:00:00,-10.9,100,11.2,0.0
2026-01-20 21:00:00,-11.1,100,11.3,0.0
2026-01-20 22:00:00,-11.4,100,11.8,0.0
2026-01-20 23:00:00,-11.6,100,11.8,0.0
2026-01-21 00:00:00,-13.1,100,12.0,0.0
2026-01-21 01:00:00,-13.4,100,12.5,0.0
2026-01-21 02:00:00,-13.8,100,11.5,0.0
2026-01-21 03:00:00,-14.1,100,10.4,0.0
2026-01-21 04:00:00,-14.2,100,11.8,0.0
2026-01-21 05:00:00,-14.9,100,10.5,0.0
2026-01-21 06:00:00,-14.2,100,10.3,1.0
2026-01-21 07:00:00,-14.2,100,9.8,46.0
2026-01-21 08:00:00,-13.6,100,9.7,131.0
2026-01-21 09:00:00,-12.6,100,10.4,222.0
2026-01-21 10:00:00,-11.9,100,10.5,273.0
2026-01-21 11:00:00,-11.3,100,10.7,278.0
2026-01-21 12:00:00,-8.6,100,11.8,229.0
2026-01-21 13:00:00,-8.2,100,12.0,149.0
2026-01-21 14:00:00,-8.7,100,12.2,71.0
2026-01-21 15:00:00,-9.1,100,12.6,7.0
2026-01-21 16:00:00,-9.3,100,14.5,0.0
2026-01-21 17:00:00,-9.3,71,13.5,0.0
2026-01-21 18:00:00,-9.3,100,13.9,0.0
2026-01-21 19:00:00,-8.9,100,12.3,0.0
2026-01-21 20:00:00,-8.8,100,11.8,0.0
2026-01-21 21:00:00,-8.9,100,11.2,0.0
2026-01-21 22:00:00,-8.9,100,11.7,0.0
2026-01-21 23:00:00,-8.2,100,11.9,0.0
2026-01-22 00:00:00,-8.5,100,13.7,0.0
2026-01-22 01:00:00,-6.2,100,13.5,0.0
2026-01-22 02:00:00,-5.0,100,13.4,0.0
2026-01-22 03:00:00,-4.6,100,11.6,0.0
2026-01-22 04:00:00,-4.1,100,10.8,0.0
2026-01-22 05:00:00,-3.8,100,10.9,0.0
2026-01-22 06:00:00,-3.5,100,9.4,1.0
2026-01-22 07:00:00,-2.8,100,10.4,23.0
2026-01-22 08:00:00,-2.0,100,11.8,65.0
2026-01-22 09:00:00,-1.0,100,14.1,109.0
2026-01-22 10:00:00,-0.3,100,17.7,145.0
2026-01-22 11:00:00,-0.2,100,16.3,168.0
2026-01-22 12:00:00,-0.8,100,12.9,115.0
2026-01-22 13:00:00,-0.6,100,14.5,80.0
2026-01-22 14:00:00,-0.7,100,12.6,38.0
2026-01-22 15:00:00,-1.1,100,14.0,3.0
2026-01-22 16:00:00,-1.8,100,17.0,0.0
2026-01-22 17:00:00,-2.8,100,17.8,0.0
2026-01-22 18:00:00,-3.7,100,17.2,0.0
2026-01-22 19:00:00,-4.2,100,16.6,0.0
2026-01-22 20:00:00,-4.6,100,17.4,0.0
2026-01-22 21:00:00,-4.8,100,16.4,0.0
2026-01-22 22:00:00,-4.9,100,15.0,0.0
2026-01-22 23:00:00,-5.2,100,14.2,0.0
2026-01-23 00:00:00,-5.6,100,13.8,0.0
2026-01-23 01:00:00,-6.1,100,13.9,0.0
2026-01-23 02:00:00,-6.4,100,14.7,0.0
2026-01-23 03:00:00,-6.8,100,14.4,0.0
2026-01-23 04:00:00,-7.2,100,14.7,0.0
2026-01-23 05:00:00,-7.7,100,15.1,0.0
2026-01-23 06:00:00,-7.8,100,14.1,1.0
2026-01-23 07:00:00,-7.8,100,14.8,21.0
2026-01-23 08:00:00,-7.7,100,15.0,65.0
2026-01-23 09:00:00,-7.3,100,14.2,125.0
2026-01-23 10:00:00,-6.8,100,12.7,160.0
2026-01-23 11:00:00,-6.5,100,11.6,153.0
2026-01-23 12:00:00,-6.6,100,11.8,114.0
2026-01-23 13:00:00,-6.7,100,12.6,56.0
2026-01-23 14:00:00,-6.8,100,12.9,36.0
2026-01-23 15:00:00,-6.9,100,13.2,5.0
2026-01-23 16:00:00,-7.1,100,14.5,0.0
2026-01-23 17:00:00,-7.3,100,15.1,0.0
2026-01-23 18:00:00,-7.8,100,15.9,0.0
2026-01-23 19:00:00,-8.0,100,14.1,0.0
2026-01-23 20:00:00,-8.1,100,13.2,0.0
2026-01-23 21:00:00,-8.2,100,12.1,0.0
2026-01-23 22:00:00,-8.6,100,11.7,0.0
2026-01-23 23:00:00,-9.0,100,11.2,0.0
2026-01-24 00:00:00,-9.4,100,10.4,0.0
2026-01-24 01:00:00,-10.0,100,10.1,0.0
2026-01-24 02:00:00,-10.4,100,10.2,0.0
2026-01-24 03:00:00,-10.4,100,10.5,0.0
2026-01-24 04:00:00,-10.6,100,11.5,0.0
2026-01-24 05:00:00,-10.9,100,11.6,0.0
2026-01-24 06:00:00,-11.9,100,10.6,1.0
2026-01-24 07:00:00,-11.9,100,11.1,47.0
2026-01-24 08:00:00,-11.7,100,10.3,131.0
2026-01-24 09:00:00,-11.4,100,9.3,194.0
2026-01-24 10:00:00,-10.8,100,9.0,215.0
2026-01-24 11:00:00,-10.5,100,9.6,208.0
2026-01-24 12:00:00,-10.1,100,9.0,211.0
2026-01-24 13:00:00,-10.2,100,10.0,144.0
2026-01-24 14:00:00,-10.4,100,10.2,73.0
2026-01-24 15:00:00,-10.9,100,9.9,8.0
2026-01-24 16:00:00,-11.1,100,7.5,0.0
2026-01-24 17:00:00,-11.3,100,8.7,0.0
2026-01-24 18:00:00,-11.9,99,8.5,0.0
2026-01-24 19:00:00,-12.9,100,7.6,0.0
2026-01-24 20:00:00,-12.6,100,7.9,0.0
2026-01-24 21:00:00,-13.1,100,7.3,0.0
2026-01-24 22:00:00,-12.1,100,8.5,0.0
2026-01-24 23:00:00,-11.8,100,7.8,0.0
2026-01-25 00:00:00,-11.5,100,8.0,0.0
2026-01-25 01:00:00,-11.4,100,8.1,0.0
2026-01-25 02:00:00,-11.3,100,9.3,0.0
2026-01-25 03:00:00,-11.2,100,10.7,0.0
2026-01-25 04:00:00,-11.1,100,10.3,0.0
2026-01-25 05:00:00,-10.9,100,9.4,0.0
2026-01-25 06:00:00,-10.9,100,9.9,1.0
2026-01-25 07:00:00,-10.6,100,10.8,19.0
2026-01-25 08:00:00,-10.0,100,10.3,68.0
2026-01-25 09:00:00,-9.5,100,11.0,92.0
2026-01-25 10:00:00,-9.1,100,12.1,96.0
2026-01-25 11:00:00,-8.6,100,12.4,119.0
2026-01-25 12:00:00,-8.4,100,11.9,108.0
2026-01-25 13:00:00,-8.2,100,12.7,64.0
2026-01-25 14:00:00,-8.1,100,12.4,37.0
2026-01-25 15:00:00,-8.1,100,12.1,7.0
2026-01-25 16:00:00,-8.1,100,12.4,0.0
2026-01-25 17:00:00,-8.1,100,14.0,0.0
2026-01-25 18:00:00,-8.2,100,14.5,0.0
2026-01-25 19:00:00,-8.1,100,14.6,0.0
2026-01-25 20:00:00,-7.6,100,18.4,0.0
2026-01-25 21:00:00,-7.1,100,18.8,0.0
2026-01-25 22:00:00,-7.0,100,17.6,0.0
2026-01-25 23:00:00,-6.6,100,18.3,0.0
2026-01-26 00:00:00,-6.5,100,20.1,0.0
2026-01-26 01:00:00,-6.3,100,19.3,0.0
2026-01-26 02:00:00,-5.9,100,20.1,0.0
2026-01-26 03:00:00,-5.7,100,21.8,0.0
2026-01-26 04:00:00,-5.3,100,22.3,0.0
2026-01-26 05:00:00,-4.9,100,23.6,0.0
2026-01-26 06:00:00,-5.2,100,24.4,1.0
2026-01-26 07:00:00,-4.9,100,22.2,23.0
2026-01-26 08:00:00,-4.8,100,21.3,49.0
2026-01-26 09:00:00,-4.6,100,23.3,64.0
2026-01-26 10:00:00,-3.9,100,25.1,132.0
2026-01-26 11:00:00,-3.3,100,26.3,101.0
2026-01-26 12:00:00,-4.1,100,20.2,93.0
2026-01-26 13:00:00,-3.9,100,19.8,80.0
2026-01-26 14:00:00,-3.9,100,23.6,37.0
2026-01-26 15:00:00,-3.7,100,27.0,6.0
2026-01-26 16:00:00,-3.9,100,27.5,0.0
2026-01-26 17:00:00,-4.1,100,26.2,0.0
2026-01-26 18:00:00,-3.8,100,27.1,0.0
2026-01-26 19:00:00,-3.8,100,21.9,0.0
2026-01-26 20:00:00,-3.6,100,23.2,0.0
2026-01-26 21:00:00,-3.7,100,19.4,0.0
2026-01-26 22:00:00,-3.7,100,20.0,0.0
2026-01-26 23:00:00,-3.6,100,18.7,0.0
2026-01-27 00:00:00,-3.2,100,19.6,0.0
2026-01-27 01:00:00,-3.1,100,16.9,0.0
2026-01-27 02:00:00,-3.4,100,15.4,0.0
2026-01-27 03:00:00,-3.8,100,15.0,0.0
2026-01-27 04:00:00,-4.2,100,14.3,0.0
2026-01-27 05:00:00,-4.4,100,15.2,0.0
2026-01-27 06:00:00,-4.2,100,14.8,1.0
2026-01-27 07:00:00,-4.2,100,13.9,21.0
2026-01-27 08:00:00,-3.6,100,14.4,92.0
2026-01-27 09:00:00,-3.0,100,16.9,97.0
2026-01-27 10:00:00,-2.5,100,17.8,187.0
2026-01-27 11:00:00,-2.2,100,16.6,216.0
2026-01-27 12:00:00,-2.7,100,13.2,148.0
2026-01-27 13:00:00,-3.0,100,12.1,58.0
2026-01-27 14:00:00,-3.0,100,12.8,62.0
2026-01-27 15:00:00,-3.3,100,11.6,10.0
2026-01-27 16:00:00,-3.3,100,12.6,0.0
2026-01-27 17:00:00,-3.5,100,12.4,0.0
2026-01-27 18:00:00,-3.7,100,12.8,0.0
2026-01-27 19:00:00,-3.6,100,11.9,0.0
2026-01-27 20:00:00,-3.5,100,12.3,0.0
2026-01-27 21:00:00,-3.2,100,11.5,0.0
2026-01-27 22:00:00,-3.0,100,12.0,0.0
2026-01-27 23:00:00,-2.7,100,11.2,0.0
2026-01-28 00:00:00,-2.0,100,10.7,0.0
2026-01-28 01:00:00,-1.8,100,10.8,0.0
2026-01-28 02:00:00,-1.8,100,12.8,0.0
2026-01-28 03:00:00,-1.4,100,12.9,0.0
2026-01-28 04:00:00,-1.1,100,12.8,0.0
2026-01-28 05:00:00,-0.9,100,11.6,0.0
2026-01-28 06:00:00,-1.0,100,10.4,1.0
2026-01-28 07:00:00,-0.8,100,11.5,19.0
2026-01-28 08:00:00,-0.4,100,12.1,56.0
2026-01-28 09:00:00,-0.2,100,12.4,79.0
2026-01-28 10:00:00,0.1,100,10.4,117.0
2026-01-28 11:00:00,0.3,100,8.9,111.0
2026-01-28 12:00:00,0.3,100,8.1,148.0
2026-01-28 13:00:00,0.3,100,7.6,70.0
2026-01-28 14:00:00,0.2,100,7.3,30.0
2026-01-28 15:00:00,0.2,100,7.0,5.0
2026-01-28 16:00:00,0.2,100,8.4,0.0
2026-01-28 17:00:00,0.2,100,9.0,0.0
2026-01-28 18:00:00,0.3,100,8.5,0.0
2026-01-28 19:00:00,0.4,100,8.2,0.0
2026-01-28 20:00:00,0.4,100,8.9,0.0
2026-01-28 21:00:00,0.4,100,8.9,0.0
2026-01-28 22:00:00,0.4,100,9.2,0.0
2026-01-28 23:00:00,0.4,100,9.1,0.0
2026-01-29 00:00:00,0.4,100,9.7,0.0
2026-01-29 01:00:00,0.4,100,9.6,0.0
2026-01-29 02:00:00,0.4,100,9.4,0.0
2026-01-29 03:00:00,0.5,100,7.7,0.0
2026-01-29 04:00:00,0.3,100,6.1,0.0
2026-01-29 05:00:00,0.3,100,5.0,0.0
2026-01-29 06:00:00,0.3,100,4.5,2.0
2026-01-29 07:00:00,0.4,100,3.3,36.0
2026-01-29 08:00:00,0.6,100,1.7,68.0
2026-01-29 09:00:00,0.8,100,2.2,112.0
2026-01-29 10:00:00,0.9,100,4.2,134.0
2026-01-29 11:00:00,1.2,100,5.5,230.0
2026-01-29 12:00:00,1.0,100,7.8,186.0
2026-01-29 13:00:00,0.9,100,9.5,131.0
2026-01-29 14:00:00,0.4,100,10.5,59.0
2026-01-29 15:00:00,0.2,100,11.0,9.0
2026-01-29 16:00:00,0.1,100,12.9,0.0
2026-01-29 17:00:00,-0.1,100,13.8,0.0
2026-01-29 18:00:00,-0.2,100,14.0,0.0
2026-01-29 19:00:00,-0.4,100,16.1,0.0
2026-01-29 20:00:00,-0.6,100,15.7,0.0
2026-01-29 21:00:00,-0.9,100,18.6,0.0
2026-01-29 22:00:00,-1.1,100,19.2,0.0
2026-01-29 23:00:00,-1.5,100,19.5,0.0
2026-01-30 00:00:00,-0.9,100,19.0,0.0
2026-01-30 01:00:00,-1.5,100,19.2,0.0
2026-01-30 02:00:00,-2.0,100,21.9,0.0
2026-01-30 03:00:00,-2.7,100,21.9,0.0
2026-01-30 04:00:00,-3.8,100,20.7,0.0
2026-01-30 05:00:00,-4.7,100,18.8,0.0
2026-01-30 06:00:00,-4.8,100,21.6,1.0
2026-01-30 07:00:00,-5.6,100,21.9,21.0
2026-01-30 08:00:00,-5.9,100,22.5,61.0
2026-01-30 09:00:00,-5.9,100,21.7,89.0
2026-01-30 10:00:00,-6.0,100,21.8,120.0
2026-01-30 11:00:00,-5.9,100,23.3,167.0
2026-01-30 12:00:00,-6.3,100,22.2,141.0
2026-01-30 13:00:00,-6.3,100,23.2,86.0
2026-01-30 14:00:00,-6.9,100,24.7,44.0
2026-01-30 15:00:00,-7.8,100,24.1,7.0
2026-01-30 16:00:00,-8.4,100,23.9,0.0
2026-01-30 17:00:00,-8.9,100,24.2,0.0
2026-01-30 18:00:00,-9.1,100,22.7,0.0
2026-01-30 19:00:00,-9.5,100,23.5,0.0
2026-01-30 20:00:00,-10.0,100,24.2,0.0
2026-01-30 21:00:00,-10.4,100,23.3,0.0
2026-01-30 22:00:00,-10.8,100,21.8,0.0
2026-01-30 23:00:00,-11.3,100,22.3,0.0
2026-01-31 00:00:00,-12.1,100,22.3,0.0
2026-01-31 01:00:00,-12.5,100,21.1,0.0
2026-01-31 02:00:00,-12.7,100,20.7,0.0
2026-01-31 03:00:00,-12.7,100,20.2,0.0
2026-01-31 04:00:00,-12.6,100,19.6,0.0
2026-01-31 05:00:00,-12.3,100,18.8,0.0
2026-01-31 06:00:00,-12.3,100,16.9,3.0
2026-01-31 07:00:00,-11.6,100,22.7,41.0
2026-01-31 08:00:00,-11.4,100,22.9,94.0
2026-01-31 09:00:00,-11.1,100,23.9,162.0
2026-01-31 10:00:00,-10.9,100,22.9,202.0
2026-01-31 11:00:00,-11.0,100,22.2,215.0
2026-01-31 12:00:00,-11.0,100,22.2,180.0
2026-01-31 13:00:00,-10.9,100,23.3,152.0
2026-01-31 14:00:00,-10.9,100,22.2,82.0
2026-01-31 15:00:00,-11.0,100,21.0,15.0
2026-01-31 16:00:00,-11.3,100,20.2,0.0
2026-01-31 17:00:00,-11.4,99,20.6,0.0
2026-01-31 18:00:00,-12.1,98,19.4,0.0
2026-01-31 19:00:00,-12.1,99,19.3,0.0
2026-01-31 20:00:00,-12.3,100,18.3,0.0
2026-01-31 21:00:00,-12.4,100,17.9,0.0
2026-01-31 22:00:00,-12.6,93,17.5,0.0
2026-01-31 23:00:00,-13.1,57,18.0,0.0
2026-02-01 00:00:00,-14.9,6,17.3,0.0
2026-02-01 01:00:00,-16.0,0,15.7,0.0
2026-02-01 02:00:00,-16.6,0,13.7,0.0
2026-02-01 03:00:00,-17.4,0,13.4,0.0
2026-02-01 04:00:00,-18.1,0,12.5,0.0
2026-02-01 05:00:00,-18.9,16,12.0,0.0
2026-02-01 06:00:00,-19.0,100,12.4,7.0
2026-02-01 07:00:00,-17.6,100,13.0,77.0
2026-02-01 08:00:00,-16.8,100,15.0,168.0
2026-02-01 09:00:00,-16.1,100,14.6,275.0
2026-02-01 10:00:00,-15.6,100,12.6,333.0
2026-02-01 11:00:00,-15.2,100,11.2,354.0
2026-02-01 12:00:00,-13.9,100,10.7,320.0
2026-02-01 13:00:00,-13.9,100,9.7,226.0
2026-02-01 14:00:00,-14.5,100,9.2,118.0
2026-02-01 15:00:00,-15.5,100,9.7,25.0
2026-02-01 16:00:00,-15.7,100,9.9,0.0
2026-02-01 17:00:00,-16.0,97,6.5,0.0
2026-02-01 18:00:00,-16.2,99,2.8,0.0
2026-02-01 19:00:00,-17.0,97,4.3,0.0
2026-02-01 20:00:00,-18.0,91,3.7,0.0
2026-02-01 21:00:00,-19.4,97,4.0,0.0
2026-02-01 22:00:00,-19.0,100,8.1,0.0
2026-02-01 23:00:00,-18.9,100,13.4,0.0
2026-02-02 00:00:00,-20.9,100,6.0,0.0
2026-02-02 01:00:00,-20.9,100,2.1,0.0
2026-02-02 02:00:00,-20.4,100,1.8,0.0
2026-02-02 03:00:00,-20.2,100,6.9,0.0
2026-02-02 04:00:00,-20.4,100,8.3,0.0
2026-02-02 05:00:00,-20.7,100,7.3,0.0
2026-02-02 06:00:00,-19.6,100,6.3,6.0
2026-02-02 07:00:00,-19.4,100,9.0,73.0
2026-02-02 08:00:00,-18.9,100,7.8,190.0
2026-02-02 09:00:00,-18.1,100,8.9,304.0
2026-02-02 10:00:00,-17.0,98,9.4,389.0
2026-02-02 11:00:00,-16.1,91,6.1,404.0
2026-02-02 12:00:00,-15.1,98,6.9,350.0
2026-02-02 13:00:00,-15.2,100,6.2,257.0
2026-02-02 14:00:00,-16.6,98,4.3,138.0
2026-02-02 15:00:00,-19.6,95,5.9,31.0
2026-02-02 16:00:00,-21.2,32,7.2,0.0
2026-02-02 17:00:00,-22.0,4,6.3,0.0
2026-02-02 18:00:00,-21.8,74,6.9,0.0
2026-02-02 19:00:00,-21.9,75,5.5,0.0
2026-02-02 20:00:00,-22.7,70,4.6,0.0
2026-02-02 21:00:00,-23.5,84,5.5,0.0
2026-02-02 22:00:00,-23.7,81,6.4,0.0
2026-02-02 23:00:00,-23.9,84,6.7,0.0
2026-02-03 00:00:00,-23.8,80,7.0,0.0
2026-02-03 01:00:00,-23.5,95,5.8,0.0
2026-02-03 02:00:00,-24.0,94,5.6,0.0
2026-02-03 03:00:00,-24.6,86,5.3,0.0
2026-02-03 04:00:00,-25.1,98,4.9,0.0
2026-02-03 05:00:00,-25.7,100,4.8,0.0
2026-02-03 06:00:00,-24.5,98,6.1,7.0
2026-02-03 07:00:00,-23.1,91,9.8,85.0
2026-02-03 08:00:00,-20.5,73,8.9,222.0
2026-02-03 09:00:00,-18.0,84,6.7,333.0
2026-02-03 10:00:00,-16.4,34,4.6,407.0
2026-02-03 11:00:00,-14.6,9,4.3,420.0
2026-02-03 12:00:00,-13.2,2,5.1,387.0
2026-02-03 13:00:00,-12.8,1,3.4,299.0
2026-02-03 14:00:00,-14.1,0,1.1,170.0
2026-02-03 15:00:00,-16.1,0,0.9,38.0
2026-02-03 16:00:00,-17.3,0,1.3,0.0
2026-02-03 17:00:00,-18.4,0,2.3,0.0
2026-02-03 18:00:00,-19.0,5,1.8,0.0
2026-02-03 19:00:00,-19.8,58,2.9,0.0
2026-02-03 20:00:00,-20.9,84,4.5,0.0
2026-02-03 21:00:00,-22.0,88,5.9,0.0
2026-02-03 22:00:00,-22.4,88,6.4,0.0
2026-02-03 23:00:00,-21.5,89,7.1,0.0
2026-02-04 00:00:00,-20.9,95,8.4,0.0
2026-02-04 01:00:00,-18.7,98,9.0,0.0
2026-02-04 02:00:00,-18.2,87,8.4,0.0
2026-02-04 03:00:00,-17.0,73,10.5,0.0
2026-02-04 04:00:00,-16.8,100,10.6,0.0
2026-02-04 05:00:00,-15.1,100,11.5,0.0
2026-02-04 06:00:00,-13.8,100,12.8,5.0
2026-02-04 07:00:00,-12.9,100,15.7,65.0
2026-02-04 08:00:00,-11.3,100,14.0,165.0
2026-02-04 09:00:00,-9.6,99,15.0,298.0
2026-02-04 10:00:00,-8.6,100,14.8,374.0
2026-02-04 11:00:00,-7.6,100,15.6,356.0
2026-02-04 12:00:00,-7.3,100,15.4,197.0
2026-02-04 13:00:00,-6.5,100,17.2,102.0
2026-02-04 14:00:00,-6.4,100,18.3,54.0
2026-02-04 15:00:00,-6.7,100,19.5,14.0
2026-02-04 16:00:00,-6.7,100,19.8,0.0
2026-02-04 17:00:00,-6.6,100,20.4,0.0
2026-02-04 18:00:00,-6.7,100,21.5,0.0
2026-02-04 19:00:00,-6.6,100,21.3,0.0
2026-02-04 20:00:00,-6.5,100,20.9,0.0
2026-02-04 21:00:00,-6.4,100,21.4,0.0
2026-02-04 22:00:00,-6.2,100,21.2,0.0
2026-02-04 23:00:00,-6.1,100,21.4,0.0
2026-02-05 00:00:00,-6.4,100,22.7,0.0
2026-02-05 01:00:00,-6.4,100,23.3,0.0
2026-02-05 02:00:00,-6.4,100,23.3,0.0
2026-02-05 03:00:00,-6.3,100,23.4,0.0
2026-02-05 04:00:00,-6.3,100,23.5,0.0
2026-02-05 05:00:00,-6.3,100,24.2,0.0
2026-02-05 06:00:00,-6.6,100,25.1,3.0
2026-02-05 07:00:00,-6.6,100,25.1,31.0
2026-02-05 08:00:00,-6.9,100,21.7,71.0
2026-02-05 09:00:00,-6.9,100,21.3,90.0
2026-02-05 10:00:00,-6.7,100,21.7,152.0
2026-02-05 11:00:00,-6.5,100,20.1,160.0
2026-02-05 12:00:00,-6.5,100,20.0,110.0
2026-02-05 13:00:00,-6.4,100,19.1,99.0
2026-02-05 14:00:00,-6.5,100,17.6,39.0
2026-02-05 15:00:00,-6.6,100,15.3,9.0
2026-02-05 16:00:00,-6.3,100,16.5,0.0
2026-02-05 17:00:00,-5.8,100,20.1,0.0
2026-02-05 18:00:00,-5.9,100,22.4,0.0
2026-02-05 19:00:00,-5.8,100,21.9,0.0
2026-02-05 20:00:00,-5.8,100,21.3,0.0
2026-02-05 21:00:00,-6.1,100,20.5,0.0
2026-02-05 22:00:00,-6.2,100,21.0,0.0
2026-02-05 23:00:00,-6.3,100,19.9,0.0
2026-02-06 00:00:00,-6.8,100,18.4,0.0
2026-02-06 01:00:00,-6.8,100,18.8,0.0
2026-02-06 02:00:00,-7.0,100,19.3,0.0
2026-02-06 03:00:00,-6.9,100,19.6,0.0
2026-02-06 04:00:00,-6.9,100,19.3,0.0
2026-02-06 05:00:00,-6.9,100,17.1,0.0
2026-02-06 06:00:00,-7.4,100,15.1,4.0
2026-02-06 07:00:00,-7.1,100,16.4,48.0
2026-02-06 08:00:00,-7.1,100,16.8,94.0
2026-02-06 09:00:00,-6.7,100,14.2,158.0
2026-02-06 10:00:00,-6.2,100,15.8,194.0
2026-02-06 11:00:00,-6.2,100,14.2,157.0
2026-02-06 12:00:00,-6.2,100,13.5,145.0
2026-02-06 13:00:00,-6.2,100,13.5,97.0
2026-02-06 14:00:00,-6.0,100,13.4,58.0
2026-02-06 15:00:00,-6.2,100,12.2,14.0
2026-02-06 16:00:00,-6.4,100,12.1,0.0
2026-02-06 17:00:00,-6.9,100,13.2,0.0
2026-02-06 18:00:00,-7.1,100,12.5,0.0
2026-02-06 19:00:00,-6.7,100,12.4,0.0
2026-02-06 20:00:00,-6.6,100,11.4,0.0
2026-02-06 21:00:00,-6.4,100,9.6,0.0
2026-02-06 22:00:00,-6.6,100,8.7,0.0
2026-02-06 23:00:00,-6.1,100,9.6,0.0
2026-02-07 00:00:00,-6.2,100,8.4,0.0
2026-02-07 01:00:00,-6.2,100,8.1,0.0
2026-02-07 02:00:00,-6.2,100,8.3,0.0
2026-02-07 03:00:00,-6.1,100,8.0,0.0
2026-02-07 04:00:00,-6.1,100,7.5,0.0
2026-02-07 05:00:00,-6.0,100,7.3,0.0
2026-02-07 06:00:00,-5.8,100,7.7,5.0
2026-02-07 07:00:00,-5.5,100,7.7,35.0
2026-02-07 08:00:00,-5.2,100,7.6,69.0
2026-02-07 09:00:00,-4.7,100,7.8,107.0
2026-02-07 10:00:00,-4.2,100,7.2,140.0
2026-02-07 11:00:00,-4.0,100,7.9,130.0
2026-02-07 12:00:00,-3.8,100,10.4,147.0
2026-02-07 13:00:00,-3.8,100,11.0,140.0
2026-02-07 14:00:00,-3.9,100,10.7,82.0
2026-02-07 15:00:00,-4.2,100,9.0,18.0
2026-02-07 16:00:00,-4.3,100,9.4,0.0
2026-02-07 17:00:00,-4.4,100,9.9,0.0
2026-02-07 18:00:00,-4.4,100,10.7,0.0
2026-02-07 19:00:00,-4.7,100,11.1,0.0
2026-02-07 20:00:00,-4.9,100,11.2,0.0
2026-02-07 21:00:00,-5.1,100,10.8,0.0
2026-02-07 22:00:00,-5.2,100,10.8,0.0
2026-02-07 23:00:00,-5.4,100,11.7,0.0
2026-02-08 00:00:00,-5.4,100,12.6,0.0
2026-02-08 01:00:00,-5.6,100,12.6,0.0
2026-02-08 02:00:00,-5.8,100,12.5,0.0
2026-02-08 03:00:00,-5.8,100,13.4,0.0
2026-02-08 04:00:00,-5.9,100,14.1,0.0
2026-02-08 05:00:00,-6.1,100,14.8,0.0
2026-02-08 06:00:00,-6.1,100,15.8,7.0
2026-02-08 07:00:00,-5.9,100,18.0,72.0
2026-02-08 08:00:00,-5.8,100,17.7,139.0
2026-02-08 09:00:00,-5.7,100,17.6,198.0
2026-02-08 10:00:00,-5.6,100,17.0,207.0
2026-02-08 11:00:00,-5.3,100,17.4,259.0
2026-02-08 12:00:00,-5.6,100,17.5,241.0
2026-02-08 13:00:00,-5.6,100,18.4,147.0
2026-02-08 14:00:00,-5.8,100,18.4,91.0
2026-02-08 15:00:00,-6.2,100,16.3,29.0
2026-02-08 16:00:00,-6.4,100,17.9,0.0
2026-02-08 17:00:00,-6.6,100,17.9,0.0
2026-02-08 18:00:00,-6.9,100,17.5,0.0
2026-02-08 19:00:00,-6.9,100,17.9,0.0
2026-02-08 20:00:00,-6.9,100,19.9,0.0
2026-02-08 21:00:00,-7.9,100,23.4,0.0
2026-02-08 22:00:00,-8.9,100,20.7,0.0
2026-02-08 23:00:00,-9.6,100,18.2,0.0
2026-02-09 00:00:00,-9.7,100,16.0,0.0
2026-02-09 01:00:00,-9.8,100,16.3,0.0
2026-02-09 02:00:00,-9.8,100,15.9,0.0
2026-02-09 03:00:00,-9.9,100,15.7,0.0
2026-02-09 04:00:00,-10.1,100,15.7,0.0
2026-02-09 05:00:00,-10.6,100,15.5,0.0
2026-02-09 06:00:00,-11.1,100,17.3,11.0
2026-02-09 07:00:00,-11.8,100,17.3,86.0
2026-02-09 08:00:00,-12.0,100,14.6,178.0
2026-02-09 09:00:00,-11.8,100,12.4,283.0
2026-02-09 10:00:00,-11.5,100,10.8,373.0
2026-02-09 11:00:00,-11.3,100,9.8,401.0
2026-02-09 12:00:00,-9.9,100,8.9,352.0
2026-02-09 13:00:00,-9.8,100,8.8,233.0
2026-02-09 14:00:00,-9.8,100,8.4,144.0
2026-02-09 15:00:00,-10.2,100,5.7,40.0
2026-02-09 16:00:00,-11.1,100,6.5,0.0
2026-02-09 17:00:00,-12.4,99,6.7,0.0
2026-02-09 18:00:00,-15.1,100,7.8,0.0
2026-02-09 19:00:00,-15.4,100,5.6,0.0
2026-02-09 20:00:00,-15.4,100,4.6,0.0
2026-02-09 21:00:00,-15.4,100,4.3,0.0
2026-02-09 22:00:00,-16.0,100,4.0,0.0
2026-02-09 23:00:00,-16.1,100,6.1,0.0
2026-02-10 00:00:00,-21.0,100,9.7,0.0
2026-02-10 01:00:00,-21.1,100,7.6,0.0
2026-02-10 02:00:00,-21.4,100,7.1,0.0
2026-02-10 03:00:00,-21.8,100,8.4,0.0
2026-02-10 04:00:00,-21.9,100,9.7,0.0
2026-02-10 05:00:00,-21.4,100,9.9,0.0
2026-02-10 06:00:00,-21.9,100,13.1,14.0
2026-02-10 07:00:00,-20.4,100,11.3,103.0
2026-02-10 08:00:00,-19.0,100,11.6,224.0
2026-02-10 09:00:00,-17.3,100,10.7,345.0
2026-02-10 10:00:00,-15.5,95,11.2,425.0
2026-02-10 11:00:00,-14.0,9,11.6,466.0
2026-02-10 12:00:00,-9.6,1,13.9,435.0
2026-02-10 13:00:00,-8.8,0,14.2,344.0
2026-02-10 14:00:00,-9.1,0,15.6,209.0
2026-02-10 15:00:00,-10.6,0,17.0,63.0
2026-02-10 16:00:00,-11.4,41,18.3,0.0
2026-02-10 17:00:00,-11.6,98,19.0,0.0
2026-02-10 18:00:00,-10.9,100,20.0,0.0
2026-02-10 19:00:00,-10.3,100,20.7,0.0
2026-02-10 20:00:00,-10.0,88,20.7,0.0
2026-02-10 21:00:00,-10.1,1,20.7,0.0
2026-02-10 22:00:00,-10.0,55,20.9,0.0
2026-02-10 23:00:00,-9.8,100,20.9,0.0
2026-02-11 00:00:00,-8.9,100,21.6,0.0
2026-02-11 01:00:00,-7.8,100,22.1,0.0
2026-02-11 02:00:00,-7.2,100,22.1,0.0
2026-02-11 03:00:00,-6.8,100,22.9,0.0
2026-02-11 04:00:00,-6.7,100,22.5,0.0
2026-02-11 05:00:00,-6.3,100,22.3,0.0
2026-02-11 06:00:00,-6.2,100,22.1,12.0
2026-02-11 07:00:00,-5.6,100,23.2,64.0
2026-02-11 08:00:00,-4.7,100,23.4,102.0
2026-02-11 09:00:00,-4.4,100,19.5,132.0
2026-02-11 10:00:00,-4.7,100,19.1,163.0
2026-02-11 11:00:00,-4.4,100,18.6,176.0
2026-02-11 12:00:00,-4.1,100,19.0,168.0
2026-02-11 13:00:00,-3.5,100,19.0,135.0
2026-02-11 14:00:00,-2.9,100,22.7,80.0
2026-02-11 15:00:00,-2.4,100,21.9,24.0
2026-02-11 16:00:00,-1.7,100,21.5,0.0
2026-02-11 17:00:00,-1.5,100,22.5,0.0
2026-02-11 18:00:00,-1.8,100,23.3,0.0
2026-02-11 19:00:00,-1.4,100,23.6,0.0
2026-02-11 20:00:00,-1.1,100,23.0,0.0
2026-02-11 21:00:00,-0.6,100,22.6,0.0
2026-02-11 22:00:00,0.1,100,23.4,0.0
2026-02-11 23:00:00,0.6,100,23.8,0.0
2026-02-12 00:00:00,0.9,100,22.7,0.0
2026-02-12 01:00:00,0.9,100,22.7,0.0
2026-02-12 02:00:00,0.9,100,22.9,0.0
2026-02-12 03:00:00,0.9,100,22.7,0.0
2026-02-12 04:00:00,0.9,100,23.2,0.0
2026-02-12 05:00:00,0.9,100,24.0,0.0
2026-02-12 06:00:00,0.9,100,24.3,10.0
2026-02-12 07:00:00,1.0,100,24.9,64.0
2026-02-12 08:00:00,1.2,100,25.2,126.0
2026-02-12 09:00:00,1.3,100,23.6,184.0
2026-02-12 10:00:00,1.5,100,22.4,223.0
2026-02-12 11:00:00,1.5,100,19.5,226.0
2026-02-12 12:00:00,1.5,100,20.8,222.0
2026-02-12 13:00:00,1.7,100,22.1,153.0
2026-02-12 14:00:00,1.8,100,21.4,93.0
2026-02-12 15:00:00,1.6,100,20.9,30.0
2026-02-12 16:00:00,1.6,100,19.5,0.0
2026-02-12 17:00:00,1.8,100,18.6,0.0
2026-02-12 18:00:00,2.2,100,17.4,0.0
2026-02-12 19:00:00,2.2,100,17.9,0.0
2026-02-12 20:00:00,2.2,100,16.7,0.0
2026-02-12 21:00:00,2.2,100,15.7,0.0
2026-02-12 22:00:00,2.1,100,14.3,0.0
2026-02-12 23:00:00,2.0,100,14.6,0.0
2026-02-13 00:00:00,2.2,100,16.1,0.0
2026-02-13 01:00:00,2.0,100,16.5,0.0
2026-02-13 02:00:00,2.0,100,16.8,0.0
2026-02-13 03:00:00,1.9,100,15.9,0.0
2026-02-13 04:00:00,1.8,100,15.0,0.0
2026-02-13 05:00:00,1.7,100,13.7,0.0
2026-02-13 06:00:00,1.5,100,12.1,9.0
2026-02-13 07:00:00,1.5,100,11.0,58.0
2026-02-13 08:00:00,1.6,100,9.8,110.0
2026-02-13 09:00:00,1.6,100,10.7,154.0
2026-02-13 10:00:00,1.5,100,10.1,204.0
2026-02-13 11:00:00,1.6,100,10.1,250.0
2026-02-13 12:00:00,1.4,100,11.9,206.0
2026-02-13 13:00:00,1.0,100,10.1,126.0
2026-02-13 14:00:00,0.9,100,5.2,95.0
2026-02-13 15:00:00,0.6,100,3.9,33.0
2026-02-13 16:00:00,0.4,100,7.5,0.0
2026-02-13 17:00:00,0.3,100,11.0,0.0
2026-02-13 18:00:00,0.1,100,7.7,0.0
2026-02-13 19:00:00,0.1,100,2.4,0.0
2026-02-13 20:00:00,0.1,100,1.7,0.0
2026-02-13 21:00:00,0.0,100,4.5,0.0
2026-02-13 22:00:00,0.0,100,5.2,0.0
2026-02-13 23:00:00,0.1,100,5.3,0.0
2026-02-14 00:00:00,-0.2,100,6.0,0.0
2026-02-14 01:00:00,-0.2,100,4.1,0.0
2026-02-14 02:00:00,-0.1,100,2.3,0.0
2026-02-14 03:00:00,0.1,100,3.9,0.0
2026-02-14 04:00:00,0.2,100,4.5,0.0
2026-02-14 05:00:00,0.2,100,1.2,0.0
2026-02-14 06:00:00,0.1,100,5.2,7.0
2026-02-14 07:00:00,0.4,100,8.9,50.0
2026-02-14 08:00:00,0.9,100,9.6,86.0
2026-02-14 09:00:00,1.6,100,11.3,190.0
2026-02-14 10:00:00,2.0,100,12.0,203.0
2026-02-14 11:00:00,2.3,20,12.8,306.0
2026-02-14 12:00:00,2.4,100,12.4,405.0
2026-02-14 13:00:00,2.1,100,12.1,178.0
2026-02-14 14:00:00,2.0,100,13.5,106.0
2026-02-14 15:00:00,1.9,100,14.6,36.0
2026-02-14 16:00:00,1.8,100,15.5,1.0
2026-02-14 17:00:00,1.6,100,16.2,0.0
2026-02-14 18:00:00,2.0,100,16.2,0.0
2026-02-14 19:00:00,1.5,100,11.1,0.0
2026-02-14 20:00:00,1.1,100,9.3,0.0
2026-02-14 21:00:00,0.7,100,9.8,0.0
2026-02-14 22:00:00,0.3,100,9.1,0.0
2026-02-14 23:00:00,0.3,100,10.4,0.0
2026-02-15 00:00:00,0.4,100,8.2,0.0
2026-02-15 01:00:00,-0.8,100,7.5,0.0
2026-02-15 02:00:00,-1.1,100,6.5,0.0
2026-02-15 03:00:00,-0.4,100,4.5,0.0
2026-02-15 04:00:00,-0.2,100,0.6,0.0
2026-02-15 05:00:00,-0.1,100,2.6,0.0
2026-02-15 06:00:00,0.2,100,6.6,11.0
2026-02-15 07:00:00,0.6,100,7.2,55.0
2026-02-15 08:00:00,1.1,100,7.8,205.0
2026-02-15 09:00:00,1.9,100,9.2,327.0
2026-02-15 10:00:00,2.3,100,12.2,315.0
2026-02-15 11:00:00,2.2,100,13.1,203.0
2026-02-15 12:00:00,1.0,100,15.4,81.0
2026-02-15 13:00:00,0.8,100,16.7,33.0
2026-02-15 14:00:00,0.6,100,16.7,13.0
2026-02-15 15:00:00,0.5,100,17.0,7.0
2026-02-15 16:00:00,0.5,100,17.6,0.0
2026-02-15 17:00:00,0.5,100,16.4,0.0
2026-02-15 18:00:00,0.5,100,14.3,0.0
2026-02-15 19:00:00,0.6,100,8.6,0.0
2026-02-15 20:00:00,0.3,100,8.8,0.0
2026-02-15 21:00:00,0.1,100,13.8,0.0
2026-02-15 22:00:00,-0.2,100,15.2,0.0
2026-02-15 23:00:00,-1.4,100,19.8,0.0
2026-02-16 00:00:00,-2.7,100,21.8,0.0
2026-02-16 01:00:00,-3.9,100,24.6,0.0
2026-02-16 02:00:00,-4.9,100,25.8,0.0
2026-02-16 03:00:00,-6.3,100,24.4,0.0
2026-02-16 04:00:00,-7.7,100,26.6,0.0
2026-02-16 05:00:00,-8.3,100,23.8,0.0
2026-02-16 06:00:00,-8.3,100,24.1,18.0
2026-02-16 07:00:00,-8.3,100,26.9,104.0
2026-02-16 08:00:00,-8.2,100,24.5,198.0
2026-02-16 09:00:00,-8.1,100,23.2,319.0
2026-02-16 10:00:00,-7.9,100,21.9,395.0
2026-02-16 11:00:00,-7.9,100,22.3,384.0
2026-02-16 12:00:00,-7.9,100,22.3,308.0
2026-02-16 13:00:00,-7.8,100,21.6,225.0
2026-02-16 14:00:00,-7.4,100,18.4,141.0
2026-02-16 15:00:00,-7.4,100,14.0,48.0
2026-02-16 16:00:00,-7.4,100,11.8,1.0
2026-02-16 17:00:00,-7.7,100,8.5,0.0
2026-02-16 18:00:00,-8.3,100,7.7,0.0
2026-02-16 19:00:00,-8.2,100,7.5,0.0
2026-02-16 20:00:00,-8.5,100,5.1,0.0
2026-02-16 21:00:00,-8.6,100,5.2,0.0
2026-02-16 22:00:00,-9.1,99,4.9,0.0
2026-02-16 23:00:00,-10.6,73,4.8,0.0
2026-02-17 00:00:00,-10.9,73,4.3,0.0
2026-02-17 01:00:00,-12.6,68,5.0,0.0
2026-02-17 02:00:00,-13.1,64,5.5,0.0
2026-02-17 03:00:00,-14.2,98,2.6,0.0
2026-02-17 04:00:00,-14.3,100,3.4,0.0
2026-02-17 05:00:00,-12.9,100,1.1,0.0
2026-02-17 06:00:00,-11.1,100,6.8,20.0
2026-02-17 07:00:00,-9.2,100,9.3,90.0
2026-02-17 08:00:00,-8.1,100,12.5,190.0
2026-02-17 09:00:00,-7.6,100,11.2,288.0
2026-02-17 10:00:00,-7.0,100,7.9,356.0
2026-02-17 11:00:00,-6.7,100,10.1,343.0
2026-02-17 12:00:00,-6.3,100,9.6,339.0
2026-02-17 13:00:00,-6.6,100,12.1,252.0
2026-02-17 14:00:00,-6.9,100,12.6,148.0
2026-02-17 15:00:00,-7.4,100,10.8,55.0
2026-02-17 16:00:00,-7.8,100,12.2,2.0
2026-02-17 17:00:00,-7.9,100,13.0,0.0
2026-02-17 18:00:00,-7.3,100,11.0,0.0
2026-02-17 19:00:00,-7.4,100,12.9,0.0
2026-02-17 20:00:00,-7.9,100,12.6,0.0
2026-02-17 21:00:00,-8.9,100,11.6,0.0
2026-02-17 22:00:00,-8.9,100,12.3,0.0
2026-02-17 23:00:00,-9.4,100,13.4,0.0
2026-02-18 00:00:00,-10.4,100,12.5,0.0
2026-02-18 01:00:00,-10.4,100,12.7,0.0
2026-02-18 02:00:00,-10.6,100,13.5,0.0
2026-02-18 03:00:00,-11.4,100,13.5,0.0
2026-02-18 04:00:00,-11.2,100,13.3,0.0
2026-02-18 05:00:00,-11.1,100,12.0,0.0
2026-02-18 06:00:00,-10.6,100,12.9,24.0
2026-02-18 07:00:00,-10.1,100,14.8,70.0
2026-02-18 08:00:00,-9.9,100,15.2,121.0
2026-02-18 09:00:00,-9.7,100,16.5,173.0
2026-02-18 10:00:00,-9.6,100,17.0,248.0
2026-02-18 11:00:00,-9.2,100,17.1,286.0
2026-02-18 12:00:00,-9.4,100,19.7,253.0
2026-02-18 13:00:00,-9.4,100,20.0,136.0
2026-02-18 14:00:00,-9.6,100,20.5,75.0
2026-02-18 15:00:00,-9.6,100,20.4,24.0
2026-02-18 16:00:00,-9.6,100,20.2,1.0
2026-02-18 17:00:00,-9.6,100,18.9,0.0
2026-02-18 18:00:00,-9.8,100,20.3,0.0
2026-02-18 19:00:00,-9.8,100,19.1,0.0
2026-02-18 20:00:00,-9.6,100,20.7,0.0
2026-02-18 21:00:00,-9.6,100,21.5,0.0
2026-02-18 22:00:00,-9.3,100,22.3,0.0
2026-02-18 23:00:00,-9.1,100,20.0,0.0
2026-02-19 00:00:00,-9.1,100,21.3,0.0
2026-02-19 01:00:00,-9.2,100,22.1,0.0
2026-02-19 02:00:00,-9.4,100,22.7,0.0
2026-02-19 03:00:00,-9.4,100,22.0,0.0
2026-02-19 04:00:00,-9.6,100,21.4,0.0
2026-02-19 05:00:00,-9.7,97,21.0,0.0
2026-02-19 06:00:00,-9.6,16,19.8,33.0
2026-02-19 07:00:00,-9.4,2,18.0,176.0
2026-02-19 08:00:00,-9.1,0,19.4,330.0
2026-02-19 09:00:00,-8.6,9,17.6,444.0
2026-02-19 10:00:00,-7.8,87,17.4,501.0
2026-02-19 11:00:00,-6.4,100,19.7,467.0
2026-02-19 12:00:00,-4.8,60,16.2,308.0
2026-02-19 13:00:00,-4.2,89,15.7,338.0
2026-02-19 14:00:00,-3.8,100,14.1,202.0
2026-02-19 15:00:00,-3.8,100,13.5,67.0
2026-02-19 16:00:00,-3.2,100,15.0,3.0
2026-02-19 17:00:00,-3.0,100,17.2,0.0
2026-02-19 18:00:00,-4.7,100,13.3,0.0
2026-02-19 19:00:00,-4.6,100,7.4,0.0
2026-02-19 20:00:00,-4.5,100,6.0,0.0
2026-02-19 21:00:00,-4.6,100,2.9,0.0
2026-02-19 22:00:00,-5.2,100,3.1,0.0
2026-02-19 23:00:00,-4.9,100,8.3,0.0
2026-02-20 00:00:00,-5.1,100,6.5,0.0
2026-02-20 01:00:00,-5.2,100,7.7,0.0
2026-02-20 02:00:00,-5.4,100,8.0,0.0
2026-02-20 03:00:00,-5.5,100,7.7,0.0
2026-02-20 04:00:00,-5.6,100,7.8,0.0
2026-02-20 05:00:00,-5.6,100,7.8,0.0
2026-02-20 06:00:00,-5.3,100,8.3,13.0
2026-02-20 07:00:00,-5.1,100,6.8,58.0
2026-02-20 08:00:00,-4.6,100,7.7,153.0
2026-02-20 09:00:00,-4.2,100,8.5,238.0
2026-02-20 10:00:00,-3.7,84,11.5,355.0
2026-02-20 11:00:00,-3.5,41,13.6,472.0
2026-02-20 12:00:00,-3.3,21,12.0,488.0
2026-02-20 13:00:00,-3.6,4,9.5,397.0
2026-02-20 14:00:00,-4.6,1,9.5,260.0
2026-02-20 15:00:00,-6.3,0,10.1,104.0
2026-02-20 16:00:00,-7.1,3,14.2,5.0
2026-02-20 17:00:00,-7.8,30,13.0,0.0
2026-02-20 18:00:00,-8.7,32,9.6,0.0
2026-02-20 19:00:00,-9.8,5,9.3,0.0
2026-02-20 20:00:00,-10.6,96,9.3,0.0
2026-02-20 21:00:00,-10.8,93,11.4,0.0
2026-02-20 22:00:00,-11.3,99,10.8,0.0
2026-02-20 23:00:00,-13.6,100,4.2,0.0
2026-02-21 00:00:00,-14.0,98,6.6,0.0
2026-02-21 01:00:00,-14.6,95,8.6,0.0
2026-02-21 02:00:00,-14.2,100,12.3,0.0
2026-02-21 03:00:00,-14.1,100,10.7,0.0
2026-02-21 04:00:00,-15.1,100,1.4,0.0
2026-02-21 05:00:00,-15.5,100,4.6,0.0
2026-02-21 06:00:00,-13.9,100,0.6,39.0
2026-02-21 07:00:00,-12.6,100,2.5,153.0
2026-02-21 08:00:00,-11.2,100,2.7,276.0
2026-02-21 09:00:00,-9.6,100,3.4,371.0
2026-02-21 10:00:00,-8.3,100,4.3,448.0
2026-02-21 11:00:00,-7.5,100,5.6,486.0
2026-02-21 12:00:00,-6.6,73,6.1,454.0
2026-02-21 13:00:00,-6.8,29,6.9,365.0
2026-02-21 14:00:00,-7.4,3,5.2,252.0
2026-02-21 15:00:00,-9.4,2,7.2,108.0
2026-02-21 16:00:00,-10.6,11,8.5,6.0
2026-02-21 17:00:00,-11.2,11,9.4,0.0
2026-02-21 18:00:00,-11.2,48,11.1,0.0
2026-02-21 19:00:00,-10.7,98,11.7,0.0
2026-02-21 20:00:00,-10.6,99,11.6,0.0
2026-02-21 21:00:00,-10.6,100,11.9,0.0
2026-02-21 22:00:00,-10.4,100,12.3,0.0
2026-02-21 23:00:00,-10.9,100,11.1,0.0
2026-02-22 00:00:00,-11.7,99,11.3,0.0
2026-02-22 01:00:00,-11.4,100,11.0,0.0
2026-02-22 02:00:00,-11.4,99,8.8,0.0
2026-02-22 03:00:00,-12.1,100,8.2,0.0
2026-02-22 04:00:00,-11.4,100,9.2,0.0
2026-02-22 05:00:00,-10.4,100,9.0,0.0
2026-02-22 06:00:00,-9.3,100,9.3,28.0
2026-02-22 07:00:00,-8.2,100,10.0,106.0
2026-02-22 08:00:00,-6.8,100,10.1,202.0
2026-02-22 09:00:00,-5.1,100,8.1,317.0
2026-02-22 10:00:00,-3.7,100,7.8,344.0
2026-02-22 11:00:00,-2.7,100,8.1,283.0
2026-02-22 12:00:00,-1.0,100,7.8,222.0
2026-02-22 13:00:00,-0.6,91,8.0,208.0
2026-02-22 14:00:00,-1.0,93,8.5,221.0
2026-02-22 15:00:00,-2.3,88,8.2,100.0
2026-02-22 16:00:00,-3.6,12,9.6,6.0
2026-02-22 17:00:00,-3.8,62,9.8,0.0
2026-02-22 18:00:00,-2.1,100,9.4,0.0
2026-02-22 19:00:00,-0.6,100,9.8,0.0
2026-02-22 20:00:00,-0.1,95,7.5,0.0
2026-02-22 21:00:00,-1.1,100,6.7,0.0
2026-02-22 22:00:00,-0.9,100,9.5,0.0
2026-02-22 23:00:00,0.2,100,10.3,0.0
2026-02-23 00:00:00,0.6,100,10.3,0.0
2026-02-23 01:00:00,0.9,100,10.7,0.0
2026-02-23 02:00:00,0.9,99,11.9,0.0
2026-02-23 03:00:00,0.3,99,12.3,0.0
2026-02-23 04:00:00,0.0,100,12.9,0.0
2026-02-23 05:00:00,-0.4,100,13.9,0.0
2026-02-23 06:00:00,-0.6,100,16.0,30.0
2026-02-23 07:00:00,0.3,100,17.9,85.0
2026-02-23 08:00:00,0.8,100,19.9,102.0
2026-02-23 09:00:00,1.0,100,20.4,132.0
2026-02-23 10:00:00,1.0,100,21.4,155.0
2026-02-23 11:00:00,1.2,100,20.4,164.0
2026-02-23 12:00:00,1.5,100,20.7,166.0
2026-02-23 13:00:00,1.5,100,19.9,110.0
2026-02-23 14:00:00,1.5,100,18.5,67.0
2026-02-23 15:00:00,1.5,100,18.0,23.0
2026-02-23 16:00:00,1.6,100,17.6,2.0
2026-02-23 17:00:00,1.8,100,16.0,0.0
2026-02-23 18:00:00,2.2,100,14.7,0.0
2026-02-23 19:00:00,2.2,100,13.8,0.0
2026-02-23 20:00:00,2.2,100,14.3,0.0
2026-02-23 21:00:00,2.1,100,14.8,0.0
2026-02-23 22:00:00,2.0,100,15.0,0.0
2026-02-23 23:00:00,1.8,100,15.2,0.0
2026-02-24 00:00:00,1.8,100,13.6,0.0
2026-02-24 01:00:00,1.6,100,13.4,0.0
2026-02-24 02:00:00,1.4,100,13.0,0.0
2026-02-24 03:00:00,1.1,100,12.3,0.0
2026-02-24 04:00:00,0.9,100,11.6,0.0
2026-02-24 05:00:00,1.0,100,11.7,0.0
2026-02-24 06:00:00,1.4,100,5.7,33.0
2026-02-24 07:00:00,1.5,100,3.1,97.0
2026-02-24 08:00:00,1.8,100,4.2,172.0
2026-02-24 09:00:00,2.0,100,5.5,211.0
2026-02-24 10:00:00,2.0,100,5.0,257.0
2026-02-24 11:00:00,2.0,100,5.5,262.0
2026-02-24 12:00:00,2.3,100,5.6,199.0
2026-02-24 13:00:00,2.0,100,4.8,267.0
2026-02-24 14:00:00,1.6,100,5.0,161.0
2026-02-24 15:00:00,1.2,100,5.6,63.0
2026-02-24 16:00:00,0.9,100,6.2,5.0
2026-02-24 17:00:00,0.8,100,5.5,0.0
2026-02-24 18:00:00,0.9,100,3.5,0.0
2026-02-24 19:00:00,1.1,100,1.9,0.0
2026-02-24 20:00:00,1.2,100,0.7,0.0
2026-02-24 21:00:00,1.2,100,1.0,0.0
2026-02-24 22:00:00,0.9,100,0.6,0.0
2026-02-24 23:00:00,0.9,100,0.5,0.0
2026-02-25 00:00:00,0.9,100,3.4,0.0
2026-02-25 01:00:00,0.8,100,6.1,0.0
2026-02-25 02:00:00,0.7,100,5.8,0.0
2026-02-25 03:00:00,0.7,100,4.4,0.0
2026-02-25 04:00:00,0.6,100,6.9,0.0
2026-02-25 05:00:00,0.4,100,12.3,0.0
2026-02-25 06:00:00,0.3,100,15.0,17.0
2026-02-25 07:00:00,0.5,100,16.1,77.0
2026-02-25 08:00:00,0.4,100,17.1,119.0
2026-02-25 09:00:00,0.3,100,16.4,141.0
2026-02-25 10:00:00,0.2,100,16.3,159.0
2026-02-25 11:00:00,0.1,100,17.1,149.0
2026-02-25 12:00:00,-0.2,100,18.2,127.0
2026-02-25 13:00:00,-0.3,100,14.8,72.0
2026-02-25 14:00:00,-0.3,100,14.6,93.0
2026-02-25 15:00:00,-0.3,100,12.7,59.0
2026-02-25 16:00:00,-0.6,100,12.5,6.0
2026-02-25 17:00:00,-0.6,100,13.2,0.0
2026-02-25 18:00:00,-0.9,100,12.3,0.0
2026-02-25 19:00:00,-0.2,100,12.8,0.0
2026-02-25 20:00:00,0.0,100,12.7,0.0
2026-02-25 21:00:00,0.1,100,13.4,0.0
2026-02-25 22:00:00,-0.2,100,15.1,0.0
2026-02-25 23:00:00,-0.7,100,16.0,0.0
2026-02-26 00:00:00,-1.0,100,16.4,0.0
2026-02-26 01:00:00,-1.7,100,15.8,0.0
2026-02-26 02:00:00,-2.0,100,13.8,0.0
2026-02-26 03:00:00,-1.9,100,14.9,0.0
2026-02-26 04:00:00,-2.8,100,20.5,0.0
2026-02-26 05:00:00,-4.3,100,18.0,0.0
2026-02-26 06:00:00,-3.8,100,20.2,27.0
2026-02-26 07:00:00,-3.2,100,20.4,76.0
2026-02-26 08:00:00,-2.8,100,19.3,145.0
2026-02-26 09:00:00,-2.5,100,19.0,248.0
2026-02-26 10:00:00,-2.3,100,17.1,256.0
2026-02-26 11:00:00,-2.2,100,16.3,253.0
2026-02-26 12:00:00,-2.4,100,17.2,234.0
2026-02-26 13:00:00,-2.3,100,16.8,178.0
2026-02-26 14:00:00,-2.3,100,15.0,109.0
2026-02-26 15:00:00,-2.5,100,12.1,53.0
2026-02-26 16:00:00,-2.7,100,11.6,6.0
2026-02-26 17:00:00,-2.9,100,11.0,0.0
2026-02-26 18:00:00,-2.7,100,10.3,0.0
2026-02-26 19:00:00,-2.8,100,9.2,0.0
2026-02-26 20:00:00,-3.0,100,9.2,0.0
2026-02-26 21:00:00,-3.1,100,8.5,0.0
2026-02-26 22:00:00,-3.0,100,8.0,0.0
2026-02-26 23:00:00,-3.3,100,6.9,0.0
2026-02-27 00:00:00,-3.5,100,8.2,0.0
2026-02-27 01:00:00,-3.8,63,6.5,0.0
2026-02-27 02:00:00,-4.6,98,4.5,0.0
2026-02-27 03:00:00,-3.9,100,4.9,0.0
2026-02-27 04:00:00,-3.6,100,5.4,0.0
2026-02-27 05:00:00,-3.5,100,5.6,1.0
2026-02-27 06:00:00,-3.7,100,5.4,37.0
2026-02-27 07:00:00,-2.7,100,5.2,114.0
2026-02-27 08:00:00,-1.8,100,5.6,201.0
2026-02-27 09:00:00,-1.1,100,5.3,238.0
2026-02-27 10:00:00,-0.7,100,3.8,274.0
2026-02-27 11:00:00,-0.1,100,2.3,335.0
2026-02-27 12:00:00,-0.6,100,4.6,390.0
2026-02-27 13:00:00,-0.5,100,3.8,241.0
2026-02-27 14:00:00,-0.6,100,2.8,162.0
2026-02-27 15:00:00,-0.9,100,3.5,65.0
2026-02-27 16:00:00,-1.2,100,2.8,7.0
2026-02-27 17:00:00,-1.2,100,3.8,0.0
2026-02-27 18:00:00,-2.1,100,6.5,0.0
2026-02-27 19:00:00,-2.4,100,4.5,0.0
2026-02-27 20:00:00,-2.5,100,8.0,0.0
2026-02-27 21:00:00,-2.5,100,9.8,0.0
2026-02-27 22:00:00,-2.6,100,9.3,0.0
2026-02-27 23:00:00,-2.5,100,9.6,0.0
2026-02-28 00:00:00,-3.0,100,8.2,0.0
2026-02-28 01:00:00,-3.7,100,6.2,0.0
2026-02-28 02:00:00,-4.2,100,6.1,0.0
2026-02-28 03:00:00,-3.8,100,7.7,0.0
2026-02-28 04:00:00,-3.2,100,8.5,0.0
2026-02-28 05:00:00,-2.8,100,9.3,1.0
2026-02-28 06:00:00,-3.0,100,9.8,52.0
2026-02-28 07:00:00,-2.9,100,10.9,130.0
2026-02-28 08:00:00,-2.3,100,11.0,235.0
2026-02-28 09:00:00,-1.6,100,12.7,324.0
2026-02-28 10:00:00,-1.0,100,13.7,407.0
2026-02-28 11:00:00,-0.3,100,11.4,439.0
2026-02-28 12:00:00,0.3,100,10.6,386.0
2026-02-28 13:00:00,0.3,100,11.5,255.0
2026-02-28 14:00:00,0.2,100,11.9,167.0
2026-02-28 15:00:00,0.1,100,11.6,68.0
2026-02-28 16:00:00,-0.3,100,9.8,9.0
2026-02-28 17:00:00,-0.6,100,9.8,0.0
2026-02-28 18:00:00,-0.2,100,11.2,0.0
2026-02-28 19:00:00,-1.1,46,9.7,0.0
2026-02-28 20:00:00,-1.8,0,9.8,0.0
2026-02-28 21:00:00,-2.3,0,11.3,0.0
2026-02-28 22:00:00,-2.5,0,10.9,0.0
2026-02-28 23:00:00,-3.0,2,10.5,0.0
2026-03-01 00:00:00,-3.2,25,11.3,0.0
2026-03-01 01:00:00,-3.5,5,11.6,0.0
2026-03-01 02:00:00,-3.8,1,12.2,0.0
2026-03-01 03:00:00,-3.8,0,12.9,0.0
2026-03-01 04:00:00,-3.7,0,12.7,0.0
2026-03-01 05:00:00,-3.8,3,11.5,2.0
2026-03-01 06:00:00,-2.5,20,12.2,82.0
2026-03-01 07:00:00,-0.6,0,12.9,234.0
2026-03-01 08:00:00,0.9,0,10.8,381.0
2026-03-01 09:00:00,2.0,0,9.9,492.0
2026-03-01 10:00:00,2.8,0,10.2,555.0
2026-03-01 11:00:00,3.5,0,9.8,565.0
2026-03-01 12:00:00,4.7,0,12.4,520.0
2026-03-01 13:00:00,4.1,0,9.7,425.0
2026-03-01 14:00:00,3.8,0,10.3,291.0
2026-03-01 15:00:00,2.7,0,11.2,137.0
2026-03-01 16:00:00,1.3,0,12.7,16.0
2026-03-01 17:00:00,1.0,0,13.2,0.0
2026-03-01 18:00:00,2.2,0,13.8,0.0
2026-03-01 19:00:00,2.0,0,14.3,0.0
2026-03-01 20:00:00,1.4,0,14.0,0.0
2026-03-01 21:00:00,0.9,0,14.2,0.0
2026-03-01 22:00:00,0.4,64,13.4,0.0
2026-03-01 23:00:00,-0.1,91,12.5,0.0
2026-03-02 00:00:00,-0.3,70,12.3,0.0
2026-03-02 01:00:00,-0.9,66,11.5,0.0
2026-03-02 02:00:00,-1.2,8,11.7,0.0
2026-03-02 03:00:00,-1.4,40,11.2,0.0
2026-03-02 04:00:00,-1.3,100,11.8,0.0
2026-03-02 05:00:00,-0.9,99,12.1,2.0
2026-03-02 06:00:00,0.2,66,13.7,76.0
2026-03-02 07:00:00,1.5,99,10.6,224.0
2026-03-02 08:00:00,2.6,94,10.8,352.0
2026-03-02 09:00:00,3.6,99,10.4,447.0
2026-03-02 10:00:00,4.3,100,10.8,483.0
2026-03-02 11:00:00,4.1,100,13.2,337.0
2026-03-02 12:00:00,5.2,95,16.5,371.0
2026-03-02 13:00:00,4.6,100,13.4,347.0
2026-03-02 14:00:00,5.1,0,14.3,238.0
2026-03-02 15:00:00,3.3,0,12.8,136.0
2026-03-02 16:00:00,1.0,5,12.3,17.0
2026-03-02 17:00:00,0.4,2,12.0,0.0
2026-03-02 18:00:00,1.1,98,12.9,0.0
2026-03-02 19:00:00,1.0,53,14.1,0.0
2026-03-02 20:00:00,0.5,16,12.6,0.0
2026-03-02 21:00:00,0.0,6,13.7,0.0
2026-03-02 22:00:00,0.1,100,16.2,0.0
2026-03-02 23:00:00,1.2,100,18.3,0.0
2026-03-03 00:00:00,2.0,54,17.6,0.0
2026-03-03 01:00:00,1.3,48,15.0,0.0
2026-03-03 02:00:00,0.9,100,14.2,0.0
2026-03-03 03:00:00,0.9,98,15.3,0.0
2026-03-03 04:00:00,1.0,100,15.6,0.0
2026-03-03 05:00:00,1.1,81,14.4,1.0
2026-03-03 06:00:00,1.6,99,14.5,49.0
2026-03-03 07:00:00,2.2,28,15.6,186.0
2026-03-03 08:00:00,2.8,90,18.7,356.0
2026-03-03 09:00:00,3.0,100,17.7,327.0
2026-03-03 10:00:00,2.8,88,16.7,252.0
2026-03-03 11:00:00,3.0,100,18.3,332.0
2026-03-03 12:00:00,3.0,100,16.5,184.0
2026-03-03 13:00:00,3.2,100,16.9,127.0
2026-03-03 14:00:00,2.7,99,18.6,116.0
2026-03-03 15:00:00,2.0,100,16.1,53.0
2026-03-03 16:00:00,1.4,100,15.7,7.0
2026-03-03 17:00:00,0.9,100,13.7,0.0
2026-03-03 18:00:00,1.4,100,12.7,0.0
2026-03-03 19:00:00,1.0,92,11.7,0.0
2026-03-03 20:00:00,0.6,45,11.8,0.0
2026-03-03 21:00:00,-0.6,32,10.1,0.0
2026-03-03 22:00:00,-1.8,76,8.0,0.0
2026-03-03 23:00:00,-1.8,99,6.7,0.0
2026-03-04 00:00:00,-0.2,100,7.8,0.0
2026-03-04 01:00:00,-0.6,100,6.4,0.0
2026-03-04 02:00:00,-1.5,37,6.9,0.0
2026-03-04 03:00:00,-2.8,3,8.4,0.0
2026-03-04 04:00:00,-3.5,0,9.0,0.0
2026-03-04 05:00:00,-3.6,3,9.9,4.0
2026-03-04 06:00:00,-2.0,10,12.7,93.0
2026-03-04 07:00:00,-0.2,14,10.1,245.0
2026-03-04 08:00:00,1.6,16,9.2,388.0
2026-03-04 09:00:00,3.2,33,10.4,495.0
2026-03-04 10:00:00,4.4,9,10.6,555.0
2026-03-04 11:00:00,5.2,27,11.4,558.0
2026-03-04 12:00:00,7.3,19,15.8,510.0
2026-03-04 13:00:00,8.1,3,17.0,417.0
2026-03-04 14:00:00,7.8,0,19.2,291.0
2026-03-04 15:00:00,6.3,0,18.4,143.0
2026-03-04 16:00:00,4.4,0,17.6,21.0
2026-03-04 17:00:00,3.8,1,17.8,0.0
2026-03-04 18:00:00,4.0,28,17.8,0.0
2026-03-04 19:00:00,3.8,20,17.6,0.0
2026-03-04 20:00:00,3.2,63,17.1,0.0
2026-03-04 21:00:00,2.8,65,14.3,0.0
2026-03-04 22:00:00,1.8,16,12.0,0.0
2026-03-04 23:00:00,0.6,6,11.1,0.0
2026-03-05 00:00:00,1.2,96,12.1,0.0
2026-03-05 01:00:00,0.5,0,11.8,0.0
2026-03-05 02:00:00,-0.2,0,13.2,0.0
2026-03-05 03:00:00,-0.5,0,15.4,0.0
2026-03-05 04:00:00,-0.9,0,16.3,0.0
2026-03-05 05:00:00,-1.3,0,15.9,5.0
2026-03-05 06:00:00,0.1,0,17.5,102.0
2026-03-05 07:00:00,1.0,0,17.0,261.0
2026-03-05 08:00:00,1.9,0,19.5,407.0
2026-03-05 09:00:00,3.8,0,21.6,517.0
2026-03-05 10:00:00,4.6,0,21.9,577.0
2026-03-05 11:00:00,5.2,0,21.7,585.0
2026-03-05 12:00:00,5.3,0,22.2,538.0
2026-03-05 13:00:00,5.8,3,22.3,441.0
2026-03-05 14:00:00,5.4,0,20.4,307.0
2026-03-05 15:00:00,4.3,0,20.3,151.0
2026-03-05 16:00:00,2.7,9,18.1,23.0
2026-03-05 17:00:00,1.8,5,17.5,0.0
2026-03-05 18:00:00,2.9,29,17.6,0.0
2026-03-05 19:00:00,2.3,70,17.3,0.0
2026-03-05 20:00:00,1.8,82,16.7,0.0
2026-03-05 21:00:00,1.3,46,15.8,0.0
2026-03-05 22:00:00,0.8,16,15.1,0.0
2026-03-05 23:00:00,0.1,7,15.2,0.0
2026-03-06 00:00:00,0.4,12,15.3,0.0
2026-03-06 01:00:00,-0.1,39,15.7,0.0
2026-03-06 02:00:00,-0.1,83,16.2,0.0
2026-03-06 03:00:00,0.2,44,18.6,0.0
2026-03-06 04:00:00,-0.2,100,19.2,0.0
2026-03-06 05:00:00,0.2,97,19.7,4.0
2026-03-06 06:00:00,1.3,100,21.3,59.0
2026-03-06 07:00:00,2.2,100,21.0,137.0
2026-03-06 08:00:00,2.8,100,23.3,201.0
2026-03-06 09:00:00,3.0,77,21.0,229.0
2026-03-06 10:00:00,4.1,100,20.5,362.0
2026-03-06 11:00:00,3.9,99,18.2,269.0
2026-03-06 12:00:00,4.2,93,17.5,316.0
2026-03-06 13:00:00,4.5,98,17.0,253.0
2026-03-06 14:00:00,4.2,96,14.3,164.0
2026-03-06 15:00:00,3.3,90,9.1,88.0
2026-03-06 16:00:00,1.2,95,6.0,16.0
2026-03-06 17:00:00,0.8,100,6.1,0.0
2026-03-06 18:00:00,0.5,85,5.7,0.0
2026-03-06 19:00:00,-0.1,100,6.6,0.0
2026-03-06 20:00:00,-0.2,99,6.5,0.0
2026-03-06 21:00:00,-1.0,85,5.5,0.0
2026-03-06 22:00:00,-0.9,95,2.6,0.0
2026-03-06 23:00:00,-1.0,72,0.9,0.0
2026-03-07 00:00:00,-1.1,16,1.5,0.0
2026-03-07 01:00:00,-2.3,0,5.4,0.0
2026-03-07 02:00:00,-2.6,0,7.8,0.0
2026-03-07 03:00:00,-2.7,5,8.8,0.0
2026-03-07 04:00:00,-2.9,3,8.0,0.0
2026-03-07 05:00:00,-2.8,9,7.7,7.0
2026-03-07 06:00:00,-0.6,8,7.6,103.0
2026-03-07 07:00:00,2.0,0,5.4,256.0
2026-03-07 08:00:00,4.4,5,6.8,409.0
2026-03-07 09:00:00,5.6,9,8.6,516.0
2026-03-07 10:00:00,6.5,3,7.9,567.0
2026-03-07 11:00:00,7.2,0,7.8,585.0
2026-03-07 12:00:00,7.7,0,6.7,541.0
2026-03-07 13:00:00,8.0,0,6.9,446.0
2026-03-07 14:00:00,7.5,15,7.1,313.0
2026-03-07 15:00:00,4.6,19,5.4,159.0
2026-03-07 16:00:00,0.9,0,7.4,27.0
2026-03-07 17:00:00,0.1,0,8.0,0.0
2026-03-07 18:00:00,0.2,0,7.6,0.0
2026-03-07 19:00:00,-0.4,0,7.4,0.0
2026-03-07 20:00:00,-0.8,19,7.4,0.0
2026-03-07 21:00:00,-0.6,43,8.0,0.0
2026-03-07 22:00:00,-0.6,93,8.3,0.0
2026-03-07 23:00:00,-0.6,99,8.7,0.0
2026-03-08 00:00:00,-0.8,96,8.7,0.0
2026-03-08 01:00:00,-0.9,100,8.7,0.0
2026-03-08 02:00:00,-1.0,100,8.6,0.0
2026-03-08 03:00:00,-1.4,100,8.1,0.0
2026-03-08 04:00:00,-1.8,100,7.4,0.0
2026-03-08 05:00:00,-1.6,99,9.2,8.0
2026-03-08 06:00:00,0.2,14,8.7,106.0
2026-03-08 07:00:00,2.7,35,6.9,266.0
2026-03-08 08:00:00,4.9,0,7.2,397.0
2026-03-08 09:00:00,6.9,0,7.3,526.0
2026-03-08 10:00:00,8.3,0,8.7,594.0
2026-03-08 11:00:00,9.1,34,9.5,603.0
2026-03-08 12:00:00,9.4,16,10.7,557.0
2026-03-08 13:00:00,9.6,33,11.1,459.0
2026-03-08 14:00:00,8.9,0,10.2,324.0
2026-03-08 15:00:00,5.3,0,6.3,167.0
2026-03-08 16:00:00,2.0,0,5.2,30.0
2026-03-08 17:00:00,0.7,13,6.8,0.0
2026-03-08 18:00:00,0.4,63,7.7,0.0
2026-03-08 19:00:00,0.2,77,5.9,0.0
2026-03-08 20:00:00,0.2,20,3.2,0.0
2026-03-08 21:00:00,0.0,53,2.7,0.0
2026-03-08 22:00:00,-0.4,91,3.9,0.0
2026-03-08 23:00:00,-1.6,37,6.0,0.0
2026-03-09 00:00:00,-1.9,46,6.9,0.0
2026-03-09 01:00:00,-1.9,9,7.3,0.0
2026-03-09 02:00:00,-2.1,46,7.5,0.0
2026-03-09 03:00:00,-2.2,73,8.0,0.0
2026-03-09 04:00:00,-2.4,8,9.0,0.0
2026-03-09 05:00:00,-1.9,1,9.8,11.0
2026-03-09 06:00:00,0.9,4,10.1,122.0
2026-03-09 07:00:00,4.4,11,7.7,281.0
2026-03-09 08:00:00,7.4,21,8.8,426.0
2026-03-09 09:00:00,9.2,23,9.7,534.0
2026-03-09 10:00:00,10.5,7,9.2,596.0
2026-03-09 11:00:00,11.4,0,9.1,606.0
2026-03-09 12:00:00,12.1,0,8.9,561.0
2026-03-09 13:00:00,12.3,0,8.5,466.0
2026-03-09 14:00:00,11.4,0,6.7,331.0
2026-03-09 15:00:00,7.2,0,5.6,173.0
2026-03-09 16:00:00,4.2,0,3.8,33.0
2026-03-09 17:00:00,3.2,0,3.1,0.0
2026-03-09 18:00:00,2.5,0,5.7,0.0
2026-03-09 19:00:00,0.8,0,8.5,0.0
2026-03-09 20:00:00,1.0,0,9.5,0.0
2026-03-09 21:00:00,1.0,0,9.9,0.0
2026-03-09 22:00:00,0.8,0,10.0,0.0
2026-03-09 23:00:00,0.4,0,10.4,0.0
2026-03-10 00:00:00,0.3,0,9.7,0.0
2026-03-10 01:00:00,0.0,0,9.7,0.0
2026-03-10 02:00:00,-0.2,0,9.5,0.0
2026-03-10 03:00:00,-0.4,0,9.6,0.0
2026-03-10 04:00:00,-0.5,0,10.3,0.0
2026-03-10 05:00:00,-0.1,0,11.5,13.0
2026-03-10 06:00:00,2.7,0,13.2,129.0
2026-03-10 07:00:00,5.9,0,12.1,288.0
2026-03-10 08:00:00,8.9,0,13.8,434.0
2026-03-10 09:00:00,11.3,0,15.7,543.0
2026-03-10 10:00:00,13.0,0,16.8,604.0
2026-03-10 11:00:00,13.9,0,17.6,613.0
2026-03-10 12:00:00,14.1,0,16.7,568.0
2026-03-10 13:00:00,14.3,0,16.6,471.0
2026-03-10 14:00:00,13.4,0,13.9,335.0
2026-03-10 15:00:00,9.9,0,9.6,176.0
2026-03-10 16:00:00,5.8,0,11.2,35.0
2026-03-10 17:00:00,5.0,0,14.3,0.0
2026-03-10 18:00:00,5.4,0,14.7,0.0
2026-03-10 19:00:00,5.2,0,16.6,0.0
2026-03-10 20:00:00,5.1,0,17.6,0.0
2026-03-10 21:00:00,4.6,0,17.7,0.0
2026-03-10 22:00:00,4.1,0,17.0,0.0
2026-03-10 23:00:00,3.5,0,16.5,0.0
2026-03-11 00:00:00,3.5,0,15.5,0.0
2026-03-11 01:00:00,2.9,0,15.2,0.0
2026-03-11 02:00:00,2.7,0,15.8,0.0
2026-03-11 03:00:00,2.2,0,15.9,0.0
2026-03-11 04:00:00,1.7,0,16.2,0.0
2026-03-11 05:00:00,2.0,0,16.6,15.0
2026-03-11 06:00:00,4.3,0,17.4,135.0
2026-03-11 07:00:00,7.3,0,16.2,296.0
2026-03-11 08:00:00,9.9,0,16.1,441.0
2026-03-11 09:00:00,12.1,0,17.7,551.0
2026-03-11 10:00:00,13.7,0,20.3,612.0
2026-03-11 11:00:00,14.6,0,21.7,619.0
2026-03-11 12:00:00,14.9,0,21.1,573.0
2026-03-11 13:00:00,15.0,0,21.4,476.0
2026-03-11 14:00:00,14.4,0,20.1,340.0
2026-03-11 15:00:00,12.6,0,16.5,181.0
2026-03-11 16:00:00,8.9,0,13.9,38.0
2026-03-11 17:00:00,6.8,0,13.9,0.0
2026-03-11 18:00:00,6.2,0,14.0,0.0
2026-03-11 19:00:00,5.5,0,15.0,0.0
2026-03-11 20:00:00,4.6,0,14.0,0.0
2026-03-11 21:00:00,3.5,0,13.3,0.0
2026-03-11 22:00:00,2.8,1,13.5,0.0
2026-03-11 23:00:00,2.5,1,13.4,0.0
2026-03-12 00:00:00,2.0,9,11.7,0.0
2026-03-12 01:00:00,1.3,12,10.8,0.0
2026-03-12 02:00:00,0.6,16,10.1,0.0
2026-03-12 03:00:00,-0.1,11,10.0,0.0
2026-03-12 04:00:00,-0.5,0,9.4,0.0
2026-03-12 05:00:00,-0.1,0,10.4,17.0
2026-03-12 06:00:00,2.6,32,12.2,139.0
2026-03-12 07:00:00,5.8,55,9.4,298.0
2026-03-12 08:00:00,8.6,94,11.2,439.0
2026-03-12 09:00:00,10.4,100,13.5,516.0
2026-03-12 10:00:00,11.8,98,14.1,568.0
2026-03-12 11:00:00,12.6,99,14.6,595.0
2026-03-12 12:00:00,13.8,95,14.7,551.0
2026-03-12 13:00:00,13.9,100,14.5,452.0
2026-03-12 14:00:00,13.4,99,12.6,321.0
2026-03-12 15:00:00,11.1,100,6.2,163.0
2026-03-12 16:00:00,6.7,100,7.6,35.0
2026-03-12 17:00:00,4.6,100,8.4,0.0
2026-03-12 18:00:00,4.2,80,9.1,0.0
2026-03-12 19:00:00,4.0,85,9.0,0.0
2026-03-12 20:00:00,2.5,100,7.9,0.0
2026-03-12 21:00:00,1.4,100,7.2,0.0
2026-03-12 22:00:00,0.9,99,7.0,0.0
2026-03-12 23:00:00,0.3,99,6.8,0.0
2026-03-13 00:00:00,0.6,99,7.2,0.0
2026-03-13 01:00:00,0.1,96,7.2,0.0
2026-03-13 02:00:00,-0.2,84,7.3,0.0
2026-03-13 03:00:00,0.0,37,7.8,0.0
2026-03-13 04:00:00,0.1,9,8.3,0.0
2026-03-13 05:00:00,1.1,11,9.6,19.0
2026-03-13 06:00:00,4.3,13,10.2,143.0
2026-03-13 07:00:00,7.9,26,6.7,302.0
2026-03-13 08:00:00,11.1,39,7.2,446.0
2026-03-13 09:00:00,13.1,55,9.7,554.0
2026-03-13 10:00:00,14.1,55,11.4,616.0
2026-03-13 11:00:00,14.4,30,11.9,624.0
2026-03-13 12:00:00,14.9,0,13.8,577.0
2026-03-13 13:00:00,14.9,0,13.4,480.0
2026-03-13 14:00:00,14.2,0,13.2,345.0
2026-03-13 15:00:00,11.6,0,8.6,187.0
2026-03-13 16:00:00,6.8,0,9.1,43.0
2026-03-13 17:00:00,4.8,0,10.5,0.0
2026-03-13 18:00:00,4.8,0,12.4,0.0
2026-03-13 19:00:00,5.2,0,13.3,0.0
2026-03-13 20:00:00,4.4,0,13.2,0.0
2026-03-13 21:00:00,3.8,0,13.3,0.0
2026-03-13 22:00:00,3.1,0,12.5,0.0
2026-03-13 23:00:00,2.1,0,11.4,0.0
2026-03-14 00:00:00,1.9,0,10.7,0.0
2026-03-14 01:00:00,1.9,0,12.3,0.0
2026-03-14 02:00:00,1.4,0,12.6,0.0
2026-03-14 03:00:00,0.6,0,12.8,0.0
2026-03-14 04:00:00,-0.2,0,12.9,0.0
2026-03-14 05:00:00,0.2,0,14.3,22.0
2026-03-14 06:00:00,2.8,0,14.3,153.0
2026-03-14 07:00:00,5.1,0,15.7,316.0
2026-03-14 08:00:00,7.1,0,18.8,461.0
2026-03-14 09:00:00,8.6,0,19.9,569.0
2026-03-14 10:00:00,9.8,0,19.2,629.0
2026-03-14 11:00:00,10.7,0,18.6,637.0
2026-03-14 12:00:00,11.2,0,18.7,589.0
2026-03-14 13:00:00,11.5,0,19.3,489.0
2026-03-14 14:00:00,11.1,0,19.9,353.0
2026-03-14 15:00:00,9.9,0,17.2,193.0
2026-03-14 16:00:00,6.9,0,13.6,46.0
2026-03-14 17:00:00,4.3,0,14.7,0.0
2026-03-14 18:00:00,3.9,0,15.3,0.0
2026-03-14 19:00:00,3.8,0,16.7,0.0
2026-03-14 20:00:00,4.0,0,18.0,0.0
2026-03-14 21:00:00,3.8,0,16.9,0.0
2026-03-14 22:00:00,3.0,0,16.5,0.0
2026-03-14 23:00:00,2.3,0,16.3,0.0
2026-03-15 00:00:00,1.6,0,14.1,0.0
2026-03-15 01:00:00,1.0,0,12.3,0.0
2026-03-15 02:00:00,0.3,0,12.4,0.0
2026-03-15 03:00:00,-0.2,0,12.7,0.0
2026-03-15 04:00:00,-0.6,0,12.9,0.0
2026-03-15 05:00:00,0.0,0,14.5,24.0
2026-03-15 06:00:00,2.3,0,13.3,158.0
2026-03-15 07:00:00,4.5,0,14.6,321.0
2026-03-15 08:00:00,6.5,0,16.2,464.0
2026-03-15 09:00:00,8.1,0,17.3,571.0
2026-03-15 10:00:00,9.3,0,19.1,637.0
2026-03-15 11:00:00,10.1,0,20.2,644.0
2026-03-15 12:00:00,10.9,0,22.0,598.0
2026-03-15 13:00:00,11.0,0,21.8,499.0
2026-03-15 14:00:00,10.4,0,21.4,363.0
2026-03-15 15:00:00,9.2,0,16.7,201.0
2026-03-15 16:00:00,6.3,0,11.3,50.0
2026-03-15 17:00:00,4.0,0,9.6,0.0
2026-03-15 18:00:00,3.8,0,10.7,0.0
2026-03-15 19:00:00,3.4,0,11.0,0.0
2026-03-15 20:00:00,2.7,0,11.2,0.0
2026-03-15 21:00:00,2.0,0,10.6,0.0
2026-03-15 22:00:00,1.3,0,10.1,0.0
2026-03-15 23:00:00,0.9,0,10.1,0.0
2026-03-16 00:00:00,0.8,0,9.6,0.0
2026-03-16 01:00:00,0.3,0,8.8,0.0
2026-03-16 02:00:00,-0.2,0,9.0,0.0
2026-03-16 03:00:00,-0.6,0,8.6,0.0
2026-03-16 04:00:00,-1.0,0,8.5,0.0
2026-03-16 05:00:00,-0.1,0,10.1,26.0
2026-03-16 06:00:00,2.5,0,9.0,159.0
2026-03-16 07:00:00,5.1,0,9.3,319.0
2026-03-16 08:00:00,7.3,0,9.5,462.0
2026-03-16 09:00:00,8.9,0,10.7,569.0
2026-03-16 10:00:00,9.9,0,12.2,629.0
2026-03-16 11:00:00,10.4,0,12.4,636.0
2026-03-16 12:00:00,11.1,3,11.7,590.0
2026-03-16 13:00:00,11.4,34,10.4,492.0
2026-03-16 14:00:00,11.3,23,6.9,351.0
2026-03-16 15:00:00,9.8,29,5.0,195.0
2026-03-16 16:00:00,5.7,95,8.2,51.0
2026-03-16 17:00:00,4.7,42,8.5,0.0
2026-03-16 18:00:00,4.4,36,7.1,0.0
2026-03-16 19:00:00,2.5,6,6.0,0.0
2026-03-16 20:00:00,2.0,6,4.0,0.0
2026-03-16 21:00:00,1.5,40,4.4,0.0
2026-03-16 22:00:00,1.9,69,3.4,0.0
2026-03-16 23:00:00,1.4,61,2.3,0.0
2026-03-17 00:00:00,-0.2,3,3.3,0.0
2026-03-17 01:00:00,-0.4,9,2.6,0.0
2026-03-17 02:00:00,-0.7,20,3.8,0.0
2026-03-17 03:00:00,-0.8,16,2.5,0.0
2026-03-17 04:00:00,-0.9,51,0.6,0.0
2026-03-17 05:00:00,0.1,86,0.4,26.0
2026-03-17 06:00:00,2.2,94,1.5,138.0
2026-03-17 07:00:00,4.8,48,1.9,216.0
2026-03-17 08:00:00,7.2,77,2.8,403.0
2026-03-17 09:00:00,8.4,56,4.4,437.0
2026-03-17 10:00:00,9.4,25,5.4,556.0
2026-03-17 11:00:00,10.1,33,8.1,577.0
2026-03-17 12:00:00,10.1,59,10.7,487.0
2026-03-17 13:00:00,10.1,92,12.2,370.0
2026-03-17 14:00:00,8.9,93,13.3,228.0
2026-03-17 15:00:00,7.1,4,12.1,120.0
2026-03-17 16:00:00,3.3,1,9.9,51.0
2026-03-17 17:00:00,1.1,23,8.4,0.0
2026-03-17 18:00:00,2.0,10,8.4,0.0
2026-03-17 19:00:00,2.0,98,10.4,0.0
2026-03-17 20:00:00,3.2,20,10.4,0.0
2026-03-17 21:00:00,1.2,45,7.1,0.0
2026-03-17 22:00:00,0.4,72,7.2,0.0
2026-03-17 23:00:00,0.3,11,6.8,0.0
2026-03-18 00:00:00,1.8,100,6.6,0.0
2026-03-18 01:00:00,1.8,100,8.8,0.0
2026-03-18 02:00:00,1.6,100,9.9,0.0
2026-03-18 03:00:00,0.9,84,9.8,0.0
2026-03-18 04:00:00,0.5,100,9.7,0.0
2026-03-18 05:00:00,1.1,100,11.0,7.0
2026-03-18 06:00:00,1.9,100,13.0,33.0
2026-03-18 07:00:00,1.8,100,12.5,54.0
2026-03-18 08:00:00,1.5,100,12.2,70.0
2026-03-18 09:00:00,1.8,100,13.8,91.0
2026-03-18 10:00:00,2.0,100,14.5,97.0
2026-03-18 11:00:00,2.2,100,13.5,101.0
2026-03-18 12:00:00,3.3,100,16.3,108.0
2026-03-18 13:00:00,4.0,100,16.8,95.0
2026-03-18 14:00:00,4.8,100,17.4,102.0
2026-03-18 15:00:00,4.8,100,13.9,71.0
2026-03-18 16:00:00,3.8,100,12.9,14.0
2026-03-18 17:00:00,3.2,100,11.0,0.0
2026-03-18 18:00:00,2.9,100,7.4,0.0
2026-03-18 19:00:00,3.0,100,8.3,0.0
2026-03-18 20:00:00,2.8,100,10.1,0.0
2026-03-18 21:00:00,2.6,100,10.0,0.0
2026-03-18 22:00:00,2.3,100,9.6,0.0
2026-03-18 23:00:00,2.3,100,9.5,0.0
2026-03-19 00:00:00,2.5,100,10.1,0.0
2026-03-19 01:00:00,2.7,100,10.7,0.0
2026-03-19 02:00:00,2.5,100,10.9,0.0
2026-03-19 03:00:00,2.2,100,10.7,0.0
2026-03-19 04:00:00,2.0,100,10.9,0.0
2026-03-19 05:00:00,2.0,100,11.4,6.0
2026-03-19 06:00:00,2.2,100,12.5,22.0
2026-03-19 07:00:00,2.4,100,12.7,42.0
2026-03-19 08:00:00,3.3,100,12.5,126.0
2026-03-19 09:00:00,4.2,100,11.9,162.0
2026-03-19 10:00:00,5.2,100,12.0,203.0
2026-03-19 11:00:00,5.4,99,11.4,155.0
2026-03-19 12:00:00,5.8,100,12.0,166.0
2026-03-19 13:00:00,6.5,90,13.7,195.0
2026-03-19 14:00:00,6.7,78,13.6,203.0
2026-03-19 15:00:00,6.4,100,11.2,127.0
2026-03-19 16:00:00,4.9,100,7.1,36.0
2026-03-19 17:00:00,4.1,100,6.5,0.0
2026-03-19 18:00:00,1.9,6,4.4,0.0
2026-03-19 19:00:00,1.5,5,1.4,0.0
2026-03-19 20:00:00,0.9,0,1.3,0.0
2026-03-19 21:00:00,-0.1,0,4.4,0.0
2026-03-19 22:00:00,-0.7,0,6.4,0.0
2026-03-19 23:00:00,-0.8,0,7.3,0.0
2026-03-20 00:00:00,-0.6,0,6.2,0.0
2026-03-20 01:00:00,-1.1,0,6.0,0.0
2026-03-20 02:00:00,-1.5,0,5.5,0.0
2026-03-20 03:00:00,-1.8,0,5.1,0.0
2026-03-20 04:00:00,-2.2,0,5.2,0.0
2026-03-20 05:00:00,-0.3,0,8.0,38.0
2026-03-20 06:00:00,2.4,0,6.2,179.0
2026-03-20 07:00:00,5.8,0,5.6,340.0
2026-03-20 08:00:00,8.0,0,8.5,483.0
2026-03-20 09:00:00,9.4,0,10.9,588.0
2026-03-20 10:00:00,10.8,37,15.7,646.0
2026-03-20 11:00:00,11.4,47,17.8,593.0
2026-03-20 12:00:00,11.2,48,17.5,506.0
2026-03-20 13:00:00,11.2,37,16.9,409.0
2026-03-20 14:00:00,10.5,47,15.5,292.0
2026-03-20 15:00:00,8.6,48,10.4,174.0
2026-03-20 16:00:00,4.3,30,8.6,53.0
2026-03-20 17:00:00,2.7,22,8.4,0.0
2026-03-20 18:00:00,1.5,81,6.9,0.0
2026-03-20 19:00:00,2.5,100,6.6,0.0
2026-03-20 20:00:00,3.7,50,7.7,0.0
2026-03-20 21:00:00,1.0,37,6.6,0.0
2026-03-20 22:00:00,-0.2,2,6.5,0.0
2026-03-20 23:00:00,-0.2,2,8.4,0.0
2026-03-21 00:00:00,0.6,0,10.3,0.0
2026-03-21 01:00:00,0.2,0,10.1,0.0
2026-03-21 02:00:00,-0.2,37,10.5,0.0
2026-03-21 03:00:00,0.2,100,12.5,0.0
2026-03-21 04:00:00,1.3,95,13.4,0.0
2026-03-21 05:00:00,1.8,99,13.4,19.0
2026-03-21 06:00:00,1.7,100,15.0,118.0
2026-03-21 07:00:00,3.2,100,17.1,179.0
2026-03-21 08:00:00,4.3,100,18.0,189.0
2026-03-21 09:00:00,4.8,100,16.2,175.0
2026-03-21 10:00:00,6.1,100,16.6,221.0
2026-03-21 11:00:00,8.5,99,19.4,385.0
2026-03-21 12:00:00,10.4,92,19.4,377.0
2026-03-21 13:00:00,10.5,100,19.7,349.0
2026-03-21 14:00:00,9.5,100,19.7,175.0
2026-03-21 15:00:00,8.8,100,14.4,84.0
2026-03-21 16:00:00,7.8,100,15.7,25.0
2026-03-21 17:00:00,6.7,98,14.9,0.0
2026-03-21 18:00:00,4.6,100,13.8,0.0
2026-03-21 19:00:00,4.0,97,14.3,0.0
2026-03-21 20:00:00,3.0,95,13.6,0.0
2026-03-21 21:00:00,2.1,69,13.5,0.0
2026-03-21 22:00:00,1.2,22,12.9,0.0
2026-03-21 23:00:00,0.6,0,11.6,0.0
2026-03-22 00:00:00,0.2,0,11.6,0.0
2026-03-22 01:00:00,-0.2,0,11.4,0.0
2026-03-22 02:00:00,-0.6,0,11.2,0.0
2026-03-22 03:00:00,-0.9,0,11.3,0.0
2026-03-22 04:00:00,-1.1,0,11.9,0.0
2026-03-22 05:00:00,-0.2,0,13.5,47.0
2026-03-22 06:00:00,2.0,0,11.6,194.0
2026-03-22 07:00:00,4.6,0,13.6,358.0
2026-03-22 08:00:00,6.8,0,15.7,502.0
2026-03-22 09:00:00,8.4,0,18.5,608.0
2026-03-22 10:00:00,9.6,0,21.0,667.0
2026-03-22 11:00:00,10.4,0,21.4,673.0
2026-03-22 12:00:00,11.5,11,20.9,625.0
2026-03-22 13:00:00,11.6,1,19.6,527.0
2026-03-22 14:00:00,11.2,2,18.4,390.0
2026-03-22 15:00:00,10.3,0,15.1,228.0
2026-03-22 16:00:00,7.4,0,10.4,71.0
2026-03-22 17:00:00,5.4,0,11.6,1.0
2026-03-22 18:00:00,4.8,0,11.3,0.0
2026-03-22 19:00:00,4.1,0,10.9,0.0
2026-03-22 20:00:00,3.1,3,10.6,0.0
2026-03-22 21:00:00,2.2,72,9.7,0.0
2026-03-22 22:00:00,1.5,98,9.6,0.0
2026-03-22 23:00:00,1.1,88,8.9,0.0
2026-03-23 00:00:00,0.2,100,7.7,0.0
2026-03-23 01:00:00,-0.1,100,7.4,0.0
2026-03-23 02:00:00,-0.2,100,7.9,0.0
2026-03-23 03:00:00,-0.2,100,9.0,0.0
2026-03-23 04:00:00,-0.4,100,9.8,0.0
2026-03-23 05:00:00,0.6,100,11.5,38.0
2026-03-23 06:00:00,2.2,99,9.4,125.0
2026-03-23 07:00:00,4.6,91,9.9,314.0
2026-03-23 08:00:00,6.6,100,9.6,439.0
2026-03-23 09:00:00,8.6,92,10.4,537.0
2026-03-23 10:00:00,10.0,38,12.6,622.0
2026-03-23 11:00:00,10.7,99,12.8,655.0
2026-03-23 12:00:00,11.2,100,13.7,550.0
2026-03-23 13:00:00,10.9,100,13.3,421.0
2026-03-23 14:00:00,10.1,97,11.9,289.0
2026-03-23 15:00:00,9.2,0,10.1,198.0
2026-03-23 16:00:00,5.9,1,6.8,73.0
2026-03-23 17:00:00,3.5,0,7.1,1.0
2026-03-23 18:00:00,3.2,0,7.2,0.0
2026-03-23 19:00:00,3.2,0,7.4,0.0
2026-03-23 20:00:00,2.2,0,7.5,0.0
2026-03-23 21:00:00,1.6,0,7.9,0.0
2026-03-23 22:00:00,1.1,0,7.8,0.0
2026-03-23 23:00:00,0.6,0,7.0,0.0
2026-03-24 00:00:00,-0.2,0,6.4,0.0
2026-03-24 01:00:00,-0.6,0,6.3,0.0
2026-03-24 02:00:00,-0.8,0,5.7,0.0
2026-03-24 03:00:00,-1.0,0,4.9,0.0
2026-03-24 04:00:00,-1.3,0,4.1,0.0
2026-03-24 05:00:00,0.9,0,6.5,55.0
2026-03-24 06:00:00,4.2,2,5.2,206.0
2026-03-24 07:00:00,7.8,0,5.8,369.0
2026-03-24 08:00:00,9.8,0,9.0,512.0
2026-03-24 09:00:00,10.8,0,9.7,616.0
2026-03-24 10:00:00,11.4,0,9.4,673.0
2026-03-24 11:00:00,11.8,5,8.8,677.0
2026-03-24 12:00:00,12.4,0,7.7,629.0
2026-03-24 13:00:00,12.4,0,7.9,533.0
2026-03-24 14:00:00,11.8,0,8.3,396.0
2026-03-24 15:00:00,8.9,0,6.0,234.0
2026-03-24 16:00:00,5.1,0,5.9,77.0
2026-03-24 17:00:00,4.0,0,3.9,1.0
2026-03-24 18:00:00,4.1,0,2.8,0.0
2026-03-24 19:00:00,3.7,0,2.8,0.0
2026-03-24 20:00:00,2.4,0,3.9,0.0
2026-03-24 21:00:00,0.9,7,5.4,0.0
2026-03-24 22:00:00,-0.2,0,5.4,0.0
2026-03-24 23:00:00,-0.3,0,4.4,0.0
2026-03-25 00:00:00,-0.1,0,4.2,0.0
2026-03-25 01:00:00,-0.4,2,7.6,0.0
2026-03-25 02:00:00,-0.5,0,7.5,0.0
2026-03-25 03:00:00,-1.0,3,6.9,0.0
2026-03-25 04:00:00,-1.0,2,6.5,0.0
2026-03-25 05:00:00,1.5,0,8.3,59.0
2026-03-25 06:00:00,5.2,0,5.2,211.0
2026-03-25 07:00:00,9.1,0,3.4,374.0
2026-03-25 08:00:00,11.5,0,3.2,517.0
2026-03-25 09:00:00,12.6,0,1.8,622.0
2026-03-25 10:00:00,13.4,41,2.2,679.0
2026-03-25 11:00:00,13.6,55,2.7,621.0
2026-03-25 12:00:00,14.1,30,7.1,574.0
2026-03-25 13:00:00,13.8,4,8.8,498.0
2026-03-25 14:00:00,12.9,1,10.3,387.0
2026-03-25 15:00:00,10.4,1,10.6,239.0
2026-03-25 16:00:00,6.7,0,11.2,81.0
2026-03-25 17:00:00,5.1,0,14.8,2.0
2026-03-25 18:00:00,4.2,3,12.9,0.0
2026-03-25 19:00:00,4.4,8,11.8,0.0
2026-03-25 20:00:00,3.7,63,11.2,0.0
2026-03-25 21:00:00,3.4,71,9.6,0.0
2026-03-25 22:00:00,3.6,24,9.1,0.0
2026-03-25 23:00:00,3.0,98,8.8,0.0
2026-03-26 00:00:00,2.5,87,8.0,0.0
2026-03-26 01:00:00,2.6,79,7.6,0.0
2026-03-26 02:00:00,2.0,14,7.2,0.0
2026-03-26 03:00:00,1.0,27,7.4,0.0
2026-03-26 04:00:00,0.6,32,7.5,0.0
2026-03-26 05:00:00,2.9,23,10.6,60.0
2026-03-26 06:00:00,6.3,95,10.5,199.0
2026-03-26 07:00:00,9.1,26,7.8,275.0
2026-03-26 08:00:00,11.5,6,9.0,395.0
2026-03-26 09:00:00,13.1,80,14.3,587.0
2026-03-26 10:00:00,13.0,98,14.8,416.0
2026-03-26 11:00:00,13.2,98,14.6,355.0
2026-03-26 12:00:00,14.3,80,14.4,338.0
2026-03-26 13:00:00,14.3,93,12.9,345.0
2026-03-26 14:00:00,14.1,93,12.6,237.0
2026-03-26 15:00:00,12.8,100,8.4,118.0
2026-03-26 16:00:00,10.6,94,7.2,46.0
2026-03-26 17:00:00,8.6,98,8.2,2.0
2026-03-26 18:00:00,8.4,20,9.0,0.0
2026-03-26 19:00:00,7.3,6,8.2,0.0
2026-03-26 20:00:00,6.1,2,7.5,0.0
2026-03-26 21:00:00,5.0,55,7.0,0.0
2026-03-26 22:00:00,5.2,100,7.5,0.0
2026-03-26 23:00:00,6.8,100,7.1,0.0
2026-03-27 00:00:00,5.1,85,5.6,0.0
2026-03-27 01:00:00,5.6,95,5.5,0.0
2026-03-27 02:00:00,5.8,100,7.0,0.0
2026-03-27 03:00:00,6.2,91,8.5,0.0
2026-03-27 04:00:00,6.2,86,7.7,0.0
2026-03-27 05:00:00,7.6,91,8.5,50.0
2026-03-27 06:00:00,8.9,64,8.4,181.0
2026-03-27 07:00:00,12.2,48,8.7,316.0
2026-03-27 08:00:00,14.6,29,13.7,451.0
2026-03-27 09:00:00,15.8,39,12.0,554.0
2026-03-27 10:00:00,16.4,48,10.3,556.0
2026-03-27 11:00:00,16.6,49,9.9,536.0
2026-03-27 12:00:00,16.8,36,12.1,499.0
2026-03-27 13:00:00,17.4,20,11.9,464.0
2026-03-27 14:00:00,17.2,13,12.0,363.0
2026-03-27 15:00:00,16.4,7,9.0,227.0
2026-03-27 16:00:00,12.6,7,6.0,83.0
2026-03-27 17:00:00,10.4,8,6.3,3.0
2026-03-27 18:00:00,9.5,30,5.6,0.0
2026-03-27 19:00:00,9.4,38,9.0,0.0
2026-03-27 20:00:00,8.7,8,9.8,0.0
2026-03-27 21:00:00,7.2,0,8.6,0.0
2026-03-27 22:00:00,6.1,0,8.1,0.0
2026-03-27 23:00:00,5.2,0,7.3,0.0
2026-03-28 00:00:00,4.4,0,6.5,0.0
2026-03-28 01:00:00,4.2,0,5.5,0.0
2026-03-28 02:00:00,3.7,0,6.3,0.0
2026-03-28 03:00:00,3.5,1,6.6,0.0
2026-03-28 04:00:00,3.7,2,7.4,1.0
2026-03-28 05:00:00,6.0,0,10.6,70.0
2026-03-28 06:00:00,8.9,2,9.2,221.0
2026-03-28 07:00:00,11.1,2,11.6,381.0
2026-03-28 08:00:00,13.1,6,12.2,516.0
2026-03-28 09:00:00,14.6,21,16.8,607.0
2026-03-28 10:00:00,15.3,25,16.7,628.0
2026-03-28 11:00:00,15.6,37,17.3,614.0
2026-03-28 12:00:00,14.6,81,17.9,567.0
2026-03-28 13:00:00,14.8,94,17.5,318.0
2026-03-28 14:00:00,14.1,100,17.7,205.0
2026-03-28 15:00:00,12.4,100,18.8,55.0
2026-03-28 16:00:00,11.2,100,16.1,24.0
2026-03-28 17:00:00,10.3,100,13.3,1.0
2026-03-28 18:00:00,10.4,100,11.7,0.0
2026-03-28 19:00:00,9.4,100,10.8,0.0
2026-03-28 20:00:00,9.4,71,11.0,0.0
2026-03-28 21:00:00,8.1,27,9.4,0.0
2026-03-28 22:00:00,6.6,95,9.1,0.0
2026-03-28 23:00:00,6.1,83,8.1,0.0
2026-03-29 00:00:00,6.2,100,8.7,0.0
2026-03-29 01:00:00,6.2,100,8.4,0.0
2026-03-29 02:00:00,6.0,100,9.9,0.0
2026-03-29 03:00:00,6.3,100,10.3,0.0
2026-03-29 04:00:00,6.7,100,10.5,1.0
2026-03-29 05:00:00,7.3,100,11.1,24.0
2026-03-29 06:00:00,7.6,100,12.1,71.0
2026-03-29 07:00:00,8.6,100,11.8,110.0
2026-03-29 08:00:00,9.8,100,11.9,152.0
2026-03-29 09:00:00,11.2,100,11.1,243.0
2026-03-29 10:00:00,13.6,100,12.1,463.0
2026-03-29 11:00:00,15.2,100,13.9,533.0
2026-03-29 12:00:00,15.6,100,12.8,409.0
2026-03-29 13:00:00,16.0,100,14.0,335.0
2026-03-29 14:00:00,15.6,99,16.4,287.0
2026-03-29 15:00:00,14.5,98,16.1,181.0
2026-03-29 16:00:00,12.6,80,13.8,80.0
2026-03-29 17:00:00,10.6,100,15.2,4.0
2026-03-29 18:00:00,10.2,90,15.6,0.0
2026-03-29 19:00:00,9.1,98,15.1,0.0
2026-03-29 20:00:00,8.3,98,14.4,0.0
2026-03-29 21:00:00,7.8,100,15.0,0.0
2026-03-29 22:00:00,7.7,100,15.7,0.0
2026-03-29 23:00:00,7.4,100,14.4,0.0
2026-03-30 00:00:00,6.9,98,16.0,0.0
2026-03-30 01:00:00,6.3,98,15.4,0.0
2026-03-30 02:00:00,5.6,100,14.5,0.0
2026-03-30 03:00:00,5.2,100,15.4,0.0
2026-03-30 04:00:00,5.3,100,16.4,2.0
2026-03-30 05:00:00,6.1,100,14.1,41.0
2026-03-30 06:00:00,7.4,100,15.4,118.0
2026-03-30 07:00:00,9.0,100,15.2,272.0
2026-03-30 08:00:00,9.9,100,13.8,254.0
2026-03-30 09:00:00,10.1,100,12.7,196.0
2026-03-30 10:00:00,9.9,100,12.3,165.0
2026-03-30 11:00:00,9.6,100,12.4,157.0
2026-03-30 12:00:00,9.4,100,12.6,119.0
2026-03-30 13:00:00,9.7,100,12.6,146.0
2026-03-30 14:00:00,9.4,100,10.3,98.0
2026-03-30 15:00:00,8.1,100,9.4,29.0
2026-03-30 16:00:00,7.7,100,9.8,11.0
2026-03-30 17:00:00,7.4,100,9.4,0.0
2026-03-30 18:00:00,7.9,100,9.6,0.0
2026-03-30 19:00:00,8.1,98,9.1,0.0
2026-03-30 20:00:00,7.5,96,7.9,0.0
2026-03-30 21:00:00,6.9,91,7.5,0.0
2026-03-30 22:00:00,6.7,97,7.1,0.0
2026-03-30 23:00:00,6.5,100,7.2,0.0
2026-03-31 00:00:00,6.8,100,8.2,0.0
2026-03-31 01:00:00,6.7,96,7.6,0.0
2026-03-31 02:00:00,6.1,98,7.4,0.0
2026-03-31 03:00:00,6.0,99,8.3,0.0
2026-03-31 04:00:00,6.1,100,9.8,2.0
2026-03-31 05:00:00,6.7,96,7.5,57.0
2026-03-31 06:00:00,7.5,98,6.7,160.0
2026-03-31 07:00:00,9.1,100,6.9,276.0
2026-03-31 08:00:00,10.6,100,6.1,275.0
2026-03-31 09:00:00,13.6,100,6.5,490.0
2026-03-31 10:00:00,15.2,98,7.6,538.0
2026-03-31 11:00:00,16.0,99,7.4,518.0
2026-03-31 12:00:00,17.5,100,6.3,549.0
2026-03-31 13:00:00,15.8,100,9.1,122.0
2026-03-31 14:00:00,14.9,100,11.2,139.0
2026-03-31 15:00:00,13.6,100,4.3,165.0
2026-03-31 16:00:00,11.8,100,9.6,42.0
2026-03-31 17:00:00,10.4,100,5.9,3.0
2026-03-31 18:00:00,10.2,100,9.6,0.0
2026-03-31 19:00:00,9.9,100,5.2,0.0
2026-03-31 20:00:00,9.4,86,7.2,0.0
2026-03-31 21:00:00,8.8,16,9.3,0.0
2026-03-31 22:00:00,7.8,55,8.1,0.0
2026-03-31 23:00:00,7.3,95,7.9,0.0
2026-04-01 00:00:00,7.8,99,9.4,0.0
2026-04-01 01:00:00,7.2,75,8.4,0.0
2026-04-01 02:00:00,6.6,94,7.9,0.0
2026-04-01 03:00:00,6.1,86,8.0,0.0
2026-04-01 04:00:00,5.9,91,8.7,3.0
2026-04-01 05:00:00,7.5,91,10.6,82.0
2026-04-01 06:00:00,9.4,99,9.4,237.0
2026-04-01 07:00:00,12.2,73,8.7,381.0
2026-04-01 08:00:00,13.4,69,9.2,452.0
2026-04-01 09:00:00,15.1,35,9.2,540.0
2026-04-01 10:00:00,16.9,100,10.7,599.0
2026-04-01 11:00:00,15.9,100,11.6,229.0
2026-04-01 12:00:00,17.0,100,12.9,218.0
2026-04-01 13:00:00,16.5,48,15.5,183.0
2026-04-01 14:00:00,17.1,38,13.2,265.0
2026-04-01 15:00:00,16.5,41,12.4,201.0
2026-04-01 16:00:00,14.6,26,9.4,79.0
2026-04-01 17:00:00,11.4,43,7.3,5.0
2026-04-01 18:00:00,10.8,38,11.7,0.0
2026-04-01 19:00:00,10.6,48,11.4,0.0
2026-04-01 20:00:00,10.1,17,12.1,0.0
2026-04-01 21:00:00,9.4,16,10.3,0.0
2026-04-01 22:00:00,8.6,18,9.8,0.0
2026-04-01 23:00:00,8.2,7,11.3,0.0
2026-04-02 00:00:00,8.9,4,10.8,0.0
2026-04-02 01:00:00,8.6,1,9.5,0.0
2026-04-02 02:00:00,7.9,23,9.0,0.0
2026-04-02 03:00:00,7.7,25,10.9,0.0
2026-04-02 04:00:00,7.2,100,8.1,4.0
2026-04-02 05:00:00,8.6,100,9.8,79.0
2026-04-02 06:00:00,8.9,100,11.4,172.0
2026-04-02 07:00:00,10.0,100,11.2,145.0
2026-04-02 08:00:00,11.7,100,11.9,262.0
2026-04-02 09:00:00,12.8,100,10.4,265.0
2026-04-02 10:00:00,14.4,80,10.9,405.0
2026-04-02 11:00:00,16.1,56,10.5,559.0
2026-04-02 12:00:00,15.5,77,12.3,515.0
2026-04-02 13:00:00,15.9,95,9.1,336.0
2026-04-02 14:00:00,16.6,97,9.9,264.0
2026-04-02 15:00:00,12.0,100,16.5,95.0
2026-04-02 16:00:00,11.1,37,6.0,63.0
2026-04-02 17:00:00,9.0,76,4.9,6.0
2026-04-02 18:00:00,9.9,73,9.0,0.0
2026-04-02 19:00:00,10.0,27,7.8,0.0
2026-04-02 20:00:00,9.4,95,11.4,0.0
2026-04-02 21:00:00,9.1,100,5.7,0.0
2026-04-02 22:00:00,8.9,100,8.1,0.0
2026-04-02 23:00:00,8.4,96,7.8,0.0
2026-04-03 00:00:00,8.6,16,12.0,0.0
2026-04-03 01:00:00,8.2,5,9.4,0.0
2026-04-03 02:00:00,6.6,95,5.8,0.0
2026-04-03 03:00:00,6.4,96,3.0,0.0
2026-04-03 04:00:00,6.2,94,5.5,5.0
2026-04-03 05:00:00,8.2,80,5.9,84.0
2026-04-03 06:00:00,10.3,98,3.4,246.0
2026-04-03 07:00:00,13.2,100,3.4,400.0
2026-04-03 08:00:00,15.2,99,3.6,534.0
2026-04-03 09:00:00,16.5,76,3.6,628.0
2026-04-03 10:00:00,17.5,100,5.3,643.0
2026-04-03 11:00:00,15.9,100,8.2,217.0
2026-04-03 12:00:00,13.5,95,2.7,173.0
2026-04-03 13:00:00,13.4,100,13.3,297.0
2026-04-03 14:00:00,12.6,70,11.2,156.0
2026-04-03 15:00:00,12.9,74,13.4,213.0
2026-04-03 16:00:00,11.3,98,9.7,78.0
2026-04-03 17:00:00,9.4,100,5.9,7.0
2026-04-03 18:00:00,9.1,100,5.2,0.0
2026-04-03 19:00:00,9.4,100,9.4,0.0
2026-04-03 20:00:00,9.1,100,9.6,0.0
2026-04-03 21:00:00,7.8,97,6.5,0.0
2026-04-03 22:00:00,7.6,96,8.9,0.0
2026-04-03 23:00:00,7.1,36,10.0,0.0
2026-04-04 00:00:00,7.8,98,13.3,0.0
2026-04-04 01:00:00,7.7,97,12.6,0.0
2026-04-04 02:00:00,7.3,69,13.1,0.0
2026-04-04 03:00:00,6.6,5,13.8,0.0
2026-04-04 04:00:00,6.0,9,14.7,7.0
2026-04-04 05:00:00,7.3,5,14.7,107.0
2026-04-04 06:00:00,9.5,7,11.9,270.0
2026-04-04 07:00:00,11.9,11,11.4,433.0
2026-04-04 08:00:00,13.8,19,14.2,572.0
2026-04-04 09:00:00,14.6,9,17.1,677.0
2026-04-04 10:00:00,15.1,0,16.6,733.0
2026-04-04 11:00:00,15.4,0,15.6,731.0
2026-04-04 12:00:00,15.7,0,16.2,688.0
2026-04-04 13:00:00,15.6,0,17.4,590.0
2026-04-04 14:00:00,15.0,0,17.5,452.0
2026-04-04 15:00:00,14.3,0,15.3,287.0
2026-04-04 16:00:00,12.1,0,9.6,119.0
2026-04-04 17:00:00,8.4,0,7.5,10.0
2026-04-04 18:00:00,7.3,0,7.2,0.0
2026-04-04 19:00:00,7.8,0,10.3,0.0
2026-04-04 20:00:00,7.8,0,12.7,0.0
2026-04-04 21:00:00,7.4,0,11.8,0.0
2026-04-04 22:00:00,6.8,5,9.7,0.0
2026-04-04 23:00:00,6.1,30,10.5,0.0
2026-04-05 00:00:00,6.7,20,14.9,0.0
2026-04-05 01:00:00,6.9,54,15.7,0.0
2026-04-05 02:00:00,6.7,99,14.7,0.0
2026-04-05 03:00:00,6.1,98,13.4,0.0
2026-04-05 04:00:00,6.2,60,12.6,7.0
2026-04-05 05:00:00,7.7,19,13.6,106.0
2026-04-05 06:00:00,9.5,23,18.9,274.0
2026-04-05 07:00:00,10.4,0,21.2,442.0
2026-04-05 08:00:00,11.4,0,20.1,589.0
2026-04-05 09:00:00,12.4,0,19.3,693.0
2026-04-05 10:00:00,13.2,0,19.9,747.0
2026-04-05 11:00:00,13.9,0,20.6,747.0
2026-04-05 12:00:00,14.8,0,20.2,693.0
2026-04-05 13:00:00,15.0,0,19.9,592.0
2026-04-05 14:00:00,14.9,0,19.9,452.0
2026-04-05 15:00:00,14.3,0,18.3,287.0
2026-04-05 16:00:00,12.4,0,12.6,120.0
2026-04-05 17:00:00,9.3,0,8.6,11.0
2026-04-05 18:00:00,7.8,0,7.8,0.0
2026-04-05 19:00:00,7.1,2,7.0,0.0
2026-04-05 20:00:00,6.1,0,7.3,0.0
2026-04-05 21:00:00,5.4,0,7.6,0.0
2026-04-05 22:00:00,5.5,0,9.6,0.0
2026-04-05 23:00:00,5.7,9,10.8,0.0
2026-04-06 00:00:00,5.2,19,12.3,0.0
2026-04-06 01:00:00,5.6,0,12.3,0.0
2026-04-06 02:00:00,5.9,40,14.2,0.0
2026-04-06 03:00:00,6.4,1,16.6,0.0
2026-04-06 04:00:00,7.2,2,18.0,10.0
2026-04-06 05:00:00,9.4,4,19.5,115.0
2026-04-06 06:00:00,12.1,14,18.7,277.0
2026-04-06 07:00:00,14.6,88,20.7,428.0
2026-04-06 08:00:00,15.8,99,26.8,536.0
2026-04-06 09:00:00,14.8,80,18.6,310.0
2026-04-06 10:00:00,17.2,100,27.6,528.0
2026-04-06 11:00:00,14.8,99,27.7,360.0
2026-04-06 12:00:00,12.4,96,20.1,86.0
2026-04-06 13:00:00,11.8,100,28.5,112.0
2026-04-06 14:00:00,10.6,100,30.8,87.0
2026-04-06 15:00:00,9.6,100,27.5,55.0
2026-04-06 16:00:00,8.8,2,26.4,16.0
2026-04-06 17:00:00,7.3,0,24.2,12.0
2026-04-06 18:00:00,5.8,1,19.4,0.0
2026-04-06 19:00:00,5.1,3,18.1,0.0
2026-04-06 20:00:00,4.4,0,16.9,0.0
2026-04-06 21:00:00,3.8,0,17.5,0.0
2026-04-06 22:00:00,3.2,0,16.5,0.0
2026-04-06 23:00:00,2.8,5,15.6,0.0
2026-04-07 00:00:00,2.9,0,16.3,0.0
2026-04-07 01:00:00,2.3,0,16.2,0.0
2026-04-07 02:00:00,2.0,0,16.6,0.0
2026-04-07 03:00:00,1.9,0,18.1,0.0
2026-04-07 04:00:00,2.2,5,19.4,11.0
2026-04-07 05:00:00,4.1,2,20.8,122.0
2026-04-07 06:00:00,6.0,44,24.9,283.0
2026-04-07 07:00:00,6.8,100,32.0,378.0
2026-04-07 08:00:00,6.8,42,27.9,219.0
2026-04-07 09:00:00,8.9,100,25.8,523.0
2026-04-07 10:00:00,7.9,100,24.4,481.0
2026-04-07 11:00:00,10.1,100,29.1,629.0
2026-04-07 12:00:00,9.1,88,25.9,307.0
2026-04-07 13:00:00,9.4,94,27.7,415.0
2026-04-07 14:00:00,8.2,99,24.4,276.0
2026-04-07 15:00:00,5.4,100,23.1,187.0
2026-04-07 16:00:00,5.1,54,16.6,86.0
2026-04-07 17:00:00,4.3,30,15.9,12.0
2026-04-07 18:00:00,4.0,99,16.6,0.0
2026-04-07 19:00:00,3.4,96,15.8,0.0
2026-04-07 20:00:00,3.0,99,16.1,0.0
2026-04-07 21:00:00,2.7,100,16.1,0.0
2026-04-07 22:00:00,2.5,100,15.9,0.0
2026-04-07 23:00:00,2.3,89,16.0,0.0
2026-04-08 00:00:00,1.8,100,13.0,0.0
2026-04-08 01:00:00,1.5,100,13.3,0.0
2026-04-08 02:00:00,1.5,59,14.4,0.0
2026-04-08 03:00:00,1.0,78,14.5,0.0
2026-04-08 04:00:00,1.2,100,16.5,11.0
2026-04-08 05:00:00,2.7,100,19.1,67.0
2026-04-08 06:00:00,3.3,100,20.6,119.0
2026-04-08 07:00:00,4.9,100,20.1,256.0
2026-04-08 08:00:00,5.8,100,21.2,266.0
2026-04-08 09:00:00,5.8,100,22.4,224.0
2026-04-08 10:00:00,5.9,100,21.7,160.0
2026-04-08 11:00:00,6.9,100,21.2,266.0
2026-04-08 12:00:00,5.3,95,16.8,218.0
2026-04-08 13:00:00,6.1,100,17.5,339.0
2026-04-08 14:00:00,7.8,94,21.4,322.0
2026-04-08 15:00:00,6.2,99,19.3,193.0
2026-04-08 16:00:00,5.3,88,18.4,108.0
2026-04-08 17:00:00,3.2,95,16.7,12.0
2026-04-08 18:00:00,3.2,100,14.2,0.0
2026-04-08 19:00:00,3.0,73,15.6,0.0
2026-04-08 20:00:00,2.2,78,16.0,0.0
2026-04-08 21:00:00,1.9,100,15.9,0.0
2026-04-08 22:00:00,1.8,99,15.8,0.0
2026-04-08 23:00:00,1.6,100,15.7,0.0
2026-04-09 00:00:00,2.0,49,16.1,0.0
2026-04-09 01:00:00,1.6,95,16.3,0.0
2026-04-09 02:00:00,1.4,100,16.0,0.0
2026-04-09 03:00:00,1.9,100,16.7,0.0
2026-04-09 04:00:00,2.0,100,16.3,5.0
2026-04-09 05:00:00,2.3,100,18.9,35.0
2026-04-09 06:00:00,3.0,100,18.3,130.0
2026-04-09 07:00:00,4.3,100,19.9,220.0
2026-04-09 08:00:00,4.2,100,18.2,246.0
2026-04-09 09:00:00,4.6,100,20.1,295.0
2026-04-09 10:00:00,4.7,100,19.5,293.0
2026-04-09 11:00:00,4.5,100,21.6,223.0
2026-04-09 12:00:00,4.5,100,20.0,198.0
2026-04-09 13:00:00,4.9,73,20.6,227.0
2026-04-09 14:00:00,5.2,75,19.9,166.0
2026-04-09 15:00:00,5.7,100,19.2,177.0
2026-04-09 16:00:00,5.1,100,17.9,68.0
2026-04-09 17:00:00,4.0,54,16.0,9.0
2026-04-09 18:00:00,1.8,29,13.7,0.0
2026-04-09 19:00:00,1.5,80,15.1,0.0
2026-04-09 20:00:00,0.9,15,14.8,0.0
2026-04-09 21:00:00,0.5,80,14.7,0.0
2026-04-09 22:00:00,0.3,96,14.4,0.0
2026-04-09 23:00:00,0.8,84,14.7,0.0
2026-04-10 00:00:00,0.4,100,13.0,0.0
2026-04-10 01:00:00,0.2,100,12.9,0.0
2026-04-10 02:00:00,1.1,100,15.0,0.0
2026-04-10 03:00:00,1.1,100,15.0,0.0
2026-04-10 04:00:00,1.5,100,15.3,9.0
2026-04-10 05:00:00,2.4,100,16.5,65.0
2026-04-10 06:00:00,2.5,100,21.7,145.0
2026-04-10 07:00:00,2.8,100,21.1,156.0
2026-04-10 08:00:00,3.4,100,22.5,195.0
2026-04-10 09:00:00,3.8,100,23.4,184.0
2026-04-10 10:00:00,4.9,100,23.8,323.0
2026-04-10 11:00:00,5.1,100,22.8,283.0
2026-04-10 12:00:00,3.8,100,21.6,190.0
2026-04-10 13:00:00,4.2,100,23.1,150.0
2026-04-10 14:00:00,4.0,100,20.7,86.0
2026-04-10 15:00:00,3.5,100,16.1,57.0
2026-04-10 16:00:00,2.7,100,13.8,26.0
2026-04-10 17:00:00,1.5,100,10.1,3.0
2026-04-10 18:00:00,2.0,100,13.0,0.0
2026-04-10 19:00:00,1.5,100,10.3,0.0
2026-04-10 20:00:00,1.4,100,8.0,0.0
2026-04-10 21:00:00,1.2,98,8.6,0.0
2026-04-10 22:00:00,0.9,100,9.6,0.0
2026-04-10 23:00:00,0.2,95,9.7,0.0
2026-04-11 00:00:00,0.9,100,12.1,0.0
2026-04-11 01:00:00,1.1,100,11.9,0.0
2026-04-11 02:00:00,1.5,100,12.1,0.0
2026-04-11 03:00:00,1.6,100,12.4,0.0
2026-04-11 04:00:00,1.8,100,12.1,9.0
2026-04-11 05:00:00,2.5,100,12.4,86.0
2026-04-11 06:00:00,2.7,100,12.9,179.0
2026-04-11 07:00:00,3.5,100,13.8,160.0
2026-04-11 08:00:00,4.4,100,13.8,191.0
2026-04-11 09:00:00,5.6,97,11.7,241.0
2026-04-11 10:00:00,6.4,100,12.3,270.0
2026-04-11 11:00:00,5.9,100,12.8,220.0
2026-04-11 12:00:00,6.3,100,14.3,190.0
2026-04-11 13:00:00,6.8,100,14.5,288.0
2026-04-11 14:00:00,6.9,100,15.6,252.0
2026-04-11 15:00:00,6.0,100,12.4,150.0
2026-04-11 16:00:00,5.1,100,9.2,43.0
2026-04-11 17:00:00,4.1,100,11.2,6.0
2026-04-11 18:00:00,3.6,100,10.5,0.0
2026-04-11 19:00:00,3.6,100,10.2,0.0
2026-04-11 20:00:00,3.1,100,7.7,0.0
2026-04-11 21:00:00,2.6,100,7.2,0.0
2026-04-11 22:00:00,2.7,100,7.3,0.0
2026-04-11 23:00:00,2.5,100,7.1,0.0
2026-04-12 00:00:00,2.3,100,6.4,0.0
2026-04-12 01:00:00,2.2,100,5.8,0.0
2026-04-12 02:00:00,2.0,100,5.8,0.0
2026-04-12 03:00:00,1.5,66,4.4,0.0
2026-04-12 04:00:00,1.1,97,4.3,16.0
2026-04-12 05:00:00,2.7,99,6.7,99.0
2026-04-12 06:00:00,3.8,100,5.5,208.0
2026-04-12 07:00:00,5.1,100,5.3,260.0
2026-04-12 08:00:00,6.6,100,4.8,425.0
2026-04-12 09:00:00,7.8,100,3.7,591.0
2026-04-12 10:00:00,8.2,100,4.5,477.0
2026-04-12 11:00:00,8.4,100,7.2,334.0
2026-04-12 12:00:00,7.5,100,5.2,253.0
2026-04-12 13:00:00,7.8,87,6.3,189.0
2026-04-12 14:00:00,6.7,97,11.5,293.0
2026-04-12 15:00:00,6.8,53,3.5,262.0
2026-04-12 16:00:00,5.8,25,1.0,132.0
2026-04-12 17:00:00,3.2,3,3.2,19.0
2026-04-12 18:00:00,3.2,17,0.8,0.0
2026-04-12 19:00:00,2.8,37,0.2,0.0
2026-04-12 20:00:00,2.6,9,0.7,0.0
2026-04-12 21:00:00,2.2,2,1.3,0.0
2026-04-12 22:00:00,0.9,2,2.7,0.0
2026-04-12 23:00:00,-0.1,98,2.7,0.0
2026-04-13 00:00:00,-0.1,99,1.5,0.0
2026-04-13 01:00:00,-0.4,100,4.2,0.0
2026-04-13 02:00:00,-0.4,100,4.8,0.0
2026-04-13 03:00:00,-0.9,100,4.0,0.0
2026-04-13 04:00:00,-0.5,100,4.7,15.0
2026-04-13 05:00:00,0.6,100,5.8,83.0
2026-04-13 06:00:00,2.2,100,7.8,189.0
2026-04-13 07:00:00,4.8,99,8.5,315.0
2026-04-13 08:00:00,6.6,80,10.3,414.0
2026-04-13 09:00:00,8.2,71,9.8,589.0
2026-04-13 10:00:00,9.1,38,9.8,583.0
2026-04-13 11:00:00,10.0,43,9.7,601.0
2026-04-13 12:00:00,10.6,100,7.4,556.0
2026-04-13 13:00:00,10.6,100,7.8,329.0
2026-04-13 14:00:00,8.2,79,16.9,228.0
2026-04-13 15:00:00,7.9,7,10.0,216.0
2026-04-13 16:00:00,6.9,0,6.4,144.0
2026-04-13 17:00:00,4.5,0,8.7,21.0
2026-04-13 18:00:00,3.3,1,6.9,0.0
2026-04-13 19:00:00,2.8,2,6.5,0.0
2026-04-13 20:00:00,2.3,5,7.0,0.0
2026-04-13 21:00:00,2.0,0,7.0,0.0
2026-04-13 22:00:00,1.5,0,6.9,0.0
2026-04-13 23:00:00,0.9,0,6.7,0.0
2026-04-14 00:00:00,0.8,0,7.1,0.0
2026-04-14 01:00:00,0.4,0,7.2,0.0
2026-04-14 02:00:00,0.2,0,7.3,0.0
2026-04-14 03:00:00,0.2,0,7.6,0.0
2026-04-14 04:00:00,1.2,0,8.9,25.0
2026-04-14 05:00:00,3.9,0,9.5,155.0
2026-04-14 06:00:00,6.9,0,6.8,325.0
2026-04-14 07:00:00,10.2,0,8.4,489.0
2026-04-14 08:00:00,11.9,0,10.8,627.0
2026-04-14 09:00:00,13.5,52,12.1,726.0
2026-04-14 10:00:00,14.2,42,12.1,647.0
2026-04-14 11:00:00,15.1,58,12.3,684.0
2026-04-14 12:00:00,15.1,8,11.8,636.0
2026-04-14 13:00:00,15.4,10,13.1,618.0
2026-04-14 14:00:00,15.1,10,13.5,479.0
2026-04-14 15:00:00,14.4,9,13.5,316.0
2026-04-14 16:00:00,12.2,1,7.7,151.0
2026-04-14 17:00:00,8.9,1,8.4,24.0
2026-04-14 18:00:00,8.6,2,10.1,0.0
2026-04-14 19:00:00,8.6,5,11.2,0.0
2026-04-14 20:00:00,7.5,5,10.4,0.0
2026-04-14 21:00:00,5.9,1,8.2,0.0
2026-04-14 22:00:00,5.0,0,8.9,0.0
2026-04-14 23:00:00,4.8,0,9.6,0.0
2026-04-15 00:00:00,4.3,0,10.5,0.0
2026-04-15 01:00:00,3.7,0,9.6,0.0
2026-04-15 02:00:00,3.1,0,9.4,0.0
2026-04-15 03:00:00,2.7,0,10.0,0.0
2026-04-15 04:00:00,3.5,0,11.5,28.0
2026-04-15 05:00:00,6.4,0,11.7,162.0
2026-04-15 06:00:00,9.8,0,9.0,333.0
2026-04-15 07:00:00,12.8,0,10.8,496.0
2026-04-15 08:00:00,14.6,0,16.1,634.0
2026-04-15 09:00:00,15.5,0,15.5,732.0
2026-04-15 10:00:00,16.2,0,14.1,782.0
2026-04-15 11:00:00,16.8,2,14.1,780.0
2026-04-15 12:00:00,17.2,26,14.1,728.0
2026-04-15 13:00:00,17.5,100,15.0,618.0
2026-04-15 14:00:00,17.2,50,15.2,442.0
2026-04-15 15:00:00,16.6,98,13.2,302.0
2026-04-15 16:00:00,13.9,100,6.0,136.0
2026-04-15 17:00:00,10.9,95,4.4,20.0
2026-04-15 18:00:00,9.9,98,4.9,0.0
2026-04-15 19:00:00,9.5,95,6.7,0.0
2026-04-15 20:00:00,8.8,100,6.7,0.0
2026-04-15 21:00:00,8.2,100,8.1,0.0
2026-04-15 22:00:00,8.5,100,8.4,0.0
2026-04-15 23:00:00,8.5,100,10.7,0.0
2026-04-16 00:00:00,9.2,96,10.6,0.0
2026-04-16 01:00:00,9.2,99,9.6,0.0
2026-04-16 02:00:00,8.2,88,6.5,0.0
2026-04-16 03:00:00,7.2,92,5.8,0.0
2026-04-16 04:00:00,7.0,33,4.7,26.0
2026-04-16 05:00:00,9.5,77,8.3,160.0
2026-04-16 06:00:00,11.4,100,4.8,292.0
2026-04-16 07:00:00,14.3,100,4.8,454.0
2026-04-16 08:00:00,15.1,100,8.1,385.0
2026-04-16 09:00:00,16.0,95,9.9,449.0
2026-04-16 10:00:00,17.4,100,12.4,624.0
2026-04-16 11:00:00,16.7,100,15.4,364.0
2026-04-16 12:00:00,15.3,100,12.6,196.0
2026-04-16 13:00:00,16.6,48,10.7,356.0
2026-04-16 14:00:00,17.4,64,13.8,469.0
2026-04-16 15:00:00,15.6,100,17.6,223.0
2026-04-16 16:00:00,12.2,100,9.7,59.0
2026-04-16 17:00:00,11.8,100,5.7,5.0
2026-04-16 18:00:00,11.4,50,9.2,0.0
2026-04-16 19:00:00,11.8,77,10.5,0.0
2026-04-16 20:00:00,11.4,96,15.3,0.0
2026-04-16 21:00:00,10.6,45,11.7,0.0
2026-04-16 22:00:00,9.6,98,8.4,0.0
2026-04-16 23:00:00,8.9,41,8.2,0.0
2026-04-17 00:00:00,9.2,77,6.9,0.0
2026-04-17 01:00:00,8.5,100,7.5,0.0
2026-04-17 02:00:00,8.7,100,7.6,0.0
2026-04-17 03:00:00,8.2,100,5.9,0.0
2026-04-17 04:00:00,8.4,100,7.4,21.0
2026-04-17 05:00:00,9.2,100,10.8,84.0
2026-04-17 06:00:00,9.4,100,8.6,126.0
2026-04-17 07:00:00,9.6,100,6.4,97.0
2026-04-17 08:00:00,10.9,98,4.5,191.0
2026-04-17 09:00:00,13.4,30,4.3,467.0
2026-04-17 10:00:00,15.1,50,5.8,790.0
2026-04-17 11:00:00,15.6,35,7.6,774.0
2026-04-17 12:00:00,16.2,70,10.5,714.0
2026-04-17 13:00:00,16.1,60,10.6,458.0
2026-04-17 14:00:00,16.2,76,10.2,386.0
2026-04-17 15:00:00,15.6,100,9.4,225.0
2026-04-17 16:00:00,14.1,100,8.5,87.0
2026-04-17 17:00:00,9.9,84,16.7,18.0
2026-04-17 18:00:00,9.6,100,10.4,0.0
2026-04-17 19:00:00,9.7,65,9.5,0.0
2026-04-17 20:00:00,8.4,20,8.2,0.0
2026-04-17 21:00:00,7.0,80,9.6,0.0
2026-04-17 22:00:00,6.4,74,10.8,0.0
2026-04-17 23:00:00,5.6,31,9.0,0.0
2026-04-18 00:00:00,5.1,22,10.7,0.0
2026-04-18 01:00:00,4.6,34,11.6,0.0
2026-04-18 02:00:00,4.2,18,10.2,0.0
2026-04-18 03:00:00,3.5,7,10.3,0.0
2026-04-18 04:00:00,4.2,0,11.8,35.0
2026-04-18 05:00:00,6.1,50,10.3,172.0
2026-04-18 06:00:00,7.8,69,10.4,326.0
2026-04-18 07:00:00,8.6,98,15.4,388.0
2026-04-18 08:00:00,7.9,100,13.0,220.0
2026-04-18 09:00:00,8.8,100,13.7,344.0
2026-04-18 10:00:00,9.4,94,12.5,309.0
2026-04-18 11:00:00,10.5,57,14.0,466.0
2026-04-18 12:00:00,10.8,66,16.0,494.0
2026-04-18 13:00:00,11.6,75,17.5,423.0
2026-04-18 14:00:00,11.6,61,18.8,354.0
2026-04-18 15:00:00,10.9,57,20.1,239.0
2026-04-18 16:00:00,10.1,43,16.7,109.0
2026-04-18 17:00:00,8.8,38,14.5,24.0
2026-04-18 18:00:00,7.8,20,13.5,0.0
2026-04-18 19:00:00,7.2,19,12.6,0.0
2026-04-18 20:00:00,6.8,16,12.8,0.0
2026-04-18 21:00:00,6.3,9,13.3,0.0
2026-04-18 22:00:00,5.7,6,14.0,0.0
2026-04-18 23:00:00,5.1,0,13.4,0.0
2026-04-19 00:00:00,4.8,0,13.8,0.0
2026-04-19 01:00:00,4.4,0,14.1,0.0
2026-04-19 02:00:00,3.9,0,13.9,0.0
2026-04-19 03:00:00,3.5,1,13.5,0.0
2026-04-19 04:00:00,4.1,0,14.6,40.0
2026-04-19 05:00:00,5.9,0,14.1,181.0
2026-04-19 06:00:00,8.1,1,15.4,352.0
2026-04-19 07:00:00,9.9,13,19.3,515.0
2026-04-19 08:00:00,11.1,36,22.7,634.0
2026-04-19 09:00:00,11.7,75,22.0,652.0
2026-04-19 10:00:00,11.9,98,21.3,577.0
2026-04-19 11:00:00,11.9,72,20.0,459.0
2026-04-19 12:00:00,12.8,36,19.1,578.0
2026-04-19 13:00:00,13.1,100,18.4,541.0
2026-04-19 14:00:00,12.0,88,18.1,265.0
2026-04-19 15:00:00,11.6,98,17.4,236.0
2026-04-19 16:00:00,10.2,80,15.2,117.0
2026-04-19 17:00:00,8.2,95,13.5,25.0
2026-04-19 18:00:00,6.7,23,10.6,0.0
2026-04-19 19:00:00,5.4,0,8.6,0.0
2026-04-19 20:00:00,4.1,2,7.3,0.0
2026-04-19 21:00:00,3.2,1,7.2,0.0
2026-04-19 22:00:00,2.5,1,5.5,0.0
2026-04-19 23:00:00,2.0,1,4.8,0.0
2026-04-20 00:00:00,1.5,9,3.9,0.0
2026-04-20 01:00:00,1.1,11,2.6,0.0
2026-04-20 02:00:00,0.8,45,2.0,0.0
2026-04-20 03:00:00,0.2,19,3.6,0.0
2026-04-20 04:00:00,1.7,50,5.0,43.0
2026-04-20 05:00:00,5.2,100,5.9,183.0
2026-04-20 06:00:00,7.1,100,3.3,298.0
2026-04-20 07:00:00,7.7,100,10.2,267.0
2026-04-20 08:00:00,8.1,100,11.4,362.0
2026-04-20 09:00:00,7.3,100,11.5,224.0
2026-04-20 10:00:00,7.3,100,8.2,268.0
2026-04-20 11:00:00,7.1,100,7.7,220.0
2026-04-20 12:00:00,5.9,100,6.7,214.0
2026-04-20 13:00:00,5.8,100,5.7,176.0
2026-04-20 14:00:00,4.9,100,4.5,98.0
2026-04-20 15:00:00,4.8,100,5.3,81.0
2026-04-20 16:00:00,4.5,100,5.0,43.0
2026-04-20 17:00:00,4.1,100,5.4,13.0
2026-04-20 18:00:00,3.1,100,5.8,0.0
2026-04-20 19:00:00,2.5,100,5.6,0.0
2026-04-20 20:00:00,2.5,66,8.8,0.0
2026-04-20 21:00:00,1.5,95,9.9,0.0
2026-04-20 22:00:00,0.4,18,9.9,0.0
2026-04-20 23:00:00,0.1,0,9.7,0.0
2026-04-21 00:00:00,-0.5,63,9.1,0.0
2026-04-21 01:00:00,-1.1,17,8.3,0.0
2026-04-21 02:00:00,-1.4,9,7.9,0.0
2026-04-21 03:00:00,-1.5,16,8.6,0.0
2026-04-21 04:00:00,-0.2,10,12.2,48.0
2026-04-21 05:00:00,1.9,7,12.5,194.0
2026-04-21 06:00:00,4.4,6,11.4,368.0
2026-04-21 07:00:00,6.7,0,14.9,534.0
2026-04-21 08:00:00,8.2,44,16.5,674.0
2026-04-21 09:00:00,9.1,99,15.2,687.0
2026-04-21 10:00:00,9.2,95,14.2,494.0
2026-04-21 11:00:00,9.6,100,14.2,520.0
2026-04-21 12:00:00,8.5,100,16.6,286.0
2026-04-21 13:00:00,8.7,100,15.3,253.0
2026-04-21 14:00:00,8.3,100,11.4,140.0
2026-04-21 15:00:00,8.1,100,10.5,147.0
2026-04-21 16:00:00,6.8,82,12.1,69.0
2026-04-21 17:00:00,3.7,100,6.7,34.0
2026-04-21 18:00:00,2.7,100,8.3,0.0
2026-04-21 19:00:00,1.8,98,9.1,0.0
2026-04-21 20:00:00,0.9,19,7.6,0.0
2026-04-21 21:00:00,-0.4,35,6.5,0.0
2026-04-21 22:00:00,-0.9,52,7.2,0.0
2026-04-21 23:00:00,-0.8,50,8.9,0.0
2026-04-22 00:00:00,-0.4,87,9.8,0.0
2026-04-22 01:00:00,0.6,84,10.1,0.0
2026-04-22 02:00:00,0.2,93,10.1,0.0
2026-04-22 03:00:00,0.6,98,9.5,0.0
2026-04-22 04:00:00,1.3,98,10.0,31.0
2026-04-22 05:00:00,3.5,95,9.4,147.0
2026-04-22 06:00:00,5.3,17,9.6,266.0
2026-04-22 07:00:00,8.1,0,10.5,526.0
2026-04-22 08:00:00,9.9,6,10.7,675.0
2026-04-22 09:00:00,11.1,83,15.5,763.0
2026-04-22 10:00:00,11.1,99,14.1,547.0
2026-04-22 11:00:00,11.1,100,14.0,445.0
2026-04-22 12:00:00,11.8,100,13.8,342.0
2026-04-22 13:00:00,11.6,99,13.5,282.0
2026-04-22 14:00:00,11.4,99,14.9,234.0
2026-04-22 15:00:00,10.9,100,10.2,143.0
2026-04-22 16:00:00,9.9,79,13.1,96.0
2026-04-22 17:00:00,7.9,76,14.9,34.0
2026-04-22 18:00:00,6.8,43,15.2,0.0
2026-04-22 19:00:00,6.3,1,15.6,0.0
2026-04-22 20:00:00,5.6,56,16.3,0.0
2026-04-22 21:00:00,5.4,36,17.9,0.0
2026-04-22 22:00:00,5.8,48,18.3,0.0
2026-04-22 23:00:00,5.8,97,17.7,0.0
2026-04-23 00:00:00,5.4,100,17.1,0.0
2026-04-23 01:00:00,4.7,99,17.3,0.0
2026-04-23 02:00:00,4.1,100,18.9,0.0
2026-04-23 03:00:00,4.4,100,19.9,0.0
2026-04-23 04:00:00,5.3,100,22.5,41.0
2026-04-23 05:00:00,6.8,99,19.3,143.0
2026-04-23 06:00:00,9.1,94,23.8,261.0
2026-04-23 07:00:00,10.6,47,33.5,482.0
2026-04-23 08:00:00,10.4,100,37.9,606.0
2026-04-23 09:00:00,7.8,85,26.6,93.0
2026-04-23 10:00:00,9.1,80,32.8,632.0
2026-04-23 11:00:00,9.4,43,27.9,420.0
2026-04-23 12:00:00,9.3,88,33.9,719.0
2026-04-23 13:00:00,8.0,86,24.2,222.0
2026-04-23 14:00:00,8.4,41,22.3,383.0
2026-04-23 15:00:00,8.9,7,27.0,295.0
2026-04-23 16:00:00,8.4,97,20.6,180.0
2026-04-23 17:00:00,7.4,100,15.5,24.0
2026-04-23 18:00:00,6.8,98,14.4,0.0
2026-04-23 19:00:00,5.8,98,13.1,0.0
2026-04-23 20:00:00,4.8,35,9.9,0.0
2026-04-23 21:00:00,3.0,71,6.8,0.0
2026-04-23 22:00:00,2.7,100,6.6,0.0
2026-04-23 23:00:00,3.1,100,6.7,0.0
2026-04-24 00:00:00,3.2,100,5.0,0.0
2026-04-24 01:00:00,3.2,100,6.2,0.0
2026-04-24 02:00:00,2.8,100,8.7,0.0
2026-04-24 03:00:00,3.3,100,12.1,0.0
2026-04-24 04:00:00,3.8,100,13.5,40.0
2026-04-24 05:00:00,4.8,100,14.5,119.0
2026-04-24 06:00:00,5.6,100,14.8,249.0
2026-04-24 07:00:00,6.9,100,16.4,417.0
2026-04-24 08:00:00,8.1,92,18.5,622.0
2026-04-24 09:00:00,9.4,100,23.7,738.0
2026-04-24 10:00:00,9.6,100,23.0,568.0
2026-04-24 11:00:00,9.7,100,23.6,397.0
2026-04-24 12:00:00,10.4,100,23.8,300.0
2026-04-24 13:00:00,10.6,100,24.6,278.0
2026-04-24 14:00:00,10.5,100,25.1,212.0
2026-04-24 15:00:00,10.4,99,16.7,135.0
2026-04-24 16:00:00,9.5,98,14.0,62.0
2026-04-24 17:00:00,8.3,99,9.6,18.0
2026-04-24 18:00:00,7.3,99,7.9,0.0
2026-04-24 19:00:00,7.1,99,8.3,0.0
2026-04-24 20:00:00,6.5,100,8.2,0.0
2026-04-24 21:00:00,5.8,100,10.1,0.0
2026-04-24 22:00:00,6.0,95,9.5,0.0
2026-04-24 23:00:00,5.8,88,8.0,0.0
2026-04-25 00:00:00,3.4,74,10.4,0.0
2026-04-25 01:00:00,3.5,59,10.3,0.0
2026-04-25 02:00:00,3.2,100,10.1,0.0
2026-04-25 03:00:00,4.2,100,11.4,0.0
2026-04-25 04:00:00,5.4,100,12.1,19.0
2026-04-25 05:00:00,6.7,100,12.8,85.0
2026-04-25 06:00:00,6.7,100,12.9,76.0
2026-04-25 07:00:00,7.9,100,12.4,123.0
2026-04-25 08:00:00,10.9,100,16.7,328.0
2026-04-25 09:00:00,12.8,88,18.4,450.0
2026-04-25 10:00:00,14.6,100,20.6,596.0
2026-04-25 11:00:00,14.4,100,23.9,321.0
2026-04-25 12:00:00,13.6,99,21.5,218.0
2026-04-25 13:00:00,13.9,70,24.6,249.0
2026-04-25 14:00:00,14.6,70,24.0,414.0
2026-04-25 15:00:00,14.5,100,22.4,267.0
2026-04-25 16:00:00,13.5,100,19.5,114.0
2026-04-25 17:00:00,12.4,66,15.4,19.0
2026-04-25 18:00:00,10.9,95,13.6,0.0
2026-04-25 19:00:00,11.1,68,18.1,0.0
2026-04-25 20:00:00,11.1,22,17.1,0.0
2026-04-25 21:00:00,9.4,2,15.4,0.0
2026-04-25 22:00:00,8.8,1,16.5,0.0
2026-04-25 23:00:00,8.6,15,17.4,0.0
2026-04-26 00:00:00,9.1,9,19.6,0.0
2026-04-26 01:00:00,9.5,70,21.6,0.0
2026-04-26 02:00:00,9.6,55,21.8,0.0
2026-04-26 03:00:00,8.6,94,18.7,1.0
2026-04-26 04:00:00,9.2,84,20.0,58.0
2026-04-26 05:00:00,11.0,73,16.6,196.0
2026-04-26 06:00:00,13.2,93,19.9,357.0
2026-04-26 07:00:00,14.1,100,23.8,346.0
2026-04-26 08:00:00,10.9,100,35.4,182.0
2026-04-26 09:00:00,6.2,100,27.3,69.0
2026-04-26 10:00:00,6.6,100,23.9,150.0
2026-04-26 11:00:00,8.8,56,37.4,300.0
2026-04-26 12:00:00,5.8,34,40.6,471.0
2026-04-26 13:00:00,6.2,15,39.5,413.0
2026-04-26 14:00:00,6.9,30,32.7,431.0
2026-04-26 15:00:00,6.8,2,30.7,336.0
2026-04-26 16:00:00,6.7,19,26.0,199.0
2026-04-26 17:00:00,5.6,100,25.6,52.0
2026-04-26 18:00:00,3.8,81,29.3,0.0
2026-04-26 19:00:00,2.7,16,25.4,0.0
2026-04-26 20:00:00,2.3,17,26.8,0.0
2026-04-26 21:00:00,1.9,3,26.4,0.0
2026-04-26 22:00:00,1.6,0,25.5,0.0
2026-04-26 23:00:00,1.3,0,24.9,0.0
2026-04-27 00:00:00,1.0,4,23.4,0.0
2026-04-27 01:00:00,0.6,0,22.9,0.0
2026-04-27 02:00:00,0.3,0,22.8,0.0
2026-04-27 03:00:00,0.1,0,22.3,1.0
2026-04-27 04:00:00,0.9,0,23.5,69.0
2026-04-27 05:00:00,2.1,0,25.4,224.0
2026-04-27 06:00:00,3.7,2,29.4,399.0
2026-04-27 07:00:00,5.4,2,30.5,560.0
2026-04-27 08:00:00,6.9,59,32.5,663.0
2026-04-27 09:00:00,7.8,79,32.7,668.0
2026-04-27 10:00:00,8.5,98,32.1,595.0
2026-04-27 11:00:00,8.4,99,30.4,349.0
2026-04-27 12:00:00,8.9,100,31.6,281.0
2026-04-27 13:00:00,9.1,97,30.3,225.0
2026-04-27 14:00:00,9.2,100,29.3,204.0
2026-04-27 15:00:00,9.1,100,20.8,116.0
2026-04-27 16:00:00,9.0,89,16.8,101.0
2026-04-27 17:00:00,7.9,45,12.4,35.0
2026-04-27 18:00:00,5.2,2,8.7,0.0
2026-04-27 19:00:00,3.9,88,7.9,0.0
2026-04-27 20:00:00,4.2,58,7.8,0.0
2026-04-27 21:00:00,3.7,34,8.3,0.0
2026-04-27 22:00:00,2.0,83,6.0,0.0
2026-04-27 23:00:00,3.2,98,7.1,0.0
2026-04-28 00:00:00,2.3,100,10.2,0.0
2026-04-28 01:00:00,2.7,89,11.0,0.0
2026-04-28 02:00:00,2.0,100,12.0,0.0
2026-04-28 03:00:00,2.8,74,12.1,1.0
2026-04-28 04:00:00,3.4,38,14.5,60.0
2026-04-28 05:00:00,5.3,34,13.4,216.0
2026-04-28 06:00:00,7.9,38,16.5,375.0
2026-04-28 07:00:00,8.9,79,26.8,546.0
2026-04-28 08:00:00,9.1,91,26.2,533.0
2026-04-28 09:00:00,9.4,100,25.0,521.0
2026-04-28 10:00:00,9.3,98,23.9,414.0
2026-04-28 11:00:00,9.4,100,22.6,391.0
2026-04-28 12:00:00,10.2,50,21.7,403.0
2026-04-28 13:00:00,10.1,77,20.6,531.0
2026-04-28 14:00:00,9.4,99,18.6,269.0
2026-04-28 15:00:00,8.9,29,16.3,204.0
2026-04-28 16:00:00,8.1,28,10.8,157.0
2026-04-28 17:00:00,5.1,1,7.1,56.0
2026-04-28 18:00:00,3.3,23,7.0,0.0
2026-04-28 19:00:00,3.7,90,7.9,0.0
2026-04-28 20:00:00,3.8,95,8.2,0.0
2026-04-28 21:00:00,3.3,84,8.6,0.0
2026-04-28 22:00:00,2.5,95,6.3,0.0
2026-04-28 23:00:00,1.9,89,4.9,0.0
2026-04-29 00:00:00,0.8,98,5.1,0.0
2026-04-29 01:00:00,0.9,98,6.2,0.0
2026-04-29 02:00:00,1.0,68,7.8,0.0
2026-04-29 03:00:00,0.2,90,7.3,2.0
2026-04-29 04:00:00,1.5,0,9.4,63.0
2026-04-29 05:00:00,3.7,0,7.5,232.0
2026-04-29 06:00:00,5.8,13,9.9,410.0
2026-04-29 07:00:00,7.3,30,11.4,567.0
2026-04-29 08:00:00,8.4,37,14.2,698.0
2026-04-29 09:00:00,8.9,23,13.8,759.0
2026-04-29 10:00:00,9.2,33,12.7,790.0
2026-04-29 11:00:00,9.7,12,10.6,818.0
2026-04-29 12:00:00,9.9,28,10.6,769.0
2026-04-29 13:00:00,10.0,52,10.5,661.0
2026-04-29 14:00:00,9.7,100,11.2,446.0
2026-04-29 15:00:00,8.4,63,12.8,182.0
2026-04-29 16:00:00,7.5,56,11.9,160.0
2026-04-29 17:00:00,5.2,2,7.3,55.0
2026-04-29 18:00:00,3.1,3,7.1,0.0
2026-04-29 19:00:00,3.2,0,9.4,0.0
2026-04-29 20:00:00,2.0,0,7.4,0.0
2026-04-29 21:00:00,1.4,0,7.9,0.0
2026-04-29 22:00:00,0.7,0,7.5,0.0
2026-04-29 23:00:00,0.0,0,7.1,0.0
2026-04-30 00:00:00,-1.0,0,6.4,0.0
2026-04-30 01:00:00,-1.2,0,6.3,0.0
2026-04-30 02:00:00,-1.5,0,6.8,0.0
2026-04-30 03:00:00,-1.6,0,7.0,2.0
2026-04-30 04:00:00,0.2,0,9.3,77.0
2026-04-30 05:00:00,2.8,1,7.1,232.0
2026-04-30 06:00:00,5.3,0,7.3,406.0
2026-04-30 07:00:00,6.3,71,11.8,571.0
2026-04-30 08:00:00,7.0,93,11.9,506.0
2026-04-30 09:00:00,7.5,87,13.9,551.0
2026-04-30 10:00:00,7.8,77,14.8,638.0
2026-04-30 11:00:00,8.1,67,13.5,542.0
2026-04-30 12:00:00,8.6,59,14.6,571.0
2026-04-30 13:00:00,8.5,66,15.1,539.0
2026-04-30 14:00:00,8.4,88,14.8,418.0
2026-04-30 15:00:00,7.9,100,15.5,224.0
2026-04-30 16:00:00,7.2,100,12.4,74.0
2026-04-30 17:00:00,6.5,78,10.5,25.0
2026-04-30 18:00:00,3.6,36,7.0,0.0
2026-04-30 19:00:00,2.6,34,5.9,0.0
2026-04-30 20:00:00,2.1,56,4.3,0.0
2026-04-30 21:00:00,2.2,88,4.0,0.0
2026-04-30 22:00:00,2.2,80,4.1,0.0
2026-04-30 23:00:00,1.4,51,5.2,0.0
2026-05-01 00:00:00,2.7,89,7.6,0.0
2026-05-01 01:00:00,2.7,77,8.1,0.0
2026-05-01 02:00:00,3.0,88,8.8,0.0
2026-05-01 03:00:00,2.8,100,7.9,2.0
2026-05-01 04:00:00,3.1,100,7.7,43.0
2026-05-01 05:00:00,4.2,64,6.5,113.0
2026-05-01 06:00:00,6.8,100,8.4,332.0
2026-05-01 07:00:00,7.6,100,9.3,306.0
2026-05-01 08:00:00,8.5,100,12.9,317.0
2026-05-01 09:00:00,9.4,100,14.9,482.0
2026-05-01 10:00:00,10.1,100,15.9,659.0
2026-05-01 11:00:00,9.6,100,14.3,274.0
2026-05-01 12:00:00,10.3,100,15.4,280.0
2026-05-01 13:00:00,10.2,100,14.4,206.0
2026-05-01 14:00:00,9.8,100,12.8,136.0
2026-05-01 15:00:00,9.3,100,10.4,95.0
2026-05-01 16:00:00,8.4,100,7.5,43.0
2026-05-01 17:00:00,7.5,100,10.2,17.0
2026-05-01 18:00:00,7.2,99,7.7,0.0
2026-05-01 19:00:00,6.9,100,4.8,0.0
2026-05-01 20:00:00,6.3,100,6.0,0.0
2026-05-01 21:00:00,5.8,98,7.2,0.0
2026-05-01 22:00:00,5.3,91,5.8,0.0
2026-05-01 23:00:00,4.6,100,4.0,0.0
2026-05-02 00:00:00,4.6,99,5.9,0.0
2026-05-02 01:00:00,4.4,100,4.9,0.0
2026-05-02 02:00:00,3.6,64,4.0,0.0
2026-05-02 03:00:00,3.5,97,4.3,2.0
2026-05-02 04:00:00,4.7,98,8.8,49.0
2026-05-02 05:00:00,6.2,100,7.5,123.0
2026-05-02 06:00:00,8.2,100,7.6,230.0
2026-05-02 07:00:00,9.6,100,11.5,384.0
2026-05-02 08:00:00,10.0,73,10.6,410.0
2026-05-02 09:00:00,10.6,68,9.3,469.0
2026-05-02 10:00:00,11.1,100,8.4,551.0
2026-05-02 11:00:00,11.8,87,7.0,579.0
2026-05-02 12:00:00,13.1,91,9.9,552.0
2026-05-02 13:00:00,13.2,63,8.8,546.0
2026-05-02 14:00:00,13.8,85,9.0,453.0
2026-05-02 15:00:00,13.6,94,11.7,339.0
2026-05-02 16:00:00,10.7,26,18.0,198.0
2026-05-02 17:00:00,8.1,10,8.7,66.0
2026-05-02 18:00:00,6.5,77,6.9,1.0
2026-05-02 19:00:00,6.0,80,6.6,0.0
2026-05-02 20:00:00,5.9,95,7.7,0.0
2026-05-02 21:00:00,6.8,34,12.2,0.0
2026-05-02 22:00:00,5.4,45,11.3,0.0
2026-05-02 23:00:00,4.6,31,11.5,0.0
2026-05-03 00:00:00,3.8,15,10.6,0.0
2026-05-03 01:00:00,3.0,54,9.8,0.0
2026-05-03 02:00:00,3.5,91,9.8,0.0
2026-05-03 03:00:00,3.3,100,10.4,3.0
2026-05-03 04:00:00,4.7,100,11.4,55.0
2026-05-03 05:00:00,6.5,100,9.4,143.0
2026-05-03 06:00:00,9.2,94,8.7,272.0
2026-05-03 07:00:00,9.6,98,8.6,264.0
2026-05-03 08:00:00,11.9,99,9.2,394.0
2026-05-03 09:00:00,13.6,52,8.7,458.0
2026-05-03 10:00:00,15.5,26,11.2,754.0
2026-05-03 11:00:00,16.4,18,11.7,802.0
2026-05-03 12:00:00,18.5,5,11.3,776.0
2026-05-03 13:00:00,19.0,2,11.2,676.0
2026-05-03 14:00:00,19.1,2,11.1,537.0
2026-05-03 15:00:00,18.7,1,9.4,372.0
2026-05-03 16:00:00,17.1,2,5.6,209.0
2026-05-03 17:00:00,13.9,1,7.1,66.0
2026-05-03 18:00:00,12.7,1,13.9,1.0
2026-05-03 19:00:00,12.4,1,14.9,0.0
2026-05-03 20:00:00,11.2,2,14.0,0.0
2026-05-03 21:00:00,10.1,2,14.1,0.0
2026-05-03 22:00:00,9.4,1,14.3,0.0
2026-05-03 23:00:00,8.6,0,13.6,0.0
2026-05-04 00:00:00,7.5,0,12.2,0.0
2026-05-04 01:00:00,6.7,0,9.6,0.0
2026-05-04 02:00:00,5.8,0,7.9,0.0
2026-05-04 03:00:00,5.2,0,7.4,5.0
2026-05-04 04:00:00,6.9,0,9.1,90.0
2026-05-04 05:00:00,10.1,0,6.9,246.0
2026-05-04 06:00:00,14.4,0,5.7,417.0
2026-05-04 07:00:00,18.0,0,4.9,579.0
2026-05-04 08:00:00,19.9,0,7.9,711.0
2026-05-04 09:00:00,20.8,0,10.4,802.0
2026-05-04 10:00:00,21.5,2,8.8,850.0
2026-05-04 11:00:00,21.9,4,6.2,789.0
2026-05-04 12:00:00,23.4,3,5.0,736.0
2026-05-04 13:00:00,23.5,2,5.3,676.0
2026-05-04 14:00:00,23.1,13,5.7,540.0
2026-05-04 15:00:00,22.3,0,6.5,371.0
2026-05-04 16:00:00,20.4,0,6.1,217.0
2026-05-04 17:00:00,17.9,0,11.5,70.0
2026-05-04 18:00:00,16.5,2,12.5,2.0
2026-05-04 19:00:00,15.9,0,13.4,0.0
2026-05-04 20:00:00,15.1,0,13.7,0.0
2026-05-04 21:00:00,13.9,0,12.7,0.0
2026-05-04 22:00:00,13.1,0,12.2,0.0
2026-05-04 23:00:00,12.2,0,11.4,0.0
2026-05-05 00:00:00,11.4,0,12.5,0.0
2026-05-05 01:00:00,10.8,0,12.2,0.0
2026-05-05 02:00:00,10.2,0,12.2,0.0
2026-05-05 03:00:00,10.1,0,13.1,6.0
2026-05-05 04:00:00,11.7,0,14.2,92.0
2026-05-05 05:00:00,14.4,0,14.1,248.0
2026-05-05 06:00:00,17.9,0,11.6,419.0
2026-05-05 07:00:00,20.3,0,12.8,577.0
2026-05-05 08:00:00,22.2,0,14.5,706.0
2026-05-05 09:00:00,23.5,0,15.3,798.0
2026-05-05 10:00:00,24.6,33,13.1,841.0
2026-05-05 11:00:00,24.8,5,11.3,746.0
2026-05-05 12:00:00,25.9,0,12.1,772.0
2026-05-05 13:00:00,25.6,3,12.5,671.0
2026-05-05 14:00:00,25.3,9,11.6,533.0
2026-05-05 15:00:00,24.5,14,10.2,373.0
2026-05-05 16:00:00,22.3,8,13.4,212.0
2026-05-05 17:00:00,20.4,3,14.1,72.0
2026-05-05 18:00:00,19.2,7,14.8,2.0
2026-05-05 19:00:00,18.3,2,15.2,0.0
2026-05-05 20:00:00,17.6,0,16.7,0.0
2026-05-05 21:00:00,17.0,0,17.2,0.0
2026-05-05 22:00:00,16.5,0,17.3,0.0
2026-05-05 23:00:00,15.6,0,16.3,0.0
2026-05-06 00:00:00,14.3,0,16.3,0.0
2026-05-06 01:00:00,13.4,0,15.7,0.0
2026-05-06 02:00:00,12.6,0,15.0,0.0
2026-05-06 03:00:00,12.1,0,14.1,7.0
2026-05-06 04:00:00,13.1,0,14.0,97.0
2026-05-06 05:00:00,15.1,0,12.4,255.0
2026-05-06 06:00:00,18.5,0,11.9,425.0
2026-05-06 07:00:00,20.8,0,11.5,585.0
2026-05-06 08:00:00,22.8,0,10.7,716.0
2026-05-06 09:00:00,24.4,0,10.0,808.0
2026-05-06 10:00:00,25.6,25,9.5,852.0
2026-05-06 11:00:00,26.2,30,9.0,745.0
2026-05-06 12:00:00,26.8,9,8.3,723.0
2026-05-06 13:00:00,27.0,5,7.7,669.0
2026-05-06 14:00:00,26.6,9,8.7,554.0
2026-05-06 15:00:00,25.9,9,8.1,396.0
2026-05-06 16:00:00,23.9,1,5.9,227.0
2026-05-06 17:00:00,21.0,2,6.6,77.0
2026-05-06 18:00:00,19.0,0,7.0,3.0
2026-05-06 19:00:00,18.5,0,10.0,0.0
2026-05-06 20:00:00,17.2,0,11.3,0.0
2026-05-06 21:00:00,17.4,0,14.3,0.0
2026-05-06 22:00:00,16.9,0,13.9,0.0
2026-05-06 23:00:00,15.9,0,14.9,0.0
2026-05-07 00:00:00,14.9,0,15.2,0.0
2026-05-07 01:00:00,14.1,0,13.4,0.0
2026-05-07 02:00:00,13.4,0,13.0,0.0
2026-05-07 03:00:00,13.1,0,12.5,7.0
2026-05-07 04:00:00,14.2,0,12.3,99.0
2026-05-07 05:00:00,16.2,0,10.4,256.0
2026-05-07 06:00:00,18.9,0,11.0,426.0
2026-05-07 07:00:00,21.0,0,11.2,584.0
2026-05-07 08:00:00,23.0,0,13.9,715.0
2026-05-07 09:00:00,24.4,0,17.1,807.0
2026-05-07 10:00:00,25.0,0,18.3,853.0
2026-05-07 11:00:00,25.3,0,19.2,850.0
2026-05-07 12:00:00,25.8,0,21.1,797.0
2026-05-07 13:00:00,25.4,0,21.1,699.0
2026-05-07 14:00:00,24.7,0,20.7,562.0
2026-05-07 15:00:00,23.8,0,20.4,401.0
2026-05-07 16:00:00,22.1,0,16.9,231.0
2026-05-07 17:00:00,20.2,2,15.7,80.0
2026-05-07 18:00:00,18.8,4,15.7,3.0
2026-05-07 19:00:00,17.8,30,14.5,0.0
2026-05-07 20:00:00,16.8,34,15.4,0.0
2026-05-07 21:00:00,15.9,16,16.1,0.0
2026-05-07 22:00:00,14.6,6,14.5,0.0
2026-05-07 23:00:00,13.4,1,14.3,0.0
2026-05-08 00:00:00,12.1,34,15.4,0.0
2026-05-08 01:00:00,11.1,34,14.8,0.0
2026-05-08 02:00:00,10.1,5,14.6,0.0
2026-05-08 03:00:00,9.6,0,15.2,9.0
2026-05-08 04:00:00,10.5,100,14.6,106.0
2026-05-08 05:00:00,12.0,100,16.4,258.0
2026-05-08 06:00:00,13.9,100,15.2,385.0
2026-05-08 07:00:00,15.7,98,16.4,518.0
2026-05-08 08:00:00,17.7,100,16.9,661.0
2026-05-08 09:00:00,19.5,78,17.3,782.0
2026-05-08 10:00:00,20.9,51,17.8,856.0
2026-05-08 11:00:00,22.4,100,21.7,842.0
2026-05-08 12:00:00,22.4,100,21.5,660.0
2026-05-08 13:00:00,21.3,100,19.7,406.0
2026-05-08 14:00:00,20.0,100,17.3,355.0
2026-05-08 15:00:00,18.7,100,13.4,221.0
2026-05-08 16:00:00,17.0,98,12.3,55.0
2026-05-08 17:00:00,15.9,70,10.6,34.0
2026-05-08 18:00:00,15.2,97,6.0,2.0
2026-05-08 19:00:00,14.4,100,5.5,0.0
2026-05-08 20:00:00,14.3,100,7.0,0.0
2026-05-08 21:00:00,13.9,79,7.1,0.0
2026-05-08 22:00:00,13.3,36,8.8,0.0
2026-05-08 23:00:00,12.4,2,9.8,0.0
2026-05-09 00:00:00,12.2,23,10.9,0.0
2026-05-09 01:00:00,11.1,13,9.4,0.0
2026-05-09 02:00:00,10.2,84,7.4,0.0
2026-05-09 03:00:00,9.8,99,7.5,9.0
2026-05-09 04:00:00,10.9,100,9.1,94.0
2026-05-09 05:00:00,12.2,100,6.9,224.0
2026-05-09 06:00:00,13.2,100,7.8,379.0
2026-05-09 07:00:00,15.4,100,8.7,508.0
2026-05-09 08:00:00,16.8,100,6.2,574.0
2026-05-09 09:00:00,17.4,100,5.9,602.0
2026-05-09 10:00:00,18.2,100,5.1,656.0
2026-05-09 11:00:00,19.3,97,5.5,764.0
2026-05-09 12:00:00,20.5,96,5.4,767.0
2026-05-09 13:00:00,20.5,100,6.7,574.0
2026-05-09 14:00:00,20.2,100,6.9,375.0
2026-05-09 15:00:00,20.0,100,7.2,274.0
2026-05-09 16:00:00,19.2,100,7.9,160.0
2026-05-09 17:00:00,17.8,100,10.4,38.0
2026-05-09 18:00:00,17.1,100,5.9,2.0
2026-05-09 19:00:00,16.6,100,4.6,0.0
2026-05-09 20:00:00,16.5,100,4.8,0.0
2026-05-09 21:00:00,15.6,100,0.8,0.0
2026-05-09 22:00:00,14.4,100,8.9,0.0
2026-05-09 23:00:00,13.3,100,3.9,0.0
2026-05-10 00:00:00,13.3,100,11.1,0.0
2026-05-10 01:00:00,12.7,100,12.4,0.0
2026-05-10 02:00:00,12.1,100,10.7,0.0
2026-05-10 03:00:00,11.9,100,10.2,2.0
2026-05-10 04:00:00,12.1,100,6.9,15.0
2026-05-10 05:00:00,12.3,100,8.6,42.0
2026-05-10 06:00:00,12.5,100,10.6,106.0
2026-05-10 07:00:00,12.5,100,10.0,102.0
2026-05-10 08:00:00,12.8,100,10.4,155.0
2026-05-10 09:00:00,13.2,100,9.2,185.0
2026-05-10 10:00:00,13.6,100,11.1,238.0
2026-05-10 11:00:00,13.4,100,12.3,223.0
2026-05-10 12:00:00,13.3,100,10.9,122.0
2026-05-10 13:00:00,13.1,100,9.9,103.0
2026-05-10 14:00:00,13.0,100,8.6,78.0
2026-05-10 15:00:00,12.6,100,12.3,46.0
2026-05-10 16:00:00,12.3,100,12.1,49.0
2026-05-10 17:00:00,12.1,100,12.9,27.0
2026-05-10 18:00:00,12.1,100,12.1,1.0
2026-05-10 19:00:00,11.9,100,11.1,0.0
2026-05-10 20:00:00,11.6,100,11.0,0.0
2026-05-10 21:00:00,11.0,96,10.2,0.0
2026-05-10 22:00:00,9.6,98,7.6,0.0
2026-05-10 23:00:00,8.8,100,7.5,0.0
2026-05-11 00:00:00,8.6,40,8.7,0.0
2026-05-11 01:00:00,7.7,6,9.8,0.0
2026-05-11 02:00:00,7.1,6,8.0,0.0
2026-05-11 03:00:00,6.7,0,8.4,12.0
2026-05-11 04:00:00,7.9,0,10.2,114.0
2026-05-11 05:00:00,9.6,0,8.7,272.0
2026-05-11 06:00:00,11.1,0,8.6,440.0
2026-05-11 07:00:00,13.1,0,8.8,598.0
2026-05-11 08:00:00,14.6,24,10.1,729.0
2026-05-11 09:00:00,15.9,76,11.2,783.0
2026-05-11 10:00:00,16.2,56,11.1,646.0
2026-05-11 11:00:00,16.9,100,10.6,709.0
2026-05-11 12:00:00,17.8,77,9.9,576.0
2026-05-11 13:00:00,18.3,42,9.8,544.0
2026-05-11 14:00:00,18.5,33,10.8,471.0
2026-05-11 15:00:00,18.1,13,8.2,370.0
2026-05-11 16:00:00,17.4,6,3.5,236.0
2026-05-11 17:00:00,15.3,2,1.6,87.0
2026-05-11 18:00:00,13.4,2,3.0,5.0
2026-05-11 19:00:00,11.8,4,4.5,0.0
2026-05-11 20:00:00,11.6,6,10.9,0.0
2026-05-11 21:00:00,11.4,0,12.1,0.0
2026-05-11 22:00:00,10.8,33,11.8,0.0
2026-05-11 23:00:00,11.1,0,13.1,0.0
2026-05-12 00:00:00,10.8,1,12.9,0.0
2026-05-12 01:00:00,10.4,0,13.0,0.0
2026-05-12 02:00:00,10.6,4,14.6,0.0
2026-05-12 03:00:00,11.0,0,16.5,12.0
2026-05-12 04:00:00,12.3,64,19.7,111.0
2026-05-12 05:00:00,13.9,99,21.7,253.0
2026-05-12 06:00:00,14.4,100,18.5,344.0
2026-05-12 07:00:00,15.4,100,19.8,307.0
2026-05-12 08:00:00,17.2,100,22.4,404.0
2026-05-12 09:00:00,18.4,86,24.9,503.0
2026-05-12 10:00:00,17.5,90,22.5,662.0
2026-05-12 11:00:00,19.2,100,26.5,633.0
2026-05-12 12:00:00,19.5,100,24.5,498.0
2026-05-12 13:00:00,18.5,91,27.6,372.0
2026-05-12 14:00:00,17.5,100,30.3,484.0
2026-05-12 15:00:00,14.7,100,25.3,198.0
2026-05-12 16:00:00,12.8,100,20.4,74.0
2026-05-12 17:00:00,12.1,100,18.2,12.0
2026-05-12 18:00:00,12.4,100,17.3,1.0
2026-05-12 19:00:00,12.4,100,16.6,0.0
2026-05-12 20:00:00,12.4,100,15.7,0.0
2026-05-12 21:00:00,12.2,100,14.7,0.0
2026-05-12 22:00:00,12.1,100,13.6,0.0
2026-05-12 23:00:00,12.1,100,13.0,0.0
2026-05-13 00:00:00,12.4,100,12.8,0.0
2026-05-13 01:00:00,12.5,100,11.5,0.0
2026-05-13 02:00:00,12.4,100,12.8,0.0
2026-05-13 03:00:00,12.4,100,14.8,6.0
2026-05-13 04:00:00,12.5,100,16.1,44.0
2026-05-13 05:00:00,12.9,100,16.4,68.0
2026-05-13 06:00:00,13.2,100,16.2,95.0
2026-05-13 07:00:00,13.9,100,15.6,199.0
2026-05-13 08:00:00,14.4,100,14.9,241.0
2026-05-13 09:00:00,14.9,100,16.6,297.0
2026-05-13 10:00:00,12.7,100,20.2,240.0
2026-05-13 11:00:00,14.4,100,20.5,511.0
2026-05-13 12:00:00,14.1,100,17.7,448.0
2026-05-13 13:00:00,14.7,100,18.7,477.0
2026-05-13 14:00:00,14.2,100,19.6,355.0
2026-05-13 15:00:00,13.3,100,19.5,191.0
2026-05-13 16:00:00,12.8,100,18.9,144.0
2026-05-13 17:00:00,12.1,100,18.5,46.0
2026-05-13 18:00:00,11.7,100,18.4,3.0
2026-05-13 19:00:00,11.2,100,19.2,0.0
2026-05-13 20:00:00,10.8,39,19.3,0.0
2026-05-13 21:00:00,9.4,5,15.4,0.0
2026-05-13 22:00:00,8.4,4,15.3,0.0
2026-05-13 23:00:00,7.8,26,15.2,0.0
2026-05-14 00:00:00,7.4,33,16.3,0.0
2026-05-14 01:00:00,7.1,58,15.7,0.0
2026-05-14 02:00:00,6.7,49,14.8,0.0
2026-05-14 03:00:00,6.6,60,14.6,14.0
2026-05-14 04:00:00,7.8,48,13.5,116.0
2026-05-14 05:00:00,9.2,66,16.7,266.0
2026-05-14 06:00:00,10.9,37,17.5,433.0
2026-05-14 07:00:00,12.3,49,19.2,600.0
2026-05-14 08:00:00,13.6,57,21.2,726.0
2026-05-14 09:00:00,14.1,76,19.9,690.0
2026-05-14 10:00:00,15.1,93,19.1,780.0
2026-05-14 11:00:00,15.5,64,18.3,679.0
2026-05-14 12:00:00,16.9,71,17.5,644.0
2026-05-14 13:00:00,16.5,65,17.5,545.0
2026-05-14 14:00:00,16.2,89,16.5,461.0
2026-05-14 15:00:00,15.9,100,15.8,233.0
2026-05-14 16:00:00,15.2,100,11.7,122.0
2026-05-14 17:00:00,14.2,100,11.8,44.0
2026-05-14 18:00:00,13.4,100,10.6,4.0
2026-05-14 19:00:00,11.8,100,8.5,0.0
2026-05-14 20:00:00,10.9,100,10.2,0.0
2026-05-14 21:00:00,10.4,100,6.0,0.0
2026-05-14 22:00:00,9.6,100,5.1,0.0
2026-05-14 23:00:00,9.2,100,5.7,0.0
2026-05-15 00:00:00,8.8,76,8.8,0.0
2026-05-15 01:00:00,8.4,88,9.8,0.0
2026-05-15 02:00:00,8.2,95,9.1,0.0
2026-05-15 03:00:00,8.4,42,11.6,10.0
2026-05-15 04:00:00,9.2,58,11.7,105.0
2026-05-15 05:00:00,10.6,14,13.5,211.0
2026-05-15 06:00:00,13.1,3,13.7,403.0
2026-05-15 07:00:00,15.4,0,15.1,615.0
2026-05-15 08:00:00,16.8,1,17.5,748.0
2026-05-15 09:00:00,17.8,34,17.0,842.0
2026-05-15 10:00:00,18.5,71,16.7,814.0
2026-05-15 11:00:00,19.0,52,15.9,735.0
2026-05-15 12:00:00,19.6,20,12.9,734.0
2026-05-15 13:00:00,19.7,43,13.1,695.0
2026-05-15 14:00:00,19.5,45,12.5,503.0
2026-05-15 15:00:00,19.1,20,11.3,361.0
2026-05-15 16:00:00,18.1,21,6.4,240.0
2026-05-15 17:00:00,16.0,8,5.2,101.0
2026-05-15 18:00:00,14.6,2,3.7,9.0
2026-05-15 19:00:00,14.4,2,1.9,0.0
2026-05-15 20:00:00,13.3,2,1.0,0.0
2026-05-15 21:00:00,12.2,0,2.0,0.0
2026-05-15 22:00:00,10.9,0,7.2,0.0
2026-05-15 23:00:00,10.2,0,7.7,0.0
2026-05-16 00:00:00,9.3,0,7.3,0.0
2026-05-16 01:00:00,8.9,0,7.1,0.0
2026-05-16 02:00:00,8.4,3,6.6,0.0
2026-05-16 03:00:00,9.0,5,6.6,18.0
2026-05-16 04:00:00,11.7,1,8.5,131.0
2026-05-16 05:00:00,15.0,0,7.0,295.0
2026-05-16 06:00:00,17.8,0,7.6,465.0
2026-05-16 07:00:00,19.4,0,12.1,623.0
2026-05-16 08:00:00,20.0,0,13.8,753.0
2026-05-16 09:00:00,20.6,0,14.1,843.0
2026-05-16 10:00:00,21.1,2,13.8,886.0
2026-05-16 11:00:00,21.5,2,13.9,880.0
2026-05-16 12:00:00,22.5,0,14.7,827.0
2026-05-16 13:00:00,22.5,0,13.9,729.0
2026-05-16 14:00:00,22.2,2,13.1,593.0
2026-05-16 15:00:00,21.5,2,12.3,432.0
2026-05-16 16:00:00,20.3,9,8.8,262.0
2026-05-16 17:00:00,17.9,13,7.3,104.0
2026-05-16 18:00:00,16.0,27,7.0,9.0
2026-05-16 19:00:00,14.8,28,6.6,0.0
2026-05-16 20:00:00,14.7,71,8.9,0.0
2026-05-16 21:00:00,14.9,77,8.7,0.0
2026-05-16 22:00:00,14.1,76,5.6,0.0
2026-05-16 23:00:00,12.8,40,5.1,0.0
2026-05-17 00:00:00,11.3,4,5.1,0.0
2026-05-17 01:00:00,10.2,13,6.1,0.0
2026-05-17 02:00:00,9.9,41,6.5,0.0
2026-05-17 03:00:00,10.9,43,7.0,18.0
2026-05-17 04:00:00,13.0,66,8.4,128.0
2026-05-17 05:00:00,15.1,19,8.3,281.0
2026-05-17 06:00:00,17.5,46,12.2,455.0
2026-05-17 07:00:00,19.5,95,14.5,597.0
2026-05-17 08:00:00,20.0,100,16.2,632.0
2026-05-17 09:00:00,20.6,100,16.3,721.0
2026-05-17 10:00:00,20.5,99,17.0,687.0
2026-05-17 11:00:00,20.1,98,14.5,514.0
2026-05-17 12:00:00,20.7,100,15.3,652.0
2026-05-17 13:00:00,20.8,100,15.1,486.0
2026-05-17 14:00:00,19.5,100,15.3,265.0
2026-05-17 15:00:00,19.0,100,14.5,274.0
2026-05-17 16:00:00,17.6,100,12.6,78.0
2026-05-17 17:00:00,16.6,98,9.5,15.0
2026-05-17 18:00:00,15.4,96,12.4,6.0
2026-05-17 19:00:00,15.1,100,11.9,0.0
2026-05-17 20:00:00,15.6,100,13.0,0.0
2026-05-17 21:00:00,15.4,95,14.1,0.0
2026-05-17 22:00:00,14.4,99,17.1,0.0
2026-05-17 23:00:00,13.4,100,15.9,0.0
2026-05-18 00:00:00,13.8,100,13.5,0.0
2026-05-18 01:00:00,13.6,100,12.4,0.0
2026-05-18 02:00:00,13.6,100,13.5,0.0
2026-05-18 03:00:00,13.7,100,15.4,6.0
2026-05-18 04:00:00,14.2,100,11.5,46.0
2026-05-18 05:00:00,15.2,100,8.4,145.0
2026-05-18 06:00:00,15.3,100,4.9,258.0
2026-05-18 07:00:00,16.4,57,3.3,221.0
2026-05-18 08:00:00,18.1,56,3.9,593.0
2026-05-18 09:00:00,19.1,100,6.7,516.0
2026-05-18 10:00:00,19.4,100,6.7,329.0
2026-05-18 11:00:00,20.1,100,5.6,391.0
2026-05-18 12:00:00,18.6,100,1.9,371.0
2026-05-18 13:00:00,18.8,100,7.7,528.0
2026-05-18 14:00:00,19.5,99,5.0,382.0
2026-05-18 15:00:00,19.9,99,4.3,315.0
2026-05-18 16:00:00,19.0,99,3.2,144.0
2026-05-18 17:00:00,18.1,100,1.2,60.0
2026-05-18 18:00:00,16.7,100,4.6,7.0
2026-05-18 19:00:00,16.1,97,1.8,0.0
2026-05-18 20:00:00,15.0,91,6.3,0.0
2026-05-18 21:00:00,14.1,96,7.2,0.0
2026-05-18 22:00:00,13.4,36,5.6,0.0
2026-05-18 23:00:00,12.6,75,5.7,0.0
2026-05-19 00:00:00,12.1,79,5.1,0.0
2026-05-19 01:00:00,11.8,99,3.6,0.0
2026-05-19 02:00:00,11.4,100,4.2,0.0
2026-05-19 03:00:00,12.0,100,8.4,17.0
2026-05-19 04:00:00,13.2,100,7.9,97.0
2026-05-19 05:00:00,15.1,99,6.7,206.0
2026-05-19 06:00:00,17.0,100,10.0,326.0
2026-05-19 07:00:00,17.7,100,11.3,275.0
2026-05-19 08:00:00,19.5,100,15.1,499.0
2026-05-19 09:00:00,20.0,100,15.2,448.0
2026-05-19 10:00:00,19.4,100,14.5,278.0
2026-05-19 11:00:00,19.4,100,15.4,390.0
2026-05-19 12:00:00,20.4,98,14.0,511.0
2026-05-19 13:00:00,20.3,45,15.9,426.0
2026-05-19 14:00:00,20.6,45,15.9,521.0
2026-05-19 15:00:00,20.0,20,16.9,353.0
2026-05-19 16:00:00,16.7,96,13.6,252.0
2026-05-19 17:00:00,15.9,70,15.9,48.0
2026-05-19 18:00:00,15.6,37,13.4,8.0
2026-05-19 19:00:00,15.6,25,14.6,0.0
2026-05-19 20:00:00,15.4,14,16.3,0.0
2026-05-19 21:00:00,15.0,46,15.7,0.0
2026-05-19 22:00:00,14.8,22,14.8,0.0
2026-05-19 23:00:00,14.6,5,14.2,0.0
2026-05-20 00:00:00,14.1,0,11.8,0.0
2026-05-20 01:00:00,13.9,2,14.0,0.0
2026-05-20 02:00:00,13.6,5,14.4,0.0
2026-05-20 03:00:00,13.7,26,15.0,21.0
2026-05-20 04:00:00,14.6,5,12.6,126.0
2026-05-20 05:00:00,16.3,27,12.5,285.0
2026-05-20 06:00:00,17.2,84,12.6,436.0
2026-05-20 07:00:00,18.2,57,13.2,369.0
2026-05-20 08:00:00,20.5,50,13.5,542.0
2026-05-20 09:00:00,22.5,33,14.1,761.0
2026-05-20 10:00:00,23.5,59,13.7,871.0
2026-05-20 11:00:00,23.0,96,14.4,753.0
2026-05-20 12:00:00,21.1,98,10.9,502.0
2026-05-20 13:00:00,20.0,99,16.4,445.0
2026-05-20 14:00:00,20.1,100,4.5,314.0
2026-05-20 15:00:00,20.0,100,14.8,223.0
2026-05-20 16:00:00,19.5,99,15.3,180.0
2026-05-20 17:00:00,18.7,94,19.5,74.0
2026-05-20 18:00:00,18.7,98,14.6,9.0
2026-05-20 19:00:00,17.6,80,14.7,0.0
2026-05-20 20:00:00,17.1,59,13.8,0.0
2026-05-20 21:00:00,16.6,85,16.7,0.0
2026-05-20 22:00:00,15.6,98,16.3,0.0
2026-05-20 23:00:00,14.8,92,12.2,0.0
2026-05-21 00:00:00,15.1,25,12.5,0.0
2026-05-21 01:00:00,14.6,14,8.2,0.0
2026-05-21 02:00:00,13.7,22,6.7,0.0
2026-05-21 03:00:00,14.4,20,11.2,22.0
2026-05-21 04:00:00,16.0,3,12.6,132.0
2026-05-21 05:00:00,17.9,40,13.1,287.0
2026-05-21 06:00:00,19.5,20,12.7,450.0
2026-05-21 07:00:00,21.2,5,12.1,601.0
2026-05-21 08:00:00,22.8,20,12.9,728.0
2026-05-21 09:00:00,23.8,13,13.6,805.0
2026-05-21 10:00:00,24.7,87,14.0,852.0
2026-05-21 11:00:00,19.1,100,14.2,708.0
2026-05-21 12:00:00,23.4,98,12.4,350.0
2026-05-21 13:00:00,24.4,100,16.2,563.0
2026-05-21 14:00:00,23.8,98,16.7,430.0
2026-05-21 15:00:00,22.9,98,20.1,266.0
2026-05-21 16:00:00,21.4,96,13.9,167.0
2026-05-21 17:00:00,20.0,88,13.2,81.0
2026-05-21 18:00:00,18.8,99,11.0,11.0
2026-05-21 19:00:00,18.5,100,13.5,0.0
2026-05-21 20:00:00,18.8,100,14.2,0.0
2026-05-21 21:00:00,18.6,99,11.2,0.0
2026-05-21 22:00:00,18.1,99,12.1,0.0
2026-05-21 23:00:00,18.2,84,13.5,0.0
2026-05-22 00:00:00,15.6,0,13.3,0.0
2026-05-22 01:00:00,15.2,1,13.2,0.0
2026-05-22 02:00:00,15.0,12,12.5,0.0
2026-05-22 03:00:00,15.6,32,13.2,24.0
2026-05-22 04:00:00,17.5,20,12.4,138.0
2026-05-22 05:00:00,19.5,11,11.0,292.0
2026-05-22 06:00:00,21.0,40,11.0,424.0
2026-05-22 07:00:00,22.6,25,11.3,540.0
2026-05-22 08:00:00,24.1,26,10.8,645.0
2026-05-22 09:00:00,25.6,9,11.6,787.0
2026-05-22 10:00:00,26.7,1,12.5,835.0
2026-05-22 11:00:00,27.4,19,12.5,865.0
2026-05-22 12:00:00,25.4,41,9.4,769.0
2026-05-22 13:00:00,25.9,22,6.6,603.0
2026-05-22 14:00:00,24.5,13,16.0,515.0
2026-05-22 15:00:00,24.5,13,9.7,415.0
2026-05-22 16:00:00,23.0,6,15.0,266.0
2026-05-22 17:00:00,21.1,7,17.8,116.0
2026-05-22 18:00:00,19.5,16,13.7,15.0
2026-05-22 19:00:00,18.5,55,12.8,0.0
2026-05-22 20:00:00,18.4,97,17.2,0.0
2026-05-22 21:00:00,18.3,96,18.5,0.0
2026-05-22 22:00:00,17.4,91,16.8,0.0
2026-05-22 23:00:00,16.7,28,17.2,0.0
2026-05-23 00:00:00,16.1,5,17.9,0.0
2026-05-23 01:00:00,15.6,17,17.3,0.0
2026-05-23 02:00:00,15.1,7,17.5,0.0
2026-05-23 03:00:00,15.2,34,17.6,25.0
2026-05-23 04:00:00,16.1,34,14.5,129.0
2026-05-23 05:00:00,17.2,9,17.5,275.0
2026-05-23 06:00:00,18.5,14,19.1,413.0
2026-05-23 07:00:00,19.7,19,18.8,573.0
2026-05-23 08:00:00,21.0,6,20.4,709.0
2026-05-23 09:00:00,21.8,7,20.5,808.0
2026-05-23 10:00:00,22.3,5,19.6,851.0
2026-05-23 11:00:00,22.7,5,19.6,861.0
2026-05-23 12:00:00,23.7,5,20.4,815.0
2026-05-23 13:00:00,23.6,61,16.9,716.0
2026-05-23 14:00:00,23.0,51,17.1,548.0
2026-05-23 15:00:00,22.3,27,16.6,395.0
2026-05-23 16:00:00,21.1,36,13.9,241.0
2026-05-23 17:00:00,19.5,37,13.0,112.0
2026-05-23 18:00:00,18.2,12,14.6,16.0
2026-05-23 19:00:00,17.2,4,12.6,0.0
2026-05-23 20:00:00,15.9,1,9.8,0.0
2026-05-23 21:00:00,15.0,0,10.0,0.0
2026-05-23 22:00:00,14.4,0,10.7,0.0
2026-05-23 23:00:00,14.0,14,10.6,0.0
2026-05-24 00:00:00,12.9,0,10.3,0.0
2026-05-24 01:00:00,12.1,0,10.4,0.0
2026-05-24 02:00:00,11.7,0,10.5,0.0
2026-05-24 03:00:00,12.0,0,10.3,28.0
2026-05-24 04:00:00,13.6,0,10.5,148.0
2026-05-24 05:00:00,15.6,0,11.0,309.0
2026-05-24 06:00:00,17.9,0,12.6,477.0
2026-05-24 07:00:00,19.3,2,15.5,631.0
2026-05-24 08:00:00,20.5,66,17.1,756.0
2026-05-24 09:00:00,20.8,96,15.4,711.0
2026-05-24 10:00:00,21.9,100,14.4,730.0
2026-05-24 11:00:00,22.0,49,16.6,688.0
2026-05-24 12:00:00,23.2,33,14.9,729.0
2026-05-24 13:00:00,23.1,51,15.0,672.0
2026-05-24 14:00:00,22.9,73,15.0,563.0
2026-05-24 15:00:00,22.2,40,13.2,400.0
2026-05-24 16:00:00,21.2,60,8.3,183.0
2026-05-24 17:00:00,19.7,29,6.2,86.0
2026-05-24 18:00:00,18.3,7,10.4,14.0
2026-05-24 19:00:00,17.5,4,11.7,0.0
2026-05-24 20:00:00,16.2,32,9.2,0.0
2026-05-24 21:00:00,15.6,41,9.9,0.0
2026-05-24 22:00:00,15.2,9,10.5,0.0
2026-05-24 23:00:00,14.9,3,11.5,0.0
2026-05-25 00:00:00,13.9,3,11.6,0.0
2026-05-25 01:00:00,13.6,9,11.2,0.0
2026-05-25 02:00:00,13.4,3,12.0,0.0
2026-05-25 03:00:00,14.1,37,11.9,28.0
2026-05-25 04:00:00,15.8,38,13.0,138.0
2026-05-25 05:00:00,17.8,94,13.3,287.0
2026-05-25 06:00:00,19.6,100,13.6,429.0
2026-05-25 07:00:00,21.2,100,13.9,563.0
2026-05-25 08:00:00,22.2,98,18.9,642.0
2026-05-25 09:00:00,22.8,100,18.8,740.0
2026-05-25 10:00:00,23.1,100,20.8,754.0
2026-05-25 11:00:00,23.5,100,22.0,758.0
2026-05-25 12:00:00,23.9,100,23.3,660.0
2026-05-25 13:00:00,23.3,100,24.6,596.0
2026-05-25 14:00:00,22.9,99,24.9,550.0
2026-05-25 15:00:00,22.0,100,21.7,359.0
2026-05-25 16:00:00,20.9,100,19.5,165.0
2026-05-25 17:00:00,19.8,99,18.0,91.0
2026-05-25 18:00:00,18.9,98,15.5,15.0
2026-05-25 19:00:00,18.0,89,14.3,0.0
2026-05-25 20:00:00,16.3,98,9.5,0.0
2026-05-25 21:00:00,15.3,93,11.5,0.0
2026-05-25 22:00:00,15.6,93,13.2,0.0
2026-05-25 23:00:00,15.2,98,12.8,0.0
2026-05-26 00:00:00,15.5,98,17.6,0.0
2026-05-26 01:00:00,15.4,94,18.3,0.0
2026-05-26 02:00:00,15.2,53,19.2,0.0
2026-05-26 03:00:00,14.9,79,18.9,27.0
2026-05-26 04:00:00,15.6,11,17.5,137.0
2026-05-26 05:00:00,16.5,13,21.1,299.0
2026-05-26 06:00:00,17.6,17,21.0,452.0
2026-05-26 07:00:00,19.0,2,20.8,595.0
2026-05-26 08:00:00,20.5,0,22.1,752.0
2026-05-26 09:00:00,21.6,12,27.6,835.0
2026-05-26 10:00:00,23.0,80,34.2,882.0
2026-05-26 11:00:00,23.0,100,33.9,570.0
2026-05-26 12:00:00,23.3,97,34.9,415.0
2026-05-26 13:00:00,22.5,100,34.8,353.0
2026-05-26 14:00:00,22.0,71,30.2,282.0
2026-05-26 15:00:00,21.5,69,26.6,247.0
2026-05-26 16:00:00,20.9,64,23.2,208.0
2026-05-26 17:00:00,20.1,19,20.1,85.0
2026-05-26 18:00:00,18.9,19,15.7,16.0
2026-05-26 19:00:00,17.6,19,11.8,0.0
2026-05-26 20:00:00,17.0,98,10.3,0.0
2026-05-26 21:00:00,17.3,51,10.8,0.0
2026-05-26 22:00:00,16.2,100,9.5,0.0
2026-05-26 23:00:00,15.6,31,11.8,0.0
2026-05-27 00:00:00,16.2,92,14.0,0.0
2026-05-27 01:00:00,16.0,55,15.5,0.0
2026-05-27 02:00:00,15.4,37,14.1,0.0
2026-05-27 03:00:00,15.2,25,14.5,29.0
2026-05-27 04:00:00,16.8,39,14.7,143.0
2026-05-27 05:00:00,19.1,40,20.2,293.0
2026-05-27 06:00:00,20.9,32,26.7,450.0
2026-05-27 07:00:00,20.9,73,32.0,515.0
2026-05-27 08:00:00,20.9,50,30.1,459.0
2026-05-27 09:00:00,22.1,47,30.0,649.0
2026-05-27 10:00:00,23.3,98,33.4,745.0
2026-05-27 11:00:00,16.9,100,22.3,369.0
2026-05-27 12:00:00,20.0,9,22.8,517.0
2026-05-27 13:00:00,20.3,48,25.0,695.0
2026-05-27 14:00:00,20.2,63,30.9,459.0
2026-05-27 15:00:00,19.8,41,27.7,380.0
2026-05-27 16:00:00,18.5,57,24.0,261.0
2026-05-27 17:00:00,17.6,22,18.1,115.0
2026-05-27 18:00:00,16.1,7,17.4,20.0
2026-05-27 19:00:00,15.1,12,15.7,0.0
2026-05-27 20:00:00,13.9,2,12.8,0.0
2026-05-27 21:00:00,12.9,4,12.6,0.0
2026-05-27 22:00:00,12.1,2,13.0,0.0
2026-05-27 23:00:00,11.5,5,13.2,0.0
2026-05-28 00:00:00,10.2,0,11.8,0.0
2026-05-28 01:00:00,9.9,0,13.0,0.0
2026-05-28 02:00:00,9.2,0,12.7,0.0
2026-05-28 03:00:00,9.4,0,13.5,33.0
2026-05-28 04:00:00,10.6,0,13.7,160.0
2026-05-28 05:00:00,11.9,0,17.1,324.0
2026-05-28 06:00:00,13.1,24,18.3,492.0
2026-05-28 07:00:00,13.8,27,18.8,592.0
2026-05-28 08:00:00,14.4,93,21.8,715.0
2026-05-28 09:00:00,11.6,97,23.7,748.0
2026-05-28 10:00:00,10.3,12,23.2,643.0
2026-05-28 11:00:00,13.9,9,26.2,781.0
2026-05-28 12:00:00,15.4,16,25.0,803.0
2026-05-28 13:00:00,15.6,20,25.1,721.0
2026-05-28 14:00:00,14.2,2,26.2,561.0
2026-05-28 15:00:00,14.3,15,25.5,434.0
2026-05-28 16:00:00,13.9,16,21.9,269.0
2026-05-28 17:00:00,12.9,16,18.1,125.0
2026-05-28 18:00:00,11.9,6,13.9,21.0
2026-05-28 19:00:00,10.8,24,8.8,0.0
2026-05-28 20:00:00,11.1,70,16.5,0.0
2026-05-28 21:00:00,10.3,59,15.8,0.0
2026-05-28 22:00:00,9.2,19,17.0,0.0
2026-05-28 23:00:00,8.6,36,16.2,0.0
2026-05-29 00:00:00,8.0,35,15.2,0.0
2026-05-29 01:00:00,7.7,8,14.8,0.0
2026-05-29 02:00:00,7.3,3,15.0,0.0
2026-05-29 03:00:00,7.7,1,15.7,33.0
2026-05-29 04:00:00,8.8,2,17.1,156.0
2026-05-29 05:00:00,10.1,4,19.0,318.0
2026-05-29 06:00:00,11.1,9,19.9,487.0
2026-05-29 07:00:00,12.6,26,23.7,636.0
2026-05-29 08:00:00,13.7,13,25.9,700.0
2026-05-29 09:00:00,14.4,24,26.6,822.0
2026-05-29 10:00:00,14.9,53,25.6,843.0
2026-05-29 11:00:00,15.2,30,26.5,759.0
2026-05-29 12:00:00,14.8,40,26.5,788.0
2026-05-29 13:00:00,13.6,62,24.1,594.0
2026-05-29 14:00:00,13.8,80,26.5,567.0
2026-05-29 15:00:00,13.2,38,24.9,284.0
2026-05-29 16:00:00,11.5,90,18.1,239.0
2026-05-29 17:00:00,11.3,98,15.3,91.0
2026-05-29 18:00:00,9.9,94,14.5,16.0
2026-05-29 19:00:00,9.4,92,6.5,0.0
2026-05-29 20:00:00,8.6,95,12.3,0.0
2026-05-29 21:00:00,8.4,100,14.8,0.0
2026-05-29 22:00:00,8.2,100,14.5,0.0
2026-05-29 23:00:00,8.4,100,14.0,0.0
2026-05-30 00:00:00,8.1,100,14.3,0.0
2026-05-30 01:00:00,7.8,100,13.4,0.0
2026-05-30 02:00:00,7.8,100,15.6,0.0
2026-05-30 03:00:00,7.8,100,9.0,4.0
2026-05-30 04:00:00,7.8,100,11.5,38.0
2026-05-30 05:00:00,8.1,100,13.4,121.0
2026-05-30 06:00:00,9.2,100,14.7,304.0
2026-05-30 07:00:00,10.1,100,15.0,496.0
2026-05-30 08:00:00,11.1,100,16.4,526.0
2026-05-30 09:00:00,11.9,78,14.2,513.0
2026-05-30 10:00:00,13.6,100,15.8,766.0
2026-05-30 11:00:00,12.8,100,16.5,388.0
2026-05-30 12:00:00,14.2,98,16.5,306.0
2026-05-30 13:00:00,14.2,98,16.3,555.0
2026-05-30 14:00:00,12.5,91,19.7,469.0
2026-05-30 15:00:00,12.6,86,18.9,349.0
2026-05-30 16:00:00,11.8,98,16.2,180.0
2026-05-30 17:00:00,11.6,100,9.3,77.0
2026-05-30 18:00:00,10.2,100,6.5,15.0
2026-05-30 19:00:00,9.9,100,6.8,0.0
2026-05-30 20:00:00,9.5,89,5.5,0.0
2026-05-30 21:00:00,8.6,100,4.9,0.0
2026-05-30 22:00:00,8.9,100,1.9,0.0
2026-05-30 23:00:00,8.9,100,2.7,0.0
2026-05-31 00:00:00,9.1,100,4.0,0.0
2026-05-31 01:00:00,8.8,100,5.8,0.0
2026-05-31 02:00:00,8.7,100,6.8,0.0
2026-05-31 03:00:00,8.8,100,5.7,8.0
2026-05-31 04:00:00,9.1,100,2.7,51.0
2026-05-31 05:00:00,9.3,100,2.2,66.0
2026-05-31 06:00:00,9.4,100,1.5,91.0
2026-05-31 07:00:00,9.8,100,1.9,198.0
2026-05-31 08:00:00,10.9,95,3.5,350.0
2026-05-31 09:00:00,11.8,91,6.0,397.0
2026-05-31 10:00:00,12.1,100,8.7,368.0
2026-05-31 11:00:00,11.8,100,10.5,240.0
2026-05-31 12:00:00,12.4,100,9.0,296.0
2026-05-31 13:00:00,12.4,100,8.0,212.0
2026-05-31 14:00:00,12.2,100,7.7,139.0
2026-05-31 15:00:00,12.1,100,7.5,109.0
2026-05-31 16:00:00,12.1,92,5.2,85.0
2026-05-31 17:00:00,11.7,25,4.2,76.0
2026-05-31 18:00:00,9.9,23,5.6,23.0
2026-05-31 19:00:00,9.1,14,6.1,0.0
2026-05-31 20:00:00,8.3,6,6.2,0.0
2026-05-31 21:00:00,7.8,3,4.5,0.0
2026-05-31 22:00:00,7.1,1,5.3,0.0
2026-05-31 23:00:00,6.5,1,5.0,0.0
2026-06-01 00:00:00,6.0,1,5.7,0.0
2026-06-01 01:00:00,5.8,2,6.3,0.0
2026-06-01 02:00:00,5.3,2,6.1,0.0
2026-06-01 03:00:00,6.6,1,6.7,36.0
2026-06-01 04:00:00,8.8,0,6.5,162.0
2026-06-01 05:00:00,11.2,0,5.2,325.0
2026-06-01 06:00:00,13.6,0,8.3,494.0
2026-06-01 07:00:00,14.9,0,7.6,649.0
2026-06-01 08:00:00,15.9,4,5.6,772.0
2026-06-01 09:00:00,17.1,26,4.5,795.0
2026-06-01 10:00:00,17.7,70,3.8,754.0
2026-06-01 11:00:00,17.7,99,1.8,550.0
2026-06-01 12:00:00,19.0,91,3.5,543.0
2026-06-01 13:00:00,19.0,98,5.9,577.0
2026-06-01 14:00:00,18.6,79,7.5,423.0
2026-06-01 15:00:00,18.4,14,7.6,342.0
2026-06-01 16:00:00,17.6,1,6.9,266.0
2026-06-01 17:00:00,15.6,0,5.3,144.0
2026-06-01 18:00:00,13.9,0,3.0,27.0
2026-06-01 19:00:00,13.6,0,1.1,0.0
2026-06-01 20:00:00,12.9,75,0.6,0.0
2026-06-01 21:00:00,11.9,96,2.3,0.0
2026-06-01 22:00:00,10.5,97,4.9,0.0
2026-06-01 23:00:00,9.5,88,8.3,0.0
2026-06-02 00:00:00,8.9,89,7.2,0.0
2026-06-02 01:00:00,8.4,57,7.4,0.0
2026-06-02 02:00:00,8.1,55,8.6,0.0
2026-06-02 03:00:00,9.2,63,7.2,37.0
2026-06-02 04:00:00,12.0,38,10.6,162.0
2026-06-02 05:00:00,14.5,32,7.4,326.0
2026-06-02 06:00:00,17.4,59,6.6,494.0
2026-06-02 07:00:00,19.1,46,13.2,639.0
2026-06-02 08:00:00,20.0,69,15.8,767.0
2026-06-02 09:00:00,20.5,97,16.7,849.0
2026-06-02 10:00:00,21.1,98,16.9,868.0
2026-06-02 11:00:00,21.1,100,19.1,811.0
2026-06-02 12:00:00,21.5,100,18.3,717.0
2026-06-02 13:00:00,21.1,100,19.0,494.0
2026-06-02 14:00:00,20.9,100,19.3,421.0
2026-06-02 15:00:00,19.6,100,19.4,262.0
2026-06-02 16:00:00,18.9,93,15.0,229.0
2026-06-02 17:00:00,17.5,95,13.8,125.0
2026-06-02 18:00:00,15.6,99,11.8,25.0
2026-06-02 19:00:00,15.2,100,13.2,0.0
2026-06-02 20:00:00,15.1,100,16.8,0.0
2026-06-02 21:00:00,14.7,100,15.1,0.0
2026-06-02 22:00:00,14.6,100,18.1,0.0
2026-06-02 23:00:00,13.2,100,17.2,0.0
2026-06-03 00:00:00,12.2,100,11.9,0.0
2026-06-03 01:00:00,11.6,100,14.7,0.0
2026-06-03 02:00:00,11.4,100,14.3,0.0
2026-06-03 03:00:00,11.4,100,13.6,6.0
2026-06-03 04:00:00,11.4,100,14.4,22.0
2026-06-03 05:00:00,11.9,100,14.0,61.0
2026-06-03 06:00:00,12.2,100,16.0,75.0
2026-06-03 07:00:00,13.1,100,14.9,121.0
2026-06-03 08:00:00,13.6,100,15.1,147.0
2026-06-03 09:00:00,14.3,100,13.6,193.0
2026-06-03 10:00:00,15.6,100,16.7,292.0
2026-06-03 11:00:00,16.4,98,16.0,254.0
2026-06-03 12:00:00,17.0,100,14.2,400.0
2026-06-03 13:00:00,17.0,99,13.7,164.0
2026-06-03 14:00:00,17.2,100,13.1,142.0
2026-06-03 15:00:00,17.0,100,12.5,101.0
2026-06-03 16:00:00,16.9,100,8.2,77.0
2026-06-03 17:00:00,16.6,100,3.0,71.0
2026-06-03 18:00:00,15.8,100,4.5,12.0
2026-06-03 19:00:00,15.6,100,5.8,0.0
2026-06-03 20:00:00,14.6,100,4.5,0.0
2026-06-03 21:00:00,14.5,100,1.3,0.0
2026-06-03 22:00:00,14.2,100,2.4,0.0
2026-06-03 23:00:00,13.2,100,4.4,0.0
2026-06-04 00:00:00,13.4,95,6.9,0.0
2026-06-04 01:00:00,13.0,93,6.3,0.0
2026-06-04 02:00:00,13.0,98,6.6,0.0
2026-06-04 03:00:00,13.7,100,7.2,13.0
2026-06-04 04:00:00,14.4,100,6.6,55.0
2026-06-04 05:00:00,15.9,100,5.8,157.0
2026-06-04 06:00:00,16.8,62,5.6,239.0
2026-06-04 07:00:00,17.9,82,7.3,467.0
2026-06-04 08:00:00,18.2,96,8.3,452.0
2026-06-04 09:00:00,18.6,61,6.4,408.0
2026-06-04 10:00:00,20.0,70,6.1,646.0
2026-06-04 11:00:00,20.5,75,6.9,675.0
2026-06-04 12:00:00,20.9,43,7.0,562.0
2026-06-04 13:00:00,20.9,38,6.3,593.0
2026-06-04 14:00:00,21.1,29,5.8,522.0
2026-06-04 15:00:00,20.6,55,5.2,399.0
2026-06-04 16:00:00,20.1,20,5.4,252.0
2026-06-04 17:00:00,18.9,7,5.6,121.0
2026-06-04 18:00:00,17.3,42,7.0,26.0
2026-06-04 19:00:00,16.4,88,7.2,0.0
2026-06-04 20:00:00,15.4,93,4.2,0.0
2026-06-04 21:00:00,14.9,85,4.4,0.0
2026-06-04 22:00:00,14.3,99,6.4,0.0
2026-06-04 23:00:00,14.1,98,6.0,0.0
2026-06-05 00:00:00,13.9,98,6.7,0.0
2026-06-05 01:00:00,13.6,99,6.2,0.0
2026-06-05 02:00:00,13.1,98,6.0,0.0
2026-06-05 03:00:00,13.9,82,8.1,29.0
2026-06-05 04:00:00,15.6,5,8.4,140.0
2026-06-05 05:00:00,17.7,5,7.8,317.0
2026-06-05 06:00:00,19.8,23,9.7,478.0
2026-06-05 07:00:00,21.2,13,9.6,625.0
2026-06-05 08:00:00,22.1,19,9.5,719.0
2026-06-05 09:00:00,22.8,22,7.5,795.0
2026-06-05 10:00:00,23.5,13,6.4,798.0
2026-06-05 11:00:00,24.1,13,6.1,828.0
2026-06-05 12:00:00,25.1,13,7.7,748.0
2026-06-05 13:00:00,25.2,63,7.5,664.0
2026-06-05 14:00:00,25.1,79,8.5,574.0
2026-06-05 15:00:00,24.6,41,8.7,421.0
2026-06-05 16:00:00,23.9,52,7.8,259.0
2026-06-05 17:00:00,22.3,100,4.4,131.0
2026-06-05 18:00:00,20.9,98,4.3,25.0
2026-06-05 19:00:00,19.6,98,7.4,0.0
2026-06-05 20:00:00,18.6,99,8.5,0.0
2026-06-05 21:00:00,18.0,100,8.6,0.0
2026-06-05 22:00:00,17.5,100,9.4,0.0
2026-06-05 23:00:00,17.5,89,9.9,0.0
2026-06-06 00:00:00,17.0,54,10.0,0.0
2026-06-06 01:00:00,16.4,75,9.6,0.0
2026-06-06 02:00:00,16.0,54,9.5,0.0
2026-06-06 03:00:00,16.8,37,11.0,37.0
2026-06-06 04:00:00,18.4,68,10.8,152.0
2026-06-06 05:00:00,20.4,89,8.1,303.0
2026-06-06 06:00:00,22.5,97,6.0,425.0
2026-06-06 07:00:00,24.2,100,6.9,549.0
2026-06-06 08:00:00,25.4,100,9.3,647.0
2026-06-06 09:00:00,25.9,100,9.7,695.0
2026-06-06 10:00:00,26.0,100,9.4,707.0
2026-06-06 11:00:00,26.2,40,9.2,692.0
2026-06-06 12:00:00,26.8,52,9.6,764.0
2026-06-06 13:00:00,26.8,73,8.5,654.0
2026-06-06 14:00:00,26.7,88,8.9,568.0
2026-06-06 15:00:00,25.9,100,9.5,386.0
2026-06-06 16:00:00,24.8,100,4.7,129.0
2026-06-06 17:00:00,22.8,100,5.4,73.0
2026-06-06 18:00:00,20.9,100,10.1,15.0
2026-06-06 19:00:00,20.1,100,8.9,0.0
2026-06-06 20:00:00,19.4,100,8.8,0.0
2026-06-06 21:00:00,19.0,100,7.9,0.0
2026-06-06 22:00:00,18.4,100,7.4,0.0
2026-06-06 23:00:00,18.0,99,6.5,0.0
2026-06-07 00:00:00,18.0,100,9.4,0.0
2026-06-07 01:00:00,17.8,100,9.3,0.0
2026-06-07 02:00:00,17.3,98,3.7,0.0
2026-06-07 03:00:00,17.5,98,9.2,20.0
2026-06-07 04:00:00,18.7,95,8.8,117.0
2026-06-07 05:00:00,20.2,79,7.1,238.0
2026-06-07 06:00:00,21.0,94,7.6,374.0
2026-06-07 07:00:00,22.4,88,7.5,508.0
2026-06-07 08:00:00,24.0,100,12.8,623.0
2026-06-07 09:00:00,18.8,100,14.9,177.0
2026-06-07 10:00:00,19.7,97,10.8,273.0
2026-06-07 11:00:00,20.0,100,11.4,664.0
2026-06-07 12:00:00,19.0,100,8.6,277.0
2026-06-07 13:00:00,21.6,100,10.3,539.0
2026-06-07 14:00:00,19.0,100,11.7,326.0
2026-06-07 15:00:00,19.7,98,8.7,214.0
2026-06-07 16:00:00,18.1,100,12.2,175.0
2026-06-07 17:00:00,17.1,90,8.8,88.0
2026-06-07 18:00:00,17.0,95,9.4,23.0
2026-06-07 19:00:00,16.9,91,9.6,0.0
2026-06-07 20:00:00,16.6,91,9.6,0.0
2026-06-07 21:00:00,16.4,85,9.7,0.0
2026-06-07 22:00:00,16.0,99,8.7,0.0
2026-06-07 23:00:00,15.9,100,8.2,0.0
2026-06-08 00:00:00,15.8,100,8.5,0.0
2026-06-08 01:00:00,16.0,100,8.2,0.0
2026-06-08 02:00:00,16.1,100,6.9,0.0
2026-06-08 03:00:00,16.4,100,5.6,9.0
2026-06-08 04:00:00,16.8,100,1.4,55.0
2026-06-08 05:00:00,17.1,100,3.8,92.0
2026-06-08 06:00:00,17.5,99,6.3,124.0
2026-06-08 07:00:00,17.8,98,11.9,268.0
2026-06-08 08:00:00,17.8,100,17.5,324.0
2026-06-08 09:00:00,17.6,98,18.7,327.0
2026-06-08 10:00:00,17.7,98,21.5,382.0
2026-06-08 11:00:00,18.3,95,22.2,379.0
2026-06-08 12:00:00,19.5,98,23.6,569.0
2026-06-08 13:00:00,19.8,98,22.5,570.0
2026-06-08 14:00:00,20.0,97,19.6,450.0
2026-06-08 15:00:00,19.9,90,18.3,353.0
2026-06-08 16:00:00,19.6,99,17.9,248.0
2026-06-08 17:00:00,18.8,81,13.1,133.0
2026-06-08 18:00:00,17.5,92,10.7,28.0
2026-06-08 19:00:00,16.6,52,11.7,0.0
2026-06-08 20:00:00,16.4,43,12.8,0.0
2026-06-08 21:00:00,15.6,16,10.9,0.0
2026-06-08 22:00:00,15.2,2,12.7,0.0
2026-06-08 23:00:00,14.9,2,13.3,0.0
2026-06-09 00:00:00,14.4,5,13.0,0.0
2026-06-09 01:00:00,14.1,9,13.0,0.0
2026-06-09 02:00:00,13.9,2,13.0,0.0
2026-06-09 03:00:00,14.4,2,14.1,40.0
2026-06-09 04:00:00,15.8,1,13.4,162.0
2026-06-09 05:00:00,17.5,7,14.4,325.0
2026-06-09 06:00:00,19.2,10,14.4,460.0
2026-06-09 07:00:00,20.4,8,15.1,611.0
2026-06-09 08:00:00,21.0,21,17.3,737.0
2026-06-09 09:00:00,21.6,26,17.2,806.0
2026-06-09 10:00:00,22.1,59,17.0,835.0
2026-06-09 11:00:00,22.2,69,16.4,783.0
2026-06-09 12:00:00,23.3,19,15.1,725.0
2026-06-09 13:00:00,23.4,19,14.3,685.0
2026-06-09 14:00:00,23.1,9,13.7,580.0
2026-06-09 15:00:00,22.6,14,12.8,438.0
2026-06-09 16:00:00,22.1,5,8.0,294.0
2026-06-09 17:00:00,20.7,5,3.7,148.0
2026-06-09 18:00:00,19.0,4,3.8,33.0
2026-06-09 19:00:00,18.2,5,2.3,0.0
2026-06-09 20:00:00,17.6,3,1.5,0.0
2026-06-09 21:00:00,16.6,3,2.8,0.0
2026-06-09 22:00:00,15.6,3,4.7,0.0
2026-06-09 23:00:00,14.7,3,4.7,0.0
2026-06-10 00:00:00,13.6,2,5.8,0.0
2026-06-10 01:00:00,13.2,2,5.9,0.0
2026-06-10 02:00:00,13.0,2,6.0,0.0
2026-06-10 03:00:00,14.4,1,6.5,41.0
2026-06-10 04:00:00,16.8,1,6.3,165.0
2026-06-10 05:00:00,19.1,1,5.6,323.0
2026-06-10 06:00:00,21.3,0,6.9,485.0
2026-06-10 07:00:00,22.5,7,7.0,639.0
2026-06-10 08:00:00,23.4,32,7.8,736.0
2026-06-10 09:00:00,23.9,21,7.7,755.0
2026-06-10 10:00:00,24.2,27,8.0,787.0
2026-06-10 11:00:00,24.5,27,7.9,810.0
2026-06-10 12:00:00,25.1,28,6.8,737.0
2026-06-10 13:00:00,25.0,11,7.1,614.0
2026-06-10 14:00:00,24.9,4,6.9,586.0
2026-06-10 15:00:00,24.6,4,5.8,463.0
2026-06-10 16:00:00,23.9,4,4.7,305.0
2026-06-10 17:00:00,22.5,4,1.2,152.0
2026-06-10 18:00:00,20.8,5,0.3,35.0
2026-06-10 19:00:00,20.0,2,0.4,0.0
2026-06-10 20:00:00,19.0,2,0.7,0.0
2026-06-10 21:00:00,17.8,2,2.0,0.0
2026-06-10 22:00:00,16.6,2,6.0,0.0
2026-06-10 23:00:00,16.3,2,7.2,0.0
2026-06-11 00:00:00,15.3,2,5.0,0.0
2026-06-11 01:00:00,14.9,8,3.0,0.0
2026-06-11 02:00:00,14.4,1,4.1,0.0
2026-06-11 03:00:00,15.4,1,6.9,41.0
2026-06-11 04:00:00,17.8,1,8.3,165.0
2026-06-11 05:00:00,20.2,1,7.9,322.0
2026-06-11 06:00:00,23.0,5,10.7,485.0
2026-06-11 07:00:00,24.6,20,13.1,632.0
2026-06-11 08:00:00,25.5,20,13.5,683.0
2026-06-11 09:00:00,26.0,16,13.5,750.0
2026-06-11 10:00:00,26.4,12,12.8,751.0
2026-06-11 11:00:00,26.6,24,11.8,786.0
2026-06-11 12:00:00,27.4,21,11.4,776.0
2026-06-11 13:00:00,27.4,14,10.5,673.0
2026-06-11 14:00:00,27.1,12,9.5,585.0
2026-06-11 15:00:00,26.6,9,8.7,439.0
2026-06-11 16:00:00,25.8,13,7.5,283.0
2026-06-11 17:00:00,23.9,21,6.0,143.0
2026-06-11 18:00:00,22.0,23,6.3,33.0
2026-06-11 19:00:00,21.3,22,5.1,0.0
2026-06-11 20:00:00,20.8,20,3.1,0.0
2026-06-11 21:00:00,20.1,17,2.6,0.0
2026-06-11 22:00:00,19.5,20,1.5,0.0
2026-06-11 23:00:00,19.1,6,1.3,0.0
2026-06-12 00:00:00,17.5,2,2.4,0.0
2026-06-12 01:00:00,16.5,7,6.7,0.0
2026-06-12 02:00:00,16.0,4,6.4,0.0
2026-06-12 03:00:00,16.7,5,8.6,40.0
2026-06-12 04:00:00,18.1,4,6.9,161.0
2026-06-12 05:00:00,20.1,2,6.4,318.0
2026-06-12 06:00:00,21.8,3,8.1,475.0
2026-06-12 07:00:00,23.8,2,7.0,624.0
2026-06-12 08:00:00,25.1,4,4.8,750.0
2026-06-12 09:00:00,26.2,37,2.3,819.0
2026-06-12 10:00:00,27.1,100,4.4,823.0
2026-06-12 11:00:00,25.8,89,4.0,347.0
2026-06-12 12:00:00,20.9,98,13.2,425.0
2026-06-12 13:00:00,21.0,98,18.3,528.0
2026-06-12 14:00:00,20.2,100,21.5,405.0
2026-06-12 15:00:00,18.8,100,21.6,320.0
2026-06-12 16:00:00,17.2,99,18.9,195.0
2026-06-12 17:00:00,15.9,100,19.4,85.0
2026-06-12 18:00:00,14.2,100,19.9,18.0
2026-06-12 19:00:00,13.2,100,19.9,0.0
2026-06-12 20:00:00,12.6,100,19.3,0.0
2026-06-12 21:00:00,12.2,100,19.8,0.0
2026-06-12 22:00:00,12.0,100,19.1,0.0
2026-06-12 23:00:00,11.7,100,18.7,0.0
2026-06-13 00:00:00,11.8,100,18.8,0.0
2026-06-13 01:00:00,11.4,100,19.1,0.0
2026-06-13 02:00:00,11.2,100,20.0,0.0
2026-06-13 03:00:00,11.1,98,19.2,19.0
2026-06-13 04:00:00,11.0,85,17.8,83.0
2026-06-13 05:00:00,12.2,99,20.3,260.0
2026-06-13 06:00:00,13.5,98,19.4,397.0
2026-06-13 07:00:00,14.9,73,19.4,546.0
2026-06-13 08:00:00,16.9,73,19.2,732.0
2026-06-13 09:00:00,18.0,70,19.0,781.0
2026-06-13 10:00:00,19.0,38,19.0,849.0
2026-06-13 11:00:00,19.7,43,18.5,781.0
2026-06-13 12:00:00,20.4,71,18.3,605.0
2026-06-13 13:00:00,20.3,44,17.6,661.0
2026-06-13 14:00:00,20.3,27,16.2,558.0
2026-06-13 15:00:00,19.7,2,16.9,468.0
2026-06-13 16:00:00,19.0,16,13.1,315.0
2026-06-13 17:00:00,17.5,4,5.8,154.0
2026-06-13 18:00:00,15.9,2,3.3,38.0
2026-06-13 19:00:00,15.0,2,2.6,0.0
2026-06-13 20:00:00,13.9,3,3.7,0.0
2026-06-13 21:00:00,13.0,5,6.0,0.0
2026-06-13 22:00:00,12.7,7,6.2,0.0
2026-06-13 23:00:00,12.6,11,6.9,0.0
2026-06-14 00:00:00,12.4,22,8.8,0.0
2026-06-14 01:00:00,11.9,70,9.2,0.0
2026-06-14 02:00:00,11.9,64,10.3,0.0
2026-06-14 03:00:00,13.0,73,11.3,37.0
2026-06-14 04:00:00,14.6,55,10.6,137.0
2026-06-14 05:00:00,16.5,2,12.2,307.0
2026-06-14 06:00:00,18.3,0,11.7,484.0
2026-06-14 07:00:00,19.6,30,13.1,633.0
2026-06-14 08:00:00,20.7,13,13.3,713.0
2026-06-14 09:00:00,21.8,28,16.3,762.0
2026-06-14 10:00:00,22.5,86,18.3,856.0
2026-06-14 11:00:00,22.5,100,20.9,762.0
2026-06-14 12:00:00,18.1,68,8.2,234.0
2026-06-14 13:00:00,15.9,95,20.9,665.0
2026-06-14 14:00:00,16.8,76,9.2,391.0
2026-06-14 15:00:00,18.3,58,10.5,391.0
2026-06-14 16:00:00,18.4,6,9.4,260.0
2026-06-14 17:00:00,17.5,4,5.9,152.0
2026-06-14 18:00:00,15.6,23,7.0,37.0
2026-06-14 19:00:00,14.9,27,8.2,0.0
2026-06-14 20:00:00,14.1,26,6.4,0.0
2026-06-14 21:00:00,13.7,33,2.3,0.0
2026-06-14 22:00:00,12.7,98,4.2,0.0
2026-06-14 23:00:00,13.2,99,13.3,0.0
2026-06-15 00:00:00,12.6,100,13.6,0.0
2026-06-15 01:00:00,12.1,100,14.0,0.0
2026-06-15 02:00:00,11.7,100,14.8,0.0
2026-06-15 03:00:00,11.6,64,6.3,10.0
2026-06-15 04:00:00,12.1,2,6.0,118.0
2026-06-15 05:00:00,13.4,1,11.0,335.0
2026-06-15 06:00:00,14.9,27,14.8,495.0
2026-06-15 07:00:00,15.9,25,14.4,578.0
2026-06-15 08:00:00,17.0,21,17.6,688.0
2026-06-15 09:00:00,17.7,34,19.8,794.0
2026-06-15 10:00:00,18.2,36,21.8,788.0
2026-06-15 11:00:00,18.6,23,20.7,765.0
2026-06-15 12:00:00,19.1,25,21.5,743.0
2026-06-15 13:00:00,19.0,35,20.5,672.0
2026-06-15 14:00:00,18.8,24,18.5,504.0
2026-06-15 15:00:00,18.7,23,18.0,409.0
2026-06-15 16:00:00,18.1,16,15.0,289.0
2026-06-15 17:00:00,17.1,27,13.7,155.0
2026-06-15 18:00:00,15.6,9,14.3,38.0
2026-06-15 19:00:00,14.5,5,13.6,0.0
2026-06-15 20:00:00,13.8,6,12.6,0.0
2026-06-15 21:00:00,13.2,2,12.5,0.0
2026-06-15 22:00:00,12.6,2,12.1,0.0
2026-06-15 23:00:00,11.9,1,11.6,0.0
2026-06-16 00:00:00,11.4,2,10.4,0.0
2026-06-16 01:00:00,11.0,1,10.5,0.0
2026-06-16 02:00:00,10.6,0,10.9,0.0
2026-06-16 03:00:00,11.4,9,12.1,43.0
2026-06-16 04:00:00,12.9,1,11.6,164.0
2026-06-16 05:00:00,14.5,0,12.4,326.0
2026-06-16 06:00:00,15.9,5,14.4,489.0
2026-06-16 07:00:00,16.6,43,18.0,636.0
2026-06-16 08:00:00,17.4,18,18.7,655.0
2026-06-16 09:00:00,18.5,77,19.8,796.0
2026-06-16 10:00:00,19.0,98,20.8,795.0
2026-06-16 11:00:00,19.6,91,20.9,816.0
2026-06-16 12:00:00,19.2,68,23.8,752.0
2026-06-16 13:00:00,19.0,31,25.6,679.0
2026-06-16 14:00:00,17.8,20,23.5,562.0
2026-06-16 15:00:00,18.2,14,20.0,408.0
2026-06-16 16:00:00,18.0,51,16.6,297.0
2026-06-16 17:00:00,16.5,3,13.3,122.0
2026-06-16 18:00:00,13.8,21,5.9,39.0
2026-06-16 19:00:00,13.4,19,5.7,0.0
2026-06-16 20:00:00,13.2,11,8.7,0.0
2026-06-16 21:00:00,13.2,8,11.0,0.0
2026-06-16 22:00:00,12.9,10,11.6,0.0
2026-06-16 23:00:00,12.4,8,10.9,0.0
2026-06-17 00:00:00,11.0,2,9.9,0.0
2026-06-17 01:00:00,10.5,0,9.1,0.0
2026-06-17 02:00:00,10.1,20,10.3,0.0
2026-06-17 03:00:00,11.2,38,10.8,42.0
2026-06-17 04:00:00,12.9,100,11.0,133.0
2026-06-17 05:00:00,13.6,97,8.5,103.0
2026-06-17 06:00:00,14.4,79,9.8,296.0
2026-06-17 07:00:00,16.6,35,13.0,447.0
2026-06-17 08:00:00,17.7,20,14.7,601.0
2026-06-17 09:00:00,19.2,54,14.9,805.0
2026-06-17 10:00:00,19.9,38,16.7,773.0
2026-06-17 11:00:00,21.2,23,17.7,813.0
2026-06-17 12:00:00,22.0,48,18.5,739.0
2026-06-17 13:00:00,21.6,16,17.0,602.0
2026-06-17 14:00:00,21.5,13,17.2,606.0
2026-06-17 15:00:00,21.0,28,15.1,463.0
2026-06-17 16:00:00,20.0,33,10.5,274.0
2026-06-17 17:00:00,18.5,93,11.6,134.0
2026-06-17 18:00:00,16.8,99,9.1,33.0
2026-06-17 19:00:00,16.5,21,10.0,0.0
2026-06-17 20:00:00,15.1,96,9.0,0.0
2026-06-17 21:00:00,14.6,30,11.0,0.0
2026-06-17 22:00:00,13.6,7,10.5,0.0
2026-06-17 23:00:00,12.5,0,9.3,0.0
2026-06-18 00:00:00,11.9,0,11.2,0.0
2026-06-18 01:00:00,11.4,1,10.5,0.0
2026-06-18 02:00:00,10.7,0,7.6,0.0
2026-06-18 03:00:00,11.4,0,8.8,43.0
2026-06-18 04:00:00,13.1,0,8.0,169.0
2026-06-18 05:00:00,14.9,76,9.7,327.0
2026-06-18 06:00:00,17.1,70,11.5,482.0
2026-06-18 07:00:00,18.3,44,13.1,626.0
2026-06-18 08:00:00,19.2,87,14.3,705.0
2026-06-18 09:00:00,19.9,94,14.6,745.0
2026-06-18 10:00:00,20.8,60,14.9,789.0
2026-06-18 11:00:00,21.0,47,14.8,711.0
2026-06-18 12:00:00,21.5,57,15.3,696.0
2026-06-18 13:00:00,21.8,22,15.6,671.0
2026-06-18 14:00:00,22.0,35,16.4,576.0
2026-06-18 15:00:00,21.5,25,14.8,370.0
2026-06-18 16:00:00,20.9,39,11.9,250.0
2026-06-18 17:00:00,19.5,11,10.7,138.0
2026-06-18 18:00:00,17.5,4,9.0,38.0
2026-06-18 19:00:00,16.9,2,10.6,0.0
2026-06-18 20:00:00,15.9,2,9.5,0.0
2026-06-18 21:00:00,14.8,4,7.4,0.0
2026-06-18 22:00:00,14.2,4,5.5,0.0
2026-06-18 23:00:00,13.4,2,6.6,0.0
2026-06-19 00:00:00,12.0,6,6.8,0.0
2026-06-19 01:00:00,11.9,0,7.2,0.0
2026-06-19 02:00:00,11.6,2,6.7,0.0
2026-06-19 03:00:00,12.9,23,7.1,43.0
2026-06-19 04:00:00,15.4,29,7.5,166.0
2026-06-19 05:00:00,17.8,1,5.3,320.0
2026-06-19 06:00:00,20.5,19,7.4,485.0
2026-06-19 07:00:00,22.1,28,7.9,623.0
2026-06-19 08:00:00,23.1,23,7.4,734.0
2026-06-19 09:00:00,24.0,26,9.4,847.0
2026-06-19 10:00:00,24.4,64,10.4,775.0
2026-06-19 11:00:00,24.1,28,11.8,598.0
2026-06-19 12:00:00,24.1,27,13.3,688.0
2026-06-19 13:00:00,24.0,23,13.4,638.0
2026-06-19 14:00:00,24.1,21,12.1,572.0
2026-06-19 15:00:00,23.9,14,11.0,431.0
2026-06-19 16:00:00,23.3,27,7.8,302.0
2026-06-19 17:00:00,21.6,17,6.5,157.0
2026-06-19 18:00:00,19.5,9,7.1,40.0
2026-06-19 19:00:00,18.5,4,7.0,0.0
2026-06-19 20:00:00,17.7,5,6.7,0.0
2026-06-19 21:00:00,17.0,4,6.2,0.0
2026-06-19 22:00:00,16.2,2,5.6,0.0
2026-06-19 23:00:00,15.8,2,3.1,0.0
2026-06-20 00:00:00,14.4,5,3.3,0.0
2026-06-20 01:00:00,13.9,5,3.0,0.0
2026-06-20 02:00:00,13.4,41,4.6,0.0
2026-06-20 03:00:00,14.8,0,6.9,39.0
2026-06-20 04:00:00,16.8,53,7.3,164.0
2026-06-20 05:00:00,18.3,82,8.3,243.0
2026-06-20 06:00:00,19.9,89,8.9,349.0
2026-06-20 07:00:00,21.5,55,8.3,574.0
2026-06-20 08:00:00,22.5,58,10.8,647.0
2026-06-20 09:00:00,23.3,52,13.3,753.0
2026-06-20 10:00:00,23.5,31,12.4,707.0
2026-06-20 11:00:00,24.1,27,11.9,810.0
2026-06-20 12:00:00,25.0,52,11.7,766.0
2026-06-20 13:00:00,24.6,58,15.3,650.0
2026-06-20 14:00:00,24.1,66,15.8,561.0
2026-06-20 15:00:00,23.1,69,14.4,225.0
2026-06-20 16:00:00,23.1,75,9.4,276.0
2026-06-20 17:00:00,22.0,10,6.9,128.0
2026-06-20 18:00:00,20.4,16,9.3,39.0
2026-06-20 19:00:00,19.6,21,10.9,0.0
2026-06-20 20:00:00,18.8,4,9.7,0.0
2026-06-20 21:00:00,18.1,3,8.5,0.0
2026-06-20 22:00:00,17.0,2,6.8,0.0
2026-06-20 23:00:00,16.2,2,6.6,0.0
2026-06-21 00:00:00,15.2,0,6.8,0.0
2026-06-21 01:00:00,14.7,0,6.5,0.0
2026-06-21 02:00:00,14.2,0,6.1,0.0
2026-06-21 03:00:00,15.4,0,7.0,41.0
2026-06-21 04:00:00,17.4,1,7.2,164.0
2026-06-21 05:00:00,19.6,0,7.8,320.0
2026-06-21 06:00:00,22.3,0,9.0,481.0
2026-06-21 07:00:00,23.8,0,9.2,631.0
2026-06-21 08:00:00,25.0,13,11.1,756.0
2026-06-21 09:00:00,26.0,63,12.6,837.0
2026-06-21 10:00:00,26.1,100,13.5,715.0
2026-06-21 11:00:00,25.6,53,14.3,459.0
2026-06-21 12:00:00,26.3,59,14.8,696.0
2026-06-21 13:00:00,26.5,45,13.6,617.0
2026-06-21 14:00:00,26.4,26,12.1,474.0
2026-06-21 15:00:00,26.0,20,12.8,353.0
2026-06-21 16:00:00,25.0,13,11.7,208.0
2026-06-21 17:00:00,23.4,7,5.6,137.0
2026-06-21 18:00:00,21.6,29,7.4,39.0
2026-06-21 19:00:00,20.8,9,6.7,0.0
2026-06-21 20:00:00,19.5,3,3.1,0.0
2026-06-21 21:00:00,18.5,42,3.0,0.0
2026-06-21 22:00:00,17.7,38,4.2,0.0
2026-06-21 23:00:00,17.5,66,4.8,0.0
2026-06-22 00:00:00,16.4,76,4.4,0.0
2026-06-22 01:00:00,15.9,12,5.8,0.0
2026-06-22 02:00:00,15.5,0,6.7,0.0
2026-06-22 03:00:00,16.6,0,7.4,41.0
2026-06-22 04:00:00,19.0,0,7.4,162.0
2026-06-22 05:00:00,21.7,0,6.1,317.0
2026-06-22 06:00:00,24.4,0,8.8,478.0
2026-06-22 07:00:00,26.0,14,11.6,626.0
2026-06-22 08:00:00,27.0,1,12.4,751.0
2026-06-22 09:00:00,27.9,66,12.1,838.0
2026-06-22 10:00:00,28.5,26,12.4,877.0
2026-06-22 11:00:00,28.7,5,12.7,854.0
2026-06-22 12:00:00,29.1,5,14.0,801.0
2026-06-22 13:00:00,29.3,9,12.4,728.0
2026-06-22 14:00:00,29.1,27,12.6,612.0
2026-06-22 15:00:00,28.5,22,11.6,431.0
2026-06-22 16:00:00,27.6,20,10.3,282.0
2026-06-22 17:00:00,25.6,48,9.1,149.0
2026-06-22 18:00:00,23.6,35,11.8,34.0
2026-06-22 19:00:00,21.8,8,8.0,0.0
2026-06-22 20:00:00,20.5,36,6.8,0.0
2026-06-22 21:00:00,19.4,65,6.1,0.0
2026-06-22 22:00:00,18.9,52,8.0,0.0
2026-06-22 23:00:00,18.3,66,7.3,0.0
2026-06-23 00:00:00,17.8,11,7.3,0.0
2026-06-23 01:00:00,17.5,44,8.3,0.0
2026-06-23 02:00:00,17.0,38,7.1,0.0
2026-06-23 03:00:00,17.8,9,8.8,38.0
2026-06-23 04:00:00,19.2,1,7.3,155.0
2026-06-23 05:00:00,21.1,10,7.8,308.0
2026-06-23 06:00:00,22.9,36,10.7,449.0
2026-06-23 07:00:00,24.0,37,11.0,554.0
2026-06-23 08:00:00,24.7,39,10.7,617.0
2026-06-23 09:00:00,25.7,38,11.0,776.0
2026-06-23 10:00:00,26.1,52,11.6,793.0
2026-06-23 11:00:00,26.5,99,11.3,776.0
2026-06-23 12:00:00,26.8,100,10.4,670.0
2026-06-23 13:00:00,26.2,100,9.2,467.0
2026-06-23 14:00:00,24.5,99,6.7,320.0
2026-06-23 15:00:00,21.0,99,16.1,293.0
2026-06-23 16:00:00,20.4,95,6.1,153.0
2026-06-23 17:00:00,20.4,80,6.9,121.0
2026-06-23 18:00:00,19.5,28,6.8,37.0
2026-06-23 19:00:00,18.9,7,7.9,0.0
2026-06-23 20:00:00,18.6,13,8.4,0.0
2026-06-23 21:00:00,18.5,9,9.6,0.0
2026-06-23 22:00:00,18.0,2,8.1,0.0
2026-06-23 23:00:00,17.3,11,6.4,0.0
